"date","LAUTONSA","LTRUCKNSA","LTOTALNSA","TOTALNSA","LAUTOSA","LTRUCKSA","ALTSALES","TOTALSA"
1976-01-01,671,193.6,864.6,885.2,9.741,2.771,12.512,12.814
1976-02-01,747.7,225.6,973.3,994.7,10.132,2.912,13.044,13.34
1976-03-01,935.1,281,1216.1,1243.6,10.2,2.885,13.085,13.378
1976-04-01,902.7,260.5,1163.2,1191.2,9.999,2.916,12.915,13.223
1976-05-01,910,266.1,1176.1,1203.2,9.761,2.884,12.645,12.962
1976-06-01,944.2,280.7,1224.9,1254.7,9.784,2.943,12.727,13.051
1976-07-01,854.6,275.5,1130.1,1162.3,9.982,3.14,13.122,13.466
1976-08-01,753.1,241.8,994.9,1026.1,9.514,3.08,12.594,12.953
1976-09-01,784.6,240.3,1024.9,1057.9,10.144,3.065,13.209,13.61
1976-10-01,860.4,243.3,1103.7,1129.4,9.569,2.968,12.537,12.823
1976-11-01,832.3,229.7,1062,1084.4,10.032,2.974,13.006,13.332
1976-12-01,798.3,237.7,1036,1061.8,11.074,3.123,14.197,14.527
1977-01-01,716.2,228.8,945,969.9,10.716,3.303,14.019,14.396
1977-02-01,799,266.4,1065.4,1092.1,10.889,3.446,14.335,14.709
1977-03-01,1069,345,1414,1451.1,11.293,3.489,14.782,15.17
1977-04-01,1016.3,304,1320.3,1354.4,11.262,3.491,14.753,15.135
1977-05-01,1041.5,303.2,1344.7,1377.1,11.22,3.385,14.605,14.984
1977-06-01,1104.2,320.3,1424.5,1459.8,11.326,3.245,14.571,14.952
1977-07-01,901.8,269.5,1171.3,1202,11.04,3.266,14.306,14.641
1977-08-01,919.5,281.7,1201.2,1234.5,11.124,3.364,14.488,14.859
1977-09-01,817.9,255.9,1073.8,1104.6,10.836,3.438,14.274,14.65
1977-10-01,1003.2,303.3,1306.5,1341.3,10.934,3.577,14.511,14.9
1977-11-01,870.7,283.4,1154.1,1181.6,10.809,3.587,14.396,14.799
1977-12-01,786.7,274.4,1061.1,1090.6,11.102,3.687,14.789,15.175
1978-01-01,679.6,226.6,906.2,931.3,10.07,3.264,13.334,13.704
1978-02-01,768.4,274.8,1043.2,1071.4,10.45,3.519,13.969,14.363
1978-03-01,1063.9,372.6,1436.5,1480.6,10.953,3.761,14.714,15.166
1978-04-01,1028.8,339.6,1368.4,1406.5,11.786,3.971,15.757,16.198
1978-05-01,1143.5,373.1,1516.6,1557.6,11.804,4.026,15.83,16.298
1978-06-01,1119.2,386.3,1505.5,1549.4,11.811,4.057,15.868,16.348
1978-07-01,913.7,335,1248.7,1289.2,11.067,4.019,15.086,15.528
1978-08-01,944.6,339.3,1283.9,1317.1,11.654,4.022,15.676,16.045
1978-09-01,819.7,247.7,1067.4,1103.5,10.795,3.4,14.195,14.641
1978-10-01,1023.7,332.8,1356.5,1397,11.402,3.989,15.391,15.845
1978-11-01,898.6,318,1216.6,1248.7,11.1,3.915,15.015,15.484
1978-12-01,760.3,271.2,1031.5,1068.5,11.075,3.764,14.839,15.338
1979-01-01,774.1,272.2,1046.3,1077.5,10.963,3.663,14.626,15.061
1979-02-01,831.6,283.7,1115.3,1148.7,11.27,3.586,14.856,15.321
1979-03-01,1103.8,338.1,1441.9,1483.8,11.371,3.468,14.839,15.275
1979-04-01,976.3,290.1,1266.4,1304.6,10.889,3.415,14.304,14.742
1979-05-01,1042.4,294.7,1337.1,1373,10.798,3.168,13.966,14.374
1979-06-01,894.5,255.3,1149.8,1183.8,9.615,2.748,12.363,12.744
1979-07-01,876.2,251.4,1127.6,1164.4,10.613,3.099,13.712,14.112
1979-08-01,908.2,268,1176.2,1207.2,10.806,3.193,13.999,14.344
1979-09-01,766.8,235.8,1002.6,1029.6,10.715,3.238,13.953,14.292
1979-10-01,891.5,271.8,1163.3,1197.6,9.59,3.143,12.733,13.112
1979-11-01,767.7,226.8,994.5,1018.6,9.722,2.945,12.667,13.025
1979-12-01,725.7,211.7,937.4,959.7,10.354,2.844,13.198,13.496
1980-01-01,805.8,212,1017.8,1042,11.326,2.789,14.115,14.439
1980-02-01,811.6,203.9,1015.5,1038.7,10.477,2.49,12.967,13.276
1980-03-01,895.2,220.9,1116.1,1141.9,9.523,2.274,11.797,12.077
1980-04-01,743.3,181.2,924.5,946.6,8.106,2.092,10.198,10.444
1980-05-01,696.7,177.1,873.8,893.8,7.35,1.96,9.31,9.54
1980-06-01,701.9,207.6,909.5,932.7,7.949,2.232,10.181,10.449
1980-07-01,772.6,206.8,979.4,1006.6,8.947,2.434,11.381,11.664
1980-08-01,685.5,173.6,859.1,884.2,8.659,2.201,10.86,11.154
1980-09-01,674.1,149.4,823.5,847.4,8.701,1.921,10.622,10.912
1980-10-01,847.5,171.8,1019.3,1043.4,9.089,2.057,11.146,11.412
1980-11-01,698.2,156.8,855,870.5,8.907,2.107,11.014,11.257
1980-12-01,649.4,154.6,804,821.4,8.748,1.97,10.718,10.939
1981-01-01,647.5,147.9,795.4,814.3,9.043,1.993,11.036,11.282
1981-02-01,764,168.3,932.3,949.2,10.032,2.084,12.116,12.351
1981-03-01,962.7,194.2,1156.9,1178.8,10.201,1.984,12.185,12.427
1981-04-01,751.3,186.2,937.5,962.9,8.09,2.122,10.212,10.49
1981-05-01,733.6,181.1,914.7,933.1,8.07,2.066,10.136,10.354
1981-06-01,723.8,200.4,924.2,942.7,8.076,2.129,10.205,10.415
1981-07-01,706.8,168.6,875.4,896.9,8.194,2.012,10.206,10.428
1981-08-01,801.1,189,990.1,1009,10.058,2.399,12.457,12.681
1981-09-01,687.2,159.4,846.6,864.8,8.854,2.009,10.863,11.08
1981-10-01,648.8,154.9,803.7,822,7.281,1.928,9.209,9.418
1981-11-01,584.6,145.7,730.3,743,7.345,1.949,9.294,9.494
1981-12-01,522.9,133.6,656.5,673.2,7.169,1.68,8.849,9.055
1982-01-01,534.7,163.7,698.4,714.4,7.795,2.28,10.075,10.285
1982-02-01,632.5,193.8,826.3,840.5,8.316,2.409,10.725,10.924
1982-03-01,777,262.4,1039.4,1057.3,7.892,2.565,10.457,10.651
1982-04-01,668.9,189.4,858.3,877.2,7.326,2.215,9.541,9.747
1982-05-01,774.3,228.9,1003.2,1020.2,8.41,2.49,10.9,11.103
1982-06-01,651,200.3,851.3,868.4,7.312,2.108,9.42,9.613
1982-07-01,629.5,181.4,810.9,827.4,7.379,2.206,9.585,9.759
1982-08-01,608.9,171,779.9,794,7.539,2.24,9.779,9.947
1982-09-01,671.2,205.2,876.4,891.1,8.448,2.51,10.958,11.129
1982-10-01,656,171.5,827.5,840.9,7.709,2.272,9.981,10.14
1982-11-01,743.4,217.6,961,971.5,8.996,2.87,11.866,12.03
1982-12-01,632,192.7,824.7,839.3,8.632,2.441,11.073,11.249
1983-01-01,595.8,180,775.8,789.3,8.264,2.424,10.688,10.865
1983-02-01,627.8,182,809.8,821.6,8.176,2.265,10.441,10.608
1983-03-01,821.4,263.2,1084.6,1102,8.292,2.54,10.832,11.023
1983-04-01,761.9,235.2,997.1,1012.3,8.723,2.784,11.507,11.673
1983-05-01,836.6,259.4,1096,1109.9,9.062,2.803,11.865,12.028
1983-06-01,903.8,285.7,1189.5,1205.4,9.796,2.989,12.785,12.96
1983-07-01,791.6,243.3,1034.9,1051.7,9.67,3.063,12.733,12.917
1983-08-01,740.7,235.7,976.4,993.1,9.039,3.009,12.048,12.246
1983-09-01,704.8,258.9,963.7,980.4,9,3.258,12.258,12.451
1983-10-01,860.8,247.9,1108.7,1126,9.911,3.192,13.103,13.311
1983-11-01,781.7,253.9,1035.6,1050.2,9.609,3.29,12.899,13.125
1983-12-01,751.7,283.3,1035,1054,10.603,3.675,14.278,14.503
1984-01-01,778.5,262.5,1041,1056.9,10.431,3.567,13.998,14.21
1984-02-01,841.4,298.9,1140.3,1158.9,10.569,3.561,14.13,14.381
1984-03-01,963.9,365.8,1329.7,1351.5,10.236,3.731,13.967,14.21
1984-04-01,895.6,326.5,1222.1,1245.8,10.266,3.828,14.094,14.357
1984-05-01,1047,379.5,1426.5,1451.7,10.702,3.867,14.569,14.856
1984-06-01,952.4,338.3,1290.7,1315.9,10.533,3.861,14.394,14.673
1984-07-01,889.8,320.4,1210.2,1237.2,10.533,3.922,14.455,14.758
1984-08-01,814.9,291.7,1106.6,1129.6,10.231,3.775,14.006,14.279
1984-09-01,743.5,285.4,1028.9,1053.4,10.028,3.634,13.662,13.959
1984-10-01,901.5,338.7,1240.2,1266.5,10.189,4.153,14.342,14.642
1984-11-01,802.4,316.3,1118.7,1141.1,10.319,4.125,14.444,14.774
1984-12-01,759.3,290.9,1050.2,1074.8,10.645,3.661,14.306,14.602
1985-01-01,829.9,344.1,1174,1196.6,10.758,4.507,15.265,15.563
1985-02-01,833.4,356.9,1190.3,1210.6,10.839,4.593,15.432,15.724
1985-03-01,965,399.2,1364.2,1391,10.745,4.304,15.049,15.358
1985-04-01,983.3,369.6,1352.9,1380.3,10.942,4.282,15.224,15.521
1985-05-01,1068.5,404.4,1472.9,1498.9,11.079,4.191,15.27,15.561
1985-06-01,920.2,387,1307.2,1332.9,10.428,4.372,14.8,15.093
1985-07-01,892.4,420.2,1312.6,1337.6,10.371,4.851,15.222,15.498
1985-08-01,995.4,327.6,1323,1345.8,12.24,4.393,16.633,16.91
1985-09-01,1064.3,374.4,1438.7,1463.5,14.148,4.661,18.809,19.104
1985-10-01,859.1,357.9,1217,1243.2,9.48,4.407,13.887,14.185
1985-11-01,758.4,342.6,1101,1120.9,9.828,4.505,14.333,14.622
1985-12-01,808.5,362.8,1171.3,1198.8,10.88,4.507,15.387,15.711
1986-01-01,866.8,326.2,1193,1213.8,11.463,4.318,15.781,16.06
1986-02-01,829.7,335.1,1164.8,1182.2,10.798,4.328,15.126,15.371
1986-03-01,893.8,380.7,1274.5,1297.6,9.878,4.022,13.9,14.161
1986-04-01,969.3,395.5,1364.8,1390.1,11.002,4.577,15.579,15.849
1986-05-01,1068.5,438.6,1507.1,1530.3,11.323,4.715,16.038,16.302
1986-06-01,997.8,403.4,1401.2,1426.5,11.169,4.468,15.637,15.92
1986-07-01,949.7,404.3,1354,1378,10.834,4.637,15.471,15.742
1986-08-01,949,373.5,1322.5,1344.1,12.041,4.969,17.01,17.285
1986-09-01,1213.1,497.4,1710.5,1733.6,15.051,6.17,21.221,21.495
1986-10-01,902.1,343.8,1245.9,1270.6,10.258,4.258,14.516,14.793
1986-11-01,778.5,322.1,1100.6,1119.9,10.274,4.271,14.545,14.822
1986-12-01,987.4,418,1405.4,1431.1,12.777,5.005,17.782,18.079
1987-01-01,621.8,278,899.8,918.9,8.37,3.785,12.155,12.414
1987-02-01,774.4,354.2,1128.6,1148.4,10.204,4.626,14.83,15.109
1987-03-01,927,429.9,1356.9,1381.7,10.339,4.678,15.017,15.299
1987-04-01,931.3,426.9,1358.2,1385.3,10.365,4.802,15.167,15.452
1987-05-01,861.2,412.6,1273.8,1298.5,9.663,4.62,14.283,14.572
1987-06-01,935.1,459.4,1394.5,1419.6,10.27,5.071,15.341,15.619
1987-07-01,905.7,425.2,1330.9,1355.8,10.52,4.852,15.372,15.655
1987-08-01,959.2,417.2,1376.4,1400.6,11.762,5.024,16.786,17.092
1987-09-01,896.9,378.7,1275.6,1300.5,11.128,4.692,15.82,16.119
1987-10-01,794.5,373.8,1168.3,1193.2,9.236,4.739,13.975,14.258
1987-11-01,729.2,358.9,1088.1,1110.7,9.549,4.678,14.227,14.543
1987-12-01,834.6,389.4,1224,1249.2,10.642,4.712,15.354,15.645
1988-01-01,757.2,343.7,1100.9,1122.5,10.902,4.868,15.77,16.083
1988-02-01,880.5,402.4,1282.9,1308.8,11.144,5.028,16.172,16.513
1988-03-01,998.5,475.7,1474.2,1505,10.825,5.023,15.848,16.182
1988-04-01,895.1,407.9,1303,1333.5,10.401,4.8,15.201,15.545
1988-05-01,966.9,459.6,1426.5,1455.4,10.549,5.057,15.606,15.941
1988-06-01,1002.6,450.8,1453.4,1483.1,10.77,4.755,15.525,15.854
1988-07-01,856,418.7,1274.7,1302.8,10.362,5.013,15.375,15.704
1988-08-01,878.7,412,1290.7,1317,10.289,4.789,15.078,15.385
1988-09-01,822.3,373.1,1195.4,1223.2,9.96,4.75,14.71,15.047
1988-10-01,829,390.7,1219.7,1249.9,9.888,4.927,14.815,15.162
1988-11-01,786.8,378.4,1165.2,1191.1,10.158,4.88,15.038,15.394
1988-12-01,872,384.6,1256.6,1285.2,11.298,4.8,16.098,16.437
1989-01-01,711.9,346.9,1058.8,1084.2,10.087,4.93,15.017,15.372
1989-02-01,745.6,358.5,1104.1,1127.3,9.844,4.824,14.668,14.991
1989-03-01,879.2,430.7,1309.9,1337.6,9.694,4.668,14.362,14.662
1989-04-01,904.6,421.5,1326.1,1354.8,10.727,4.971,15.698,16.024
1989-05-01,963.8,445.9,1409.7,1438.4,10.267,4.675,14.942,15.267
1989-06-01,888.8,411.7,1300.5,1329.2,9.516,4.549,14.065,14.384
1989-07-01,837.1,415.1,1252.2,1279.1,9.734,4.655,14.389,14.695
1989-08-01,963.5,451.5,1415,1441.9,11.087,5.147,16.234,16.547
1989-09-01,829.9,409.7,1239.6,1263.8,10.345,5.016,15.361,15.66
1989-10-01,739.2,350.5,1089.7,1116.9,8.766,4.504,13.27,13.581
1989-11-01,672.3,353.6,1025.9,1047.6,8.536,4.532,13.068,13.37
1989-12-01,640.9,348.3,989.2,1011.9,8.719,4.554,13.273,13.55
1990-01-01,743.3,396.2,1139.5,1161.3,10.42,5.59,16.01,16.308
1990-02-01,716.5,335.5,1052,1073.4,9.479,4.587,14.066,14.363
1990-03-01,850.3,419.6,1269.9,1295.2,9.513,4.69,14.203,14.486
1990-04-01,802.1,399.4,1201.5,1226.3,9.405,4.604,14.009,14.281
1990-05-01,872.4,435.1,1307.5,1332.1,9.129,4.614,13.743,14.022
1990-06-01,857.3,424.1,1281.4,1306.1,9.225,4.642,13.867,14.149
1990-07-01,803.2,415.1,1218.3,1244.4,9.143,4.646,13.789,14.081
1990-08-01,786,387.4,1173.4,1196.9,9.192,4.39,13.582,13.859
1990-09-01,769,354,1123,1144.8,9.659,4.366,14.025,14.298
1990-10-01,787.8,357.3,1145.1,1169,9.155,4.328,13.483,13.749
1990-11-01,661.2,321,982.2,1000.5,8.601,4.276,12.877,13.134
1990-12-01,651.1,314.8,965.9,987.2,8.681,4.021,12.702,12.958
1991-01-01,554.6,267.6,822.2,839.3,7.751,3.845,11.596,11.829
1991-02-01,621.5,289.1,910.6,927.5,8.181,3.994,12.175,12.409
1991-03-01,730.3,352.7,1083,1103.1,8.555,4.061,12.616,12.848
1991-04-01,690.7,348.9,1039.6,1059.6,7.867,3.958,11.825,12.038
1991-05-01,769.5,385.5,1155,1174,8.191,4.079,12.27,12.487
1991-06-01,771.7,385,1156.7,1175.3,8.321,4.184,12.505,12.719
1991-07-01,773.2,391,1164.2,1185.2,8.553,4.189,12.742,12.972
1991-08-01,690.4,355.1,1045.5,1063,8.206,4.146,12.352,12.565
1991-09-01,671.4,373,1044.4,1062.2,8.327,4.563,12.89,13.107
1991-10-01,702,327.5,1029.5,1047.6,8.053,3.962,12.015,12.217
1991-11-01,606.5,310.8,917.3,932.1,8.195,4.169,12.364,12.576
1991-12-01,593.2,348.2,941.4,961.5,7.9,4.52,12.42,12.658
1992-01-01,560.5,290.6,851.1,867.8,8.109,4.258,12.367,12.591
1992-02-01,651.1,320.6,971.7,988.5,8.374,4.324,12.698,12.927
1992-03-01,720.4,387.8,1108.2,1128.4,8.186,4.406,12.592,12.824
1992-04-01,715.8,406.1,1121.9,1144.9,7.894,4.416,12.31,12.55
1992-05-01,733.7,416.2,1149.9,1169.7,8.242,4.618,12.86,13.098
1992-06-01,824.8,450.3,1275.1,1297,8.579,4.738,13.317,13.543
1992-07-01,733.6,402.1,1135.7,1158.2,8.167,4.433,12.6,12.853
1992-08-01,644.8,399.9,1044.7,1065.2,7.881,4.739,12.62,12.873
1992-09-01,673.7,399.9,1073.6,1095.4,8.187,4.927,13.114,13.378
1992-10-01,694.5,412.9,1107.4,1132.2,8.281,5.087,13.368,13.655
1992-11-01,601,369.3,970.3,988.6,8.139,4.819,12.958,13.218
1992-12-01,660.5,387.2,1047.7,1070.7,8.532,4.982,13.514,13.784
1993-01-01,562.2,335,897.2,915.3,8.31,4.883,13.193,13.457
1993-02-01,593.4,363.1,956.5,976.1,7.815,4.883,12.698,12.969
1993-03-01,735.1,467.6,1202.7,1228.9,8.014,5.027,13.041,13.326
1993-04-01,768.7,477.1,1245.8,1273.5,8.811,5.424,14.235,14.527
1993-05-01,812.1,504.4,1316.5,1342.2,8.775,5.437,14.212,14.519
1993-06-01,835.6,518.2,1353.8,1383.1,8.703,5.485,14.188,14.49
1993-07-01,763.5,477,1240.5,1266.9,8.691,5.452,14.143,14.451
1993-08-01,697.1,436.3,1133.4,1158.8,8.113,5.163,13.276,13.584
1993-09-01,704,434.5,1138.5,1164.6,8.276,5.4,13.676,13.99
1993-10-01,717.3,439.7,1157,1182.5,9.036,5.567,14.603,14.911
1993-11-01,667.6,448.3,1115.9,1140.9,8.937,5.602,14.539,14.882
1993-12-01,661.1,463.8,1124.9,1152.7,8.733,5.946,14.679,15.004
1994-01-01,606.1,415.8,1021.9,1045.5,8.985,6.05,15.035,15.379
1994-02-01,698.6,448.6,1147.2,1170.9,9.171,6.023,15.194,15.52
1994-03-01,876.2,565.8,1442,1472.2,9.12,5.854,14.974,15.301
1994-04-01,785.8,521.6,1307.4,1337.9,9.477,6.203,15.68,16.013
1994-05-01,814.5,539.5,1354,1382.1,8.595,5.654,14.249,14.577
1994-06-01,871.4,574.3,1445.7,1479.6,8.787,5.976,14.763,15.109
1994-07-01,713.2,477.5,1190.7,1219.5,8.668,5.854,14.522,14.875
1994-08-01,782.3,514.8,1297.1,1329.3,8.926,6.063,14.989,15.359
1994-09-01,741.8,480.5,1222.3,1252.1,8.879,6.032,14.911,15.274
1994-10-01,738,522.5,1260.5,1291.8,9.1,6.417,15.517,15.894
1994-11-01,670.7,498.5,1169.2,1197.9,9.127,6.373,15.5,15.89
1994-12-01,691.8,495.1,1186.9,1218.9,9.05,6.146,15.196,15.584
1995-01-01,581.3,419.7,1001,1031.5,8.412,5.951,14.363,14.801
1995-02-01,647.8,451.3,1099.1,1128.7,8.443,6.014,14.457,14.861
1995-03-01,798.3,568.3,1366.6,1403.3,8.706,6.159,14.865,15.256
1995-04-01,685.5,495.8,1181.3,1216,8.152,5.828,13.98,14.378
1995-05-01,824.7,567.5,1392.2,1427.5,8.51,5.908,14.418,14.806
1995-06-01,852.3,587.3,1439.6,1477.2,8.818,6.201,15.019,15.407
1995-07-01,720.8,504.1,1224.9,1255.3,8.372,5.954,14.326,14.7
1995-08-01,805.9,527.8,1333.7,1365.2,8.991,6.015,15.006,15.368
1995-09-01,713.1,471.2,1184.3,1214.4,8.824,6.135,14.959,15.338
1995-10-01,698.6,494.4,1193,1226,8.498,5.972,14.47,14.861
1995-11-01,641.4,500.2,1141.6,1169.1,8.706,6.306,15.012,15.38
1995-12-01,650.7,520.4,1171.1,1202.6,9.01,6.852,15.862,16.262
1996-01-01,564.4,459.7,1024.1,1050.6,8.044,6.405,14.449,14.812
1996-02-01,687.7,521.5,1209.2,1237.9,8.618,6.597,15.215,15.587
1996-03-01,789.5,583,1372.5,1404.4,9.028,6.651,15.679,16.044
1996-04-01,757.1,569.3,1326.4,1359.3,8.649,6.463,15.112,15.466
1996-05-01,867.2,621.8,1489,1522.9,9.055,6.569,15.624,15.993
1996-06-01,788.7,580.3,1369,1404.2,8.486,6.378,14.864,15.256
1996-07-01,728.1,556.9,1285,1317.3,8.314,6.386,14.7,15.074
1996-08-01,745.1,558,1303.1,1333.4,8.474,6.654,15.128,15.486
1996-09-01,691.8,512.2,1204,1231.4,8.557,6.627,15.184,15.534
1996-10-01,673.1,593.6,1266.7,1296.6,8.075,6.897,14.972,15.308
1996-11-01,586.3,536.9,1123.2,1146.4,8.287,7.105,15.392,15.712
1996-12-01,599.6,525.3,1124.9,1151.8,8.157,6.692,14.849,15.183
1997-01-01,608.6,480.6,1089.2,1114.6,8.661,6.671,15.332,15.682
1997-02-01,644.6,506.6,1151.2,1177.4,8.275,6.641,14.916,15.271
1997-03-01,762.3,630.6,1392.9,1425.9,8.433,7.011,15.444,15.816
1997-04-01,694.7,581.7,1276.4,1310.3,8.015,6.679,14.694,15.058
1997-05-01,767.3,635.4,1402.7,1435.8,7.975,6.742,14.717,15.088
1997-06-01,735.4,588,1323.4,1355,7.772,6.408,14.18,14.524
1997-07-01,735,609.6,1344.6,1376.6,8.347,6.847,15.194,15.568
1997-08-01,735.6,581.5,1317.1,1348.2,8.559,7.206,15.765,16.148
1997-09-01,663.6,543.8,1207.4,1238.5,7.928,6.783,14.711,15.096
1997-10-01,659.8,586.9,1246.7,1282,8.029,7.007,15.036,15.431
1997-11-01,558.5,559.3,1117.8,1146.1,8.004,7.417,15.421,15.825
1997-12-01,652.3,600.2,1252.5,1287.7,8.621,7.438,16.059,16.474
1998-01-01,522.5,494.6,1017.1,1044.1,7.453,6.947,14.4,14.789
1998-02-01,611.6,532.4,1144,1173,7.86,6.979,14.839,15.232
1998-03-01,719.9,648.9,1368.8,1405.5,7.922,7.079,15.001,15.405
1998-04-01,706.7,646.4,1353.1,1390.9,8.099,7.422,15.521,15.923
1998-05-01,789.1,719.7,1508.8,1543.9,8.579,8.07,16.649,17.057
1998-06-01,813.9,755.6,1569.5,1606.6,8.396,7.982,16.378,16.771
1998-07-01,630.7,598.9,1229.6,1264.9,7.285,6.97,14.255,14.668
1998-08-01,669.8,559.3,1229.1,1265.1,7.553,6.805,14.358,14.796
1998-09-01,680.2,597.7,1277.9,1314.4,8.299,7.563,15.862,16.313
1998-10-01,708.3,660.2,1368.5,1407.5,8.711,7.968,16.679,17.131
1998-11-01,555.9,585.2,1141.1,1176.4,7.911,7.72,15.631,16.118
1998-12-01,676.3,659.2,1335.5,1375,8.953,7.99,16.943,17.409
1999-01-01,543.5,547.2,1090.7,1123.7,8.063,8.031,16.094,16.593
1999-02-01,666.9,619.9,1286.8,1325.7,8.52,8.046,16.566,17.097
1999-03-01,784,748.4,1532.4,1580.2,8.395,7.937,16.332,16.832
1999-04-01,732.6,671.7,1404.3,1451.7,8.503,7.919,16.422,16.929
1999-05-01,826.3,762.1,1588.4,1632.6,8.762,8.297,17.059,17.564
1999-06-01,825.8,777.7,1603.5,1651.4,8.636,8.203,16.839,17.346
1999-07-01,765.9,720.6,1486.5,1529,8.794,8.377,17.171,17.688
1999-08-01,792.2,687.6,1479.8,1523.6,8.858,8.263,17.121,17.641
1999-09-01,710.2,688,1398.2,1442.5,8.55,8.566,17.116,17.662
1999-10-01,683,668.9,1351.9,1396.8,8.786,8.353,17.139,17.684
1999-11-01,633.3,642.5,1275.8,1317.2,8.814,8.258,17.072,17.62
1999-12-01,674,721.4,1395.4,1440.6,8.974,8.819,17.793,18.322
2000-01-01,616.7,588.1,1204.8,1239.3,9.306,8.808,18.114,18.635
2000-02-01,763.5,736.3,1499.8,1539.3,9.566,9.313,18.879,19.401
2000-03-01,830.2,833.3,1663.5,1713,8.971,8.851,17.822,18.343
2000-04-01,770.1,725.3,1495.4,1538.9,8.903,8.539,17.442,17.939
2000-05-01,828,791.7,1619.7,1664.9,8.877,8.59,17.467,17.943
2000-06-01,835.2,778.7,1613.9,1662.7,8.753,8.325,17.078,17.596
2000-07-01,738.4,693.6,1432,1468.6,8.596,8.255,16.851,17.316
2000-08-01,796.3,743.3,1539.6,1578.8,8.597,8.493,17.09,17.531
2000-09-01,742.5,731.9,1474.4,1506.3,8.952,9.293,18.245,18.654
2000-10-01,659.2,674.8,1334,1367.7,8.595,8.522,17.117,17.514
2000-11-01,593.7,638.6,1232.3,1260.9,8.234,8.025,16.259,16.634
2000-12-01,603.9,636.4,1240.3,1271.2,7.982,7.849,15.831,16.222
2001-01-01,586.8,581.1,1167.9,1196.3,8.709,8.542,17.251,17.652
2001-02-01,695.2,657.9,1353.1,1381.5,8.879,8.554,17.433,17.826
2001-03-01,783.9,809.7,1593.6,1627.8,8.262,8.606,16.868,17.248
2001-04-01,684.5,661.8,1346.3,1377,8.309,8.222,16.531,16.872
2001-05-01,808.9,790.9,1599.8,1635.2,8.304,8.199,16.503,16.876
2001-06-01,804.3,815.3,1619.6,1652.2,8.325,8.779,17.104,17.464
2001-07-01,660.6,686.3,1346.9,1374.6,7.86,8.263,16.123,16.463
2001-08-01,720.2,728.3,1448.5,1478.2,7.736,8.28,16.016,16.348
2001-09-01,635.1,654,1289.1,1312.5,7.739,8.317,16.056,16.365
2001-10-01,807,915.4,1722.4,1753.2,10.379,11.33,21.709,22.055
2001-11-01,597.1,727.4,1324.5,1347.9,8.339,9.386,17.725,18.031
2001-12-01,568.5,742.2,1310.7,1336.1,7.382,8.765,16.147,16.465
2002-01-01,521.1,587.382,1108.482,1129.999,7.647,8.573,16.22,16.523
2002-02-01,620,687.003,1307.003,1328.755,8.001,9.004,17.005,17.304
2002-03-01,737.9,776.83,1514.73,1541.215,8.066,8.722,16.788,17.107
2002-04-01,712.9,728.894,1441.794,1471.801,8.429,8.914,17.343,17.668
2002-05-01,753.2,753.56,1506.76,1538.496,7.825,8.019,15.844,16.197
2002-06-01,755.7,780.808,1536.508,1563.938,8.032,8.594,16.626,16.953
2002-07-01,735,789.422,1524.422,1551.996,8.598,9.231,17.829,18.147
2002-08-01,822.5,883.095,1705.595,1734.956,8.536,9.569,18.105,18.449
2002-09-01,597.9,625.99,1223.89,1250.986,7.908,8.418,16.326,16.665
2002-10-01,599.3,701.813,1301.113,1331.09,7.545,8.378,15.923,16.259
2002-11-01,566.6,636.493,1203.093,1227.557,7.843,8.352,16.195,16.52
2002-12-01,620,822.823,1442.823,1467.708,8.079,9.514,17.593,17.866
2003-01-01,539.7,548.499,1088.199,1108.279,8.06,8.366,16.426,16.708
2003-02-01,575,641.018,1216.018,1237.619,7.444,8.37,15.814,16.114
2003-03-01,687.2,762.481,1449.681,1474.819,7.575,8.598,16.173,16.467
2003-04-01,648.6,759.548,1408.148,1436.733,7.392,9.041,16.433,16.751
2003-05-01,721.9,851.651,1573.551,1601.145,7.255,8.897,16.152,16.47
2003-06-01,683.8,790.097,1473.897,1502.328,7.635,9.051,16.686,17.013
2003-07-01,674.6,834.889,1509.489,1538.781,7.563,9.214,16.777,17.117
2003-08-01,732.1,896.811,1628.911,1656.167,7.806,10.125,17.931,18.262
2003-09-01,592.4,708.876,1301.276,1329.499,7.579,9.366,16.945,17.286
2003-10-01,569.7,732.9,1302.6,1333.497,7.197,8.946,16.143,16.489
2003-11-01,554.1,704.581,1258.681,1285.36,7.745,9.452,17.197,17.563
2003-12-01,576.5,852.151,1428.651,1463.264,7.415,9.577,16.992,17.357
2004-01-01,491.1,631.421,1122.521,1149.668,7.047,9.257,16.304,16.695
2004-02-01,578,696.511,1274.511,1303.718,7.572,9.062,16.634,17.032
2004-03-01,687.5,815.22,1502.72,1540.321,7.702,9.135,16.837,17.247
2004-04-01,639.7,779.687,1419.387,1455.643,7.278,9.215,16.493,16.898
2004-05-01,740.5,884.755,1625.255,1660.854,7.862,9.897,17.759,18.186
2004-06-01,668,775.644,1443.644,1480.758,7.231,8.53,15.761,16.173
2004-07-01,681.4,871.54,1552.94,1589.173,7.379,9.491,16.87,17.309
2004-08-01,636.6,789.591,1426.191,1463.409,7.246,9.471,16.717,17.157
2004-09-01,605.7,827.918,1433.618,1470.081,7.362,10.07,17.432,17.875
2004-10-01,583.9,747.927,1331.827,1370.093,7.578,9.478,17.056,17.514
2004-11-01,518.4,677.765,1196.165,1231.197,7.532,9.38,16.912,17.362
2004-12-01,651.7,886.386,1538.086,1583.603,8,9.627,17.627,18.102
2005-01-01,487.3,573.211,1060.511,1095.851,7.449,8.921,16.37,16.889
2005-02-01,572.1,678.583,1250.683,1286.074,7.562,8.841,16.403,16.886
2005-03-01,718.9,853.685,1572.585,1615.983,7.761,9.169,16.93,17.413
2005-04-01,714.2,785.207,1499.407,1542.051,7.94,9.334,17.274,17.756
2005-05-01,690.2,805.58,1495.78,1537.321,7.513,9.415,16.928,17.414
2005-06-01,704.6,969.156,1673.756,1720.006,7.502,10.465,17.967,18.482
2005-07-01,711.4,1092.925,1804.325,1845.713,8.018,12.589,20.607,21.135
2005-08-01,697.4,783.422,1480.822,1524.158,7.795,9.122,16.917,17.418
2005-09-01,645.4,680.556,1325.956,1366.93,7.943,8.484,16.427,16.927
2005-10-01,560.8,582.272,1143.072,1184.16,7.394,7.453,14.847,15.336
2005-11-01,541.1,620.467,1161.567,1200.786,7.614,8.408,16.022,16.524
2005-12-01,617,862.707,1479.707,1525.713,7.436,9.252,16.688,17.174
2006-01-01,558.8,581.126,1139.926,1176.162,8.624,8.948,17.572,18.081
2006-02-01,569.3,687.882,1257.182,1298.13,7.586,8.929,16.515,17.071
2006-03-01,690.7,834.96,1525.66,1576.647,7.445,8.964,16.409,16.96
2006-04-01,711.4,732.379,1443.779,1489.804,7.935,8.633,16.568,17.127
2006-05-01,729.7,755.238,1484.938,1533.712,7.633,8.537,16.17,16.729
2006-06-01,713.1,782.819,1495.919,1545.268,7.59,8.762,16.352,16.9
2006-07-01,711.4,778.197,1489.597,1531.114,8.096,9.029,17.125,17.662
2006-08-01,719.4,763.117,1482.517,1530.014,7.7,8.201,15.901,16.458
2006-09-01,634.7,715.782,1350.482,1394.215,7.668,8.751,16.419,16.974
2006-10-01,544.8,668.324,1213.124,1260.626,7.496,8.826,16.322,16.865
2006-11-01,534.1,660.795,1194.895,1236.584,7.425,8.703,16.128,16.657
2006-12-01,643.9,782.189,1426.089,1476.413,7.939,8.63,16.569,17.107
2007-01-01,506.4,580.99,1087.39,1124.216,7.722,8.68,16.402,16.896
2007-02-01,560.6,690.502,1251.102,1285.136,7.636,9.068,16.704,17.169
2007-03-01,718.9,818.012,1536.912,1574.877,7.496,8.519,16.015,16.438
2007-04-01,622.9,709.502,1332.402,1365.965,7.441,8.774,16.215,16.615
2007-05-01,776.1,782.622,1558.722,1590.262,7.851,8.445,16.296,16.661
2007-06-01,716.5,733.65,1450.15,1481.21,7.521,8.302,15.823,16.179
2007-07-01,617.4,686.87,1304.27,1331.024,7.21,8.289,15.499,15.837
2007-08-01,679,792.223,1471.223,1500.386,7.314,8.72,16.034,16.379
2007-09-01,611.5,698.951,1310.451,1335.814,7.522,8.678,16.2,16.532
2007-10-01,560.1,666.489,1226.589,1256.533,7.525,8.602,16.127,16.455
2007-11-01,563.9,611.463,1175.363,1200.511,7.906,8.132,16.038,16.354
2007-12-01,628.8,755.614,1384.414,1414.147,7.603,8.115,15.718,16.03
2008-01-01,495.8,543.326,1039.126,1063.408,7.42,7.963,15.383,15.705
2008-02-01,555.5,616.18,1171.68,1196.431,7.243,7.923,15.166,15.491
2008-03-01,679.4,672.139,1351.539,1378.605,7.284,7.511,14.795,15.114
2008-04-01,656.8,586.707,1243.507,1272.999,7.326,6.942,14.268,14.605
2008-05-01,794.4,598.424,1392.824,1420.485,7.958,6.406,14.364,14.697
2008-06-01,659.7,525.573,1185.273,1212.54,7.732,6.333,14.065,14.377
2008-07-01,618.9,513.362,1132.262,1156.003,7.023,5.692,12.715,13.006
2008-08-01,627.4,619.398,1246.798,1269.113,6.895,6.939,13.834,14.119
2008-09-01,478.4,483.906,962.306,984.592,6.386,6.302,12.688,12.961
2008-10-01,427.1,407.492,834.592,859.026,5.694,4.972,10.666,10.933
2008-11-01,357.1,386.509,743.609,763.936,5.122,5.133,10.255,10.526
2008-12-01,418.7,472.618,891.318,916.12,5.148,4.993,10.141,10.383
2009-01-01,312.8,342.093,654.893,670.466,4.573,5,9.573,9.786
2009-02-01,338.5,348.674,687.174,701.635,4.467,4.556,9.023,9.223
2009-03-01,442,413.181,855.181,872.848,4.801,4.751,9.552,9.748
2009-04-01,426.5,390.825,817.325,832.588,4.645,4.552,9.197,9.379
2009-05-01,480.7,443.202,923.902,938.41,4.964,5.032,9.996,10.176
2009-06-01,452.5,404.925,857.425,874.874,5.162,4.794,9.956,10.149
2009-07-01,545.4,450.299,995.699,1011.769,6.244,5.126,11.37,11.566
2009-08-01,715.7,544.37,1260.07,1274.678,8.205,6.363,14.568,14.754
2009-09-01,394,350.198,744.198,759.633,5.007,4.34,9.347,9.535
2009-10-01,420.9,414.791,835.691,853.942,5.407,4.964,10.371,10.576
2009-11-01,368.3,376.178,744.478,761.865,5.544,5.273,10.817,11.041
2009-12-01,504.2,522.056,1026.256,1049.27,5.8,5.26,11.06,11.284
2010-01-01,356.217,340.354,696.571,712.469,5.417,5.252,10.669,10.893
2010-02-01,393.08,385.377,778.457,793.362,5.097,5.011,10.108,10.315
2010-03-01,533.45,530.182,1063.632,1083.953,5.632,5.921,11.553,11.772
2010-04-01,493.59,486.834,980.424,997.334,5.484,5.765,11.249,11.454
2010-05-01,555.18,545.575,1100.755,1117.57,5.724,6.097,11.821,12.03
2010-06-01,493.498,487.79,981.288,1000.455,5.635,5.75,11.385,11.598
2010-07-01,514.969,532.037,1047.006,1065.748,5.738,5.977,11.715,11.948
2010-08-01,490.819,503.507,994.326,1011.564,5.786,6.016,11.802,12.014
2010-09-01,463.225,492.717,955.942,973.954,5.759,5.944,11.703,11.922
2010-10-01,436.381,510.232,946.613,965.135,5.764,6.435,12.199,12.414
2010-11-01,395.715,473.965,869.68,888.085,5.664,6.406,12.07,12.3
2010-12-01,509.615,630.515,1140.13,1162.897,5.928,6.455,12.383,12.605
2011-01-01,380.294,437.844,818.138,836.366,5.8,6.747,12.547,12.806
2011-02-01,482.998,504.945,987.943,1007.082,6.242,6.573,12.815,13.081
2011-03-01,648.485,602.836,1251.321,1276.843,6.549,6.435,12.984,13.259
2011-04-01,595.951,554.522,1150.473,1173.52,6.512,6.525,13.037,13.326
2011-05-01,534.594,521.542,1056.136,1081.272,5.886,6.094,11.98,12.28
2011-06-01,513.903,529.851,1043.754,1071.229,5.673,5.908,11.581,11.886
2011-07-01,497.416,564.995,1062.411,1086.064,5.776,6.643,12.419,12.72
2011-08-01,497.583,569.214,1066.797,1094.479,5.73,6.548,12.277,12.604
2011-09-01,474.983,573.714,1048.697,1076.037,5.968,7.058,13.026,13.356
2011-10-01,470.141,549.055,1019.196,1048.258,6.381,7.01,13.391,13.73
2011-11-01,455.258,546.792,1002.05,1028.774,6.318,7.088,13.406,13.743
2011-12-01,541.255,693.645,1234.9,1268.462,6.283,7.172,13.455,13.798
2012-01-01,460.549,453.327,913.876,938.17,7.074,6.984,14.058,14.395
2012-02-01,604.028,544.832,1148.86,1175.82,7.686,6.931,14.617,14.975
2012-03-01,747.947,654.218,1402.165,1434.004,7.344,6.894,14.237,14.594
2012-04-01,614.66,561.006,1175.666,1204.471,7.325,7.083,14.408,14.769
2012-05-01,677.297,660.743,1338.04,1369.493,6.983,7.152,14.135,14.496
2012-06-01,641.885,637.862,1279.747,1310.158,6.902,7.216,14.118,14.467
2012-07-01,567.436,575.413,1142.849,1171.809,6.916,7.111,14.027,14.38
2012-08-01,633.71,641.27,1274.98,1305.342,7.004,7.087,14.092,14.444
2012-09-01,585.217,594.428,1179.645,1206.182,7.378,7.381,14.759,15.099
2012-10-01,530.897,559.401,1090.298,1119.148,7.265,7.249,14.514,14.83
2012-11-01,551.645,592.375,1144.02,1169.803,7.549,7.581,15.13,15.456
2012-12-01,629.898,713.159,1343.057,1375.084,7.524,7.597,15.121,15.462
2013-01-01,523.227,517.581,1040.808,1065.798,7.824,7.65,15.474,15.813
2013-02-01,604.217,588.805,1193.022,1217.858,7.76,7.756,15.516,15.861
2013-03-01,739.747,713.907,1453.654,1479.427,7.487,7.925,15.412,15.721
2013-04-01,639.12,644.083,1283.203,1313.768,7.478,7.973,15.451,15.811
2013-05-01,710.234,732.675,1442.909,1473.275,7.439,8.097,15.537,15.884
2013-06-01,687.169,707.105,1394.274,1425.802,7.64,8.134,15.774,16.149
2013-07-01,638.081,668.166,1306.247,1335.833,7.663,8.01,15.674,16.021
2013-08-01,734.027,764.636,1498.663,1527.483,7.613,7.873,15.486,15.827
2013-09-01,549.312,574.951,1124.263,1152.814,7.601,7.905,15.506,15.857
2013-10-01,563.78,637.882,1201.662,1235.532,7.454,7.9,15.354,15.727
2013-11-01,584.775,658.891,1243.666,1271.446,7.585,8.129,15.714,16.079
2013-12-01,612.645,735.085,1347.73,1383.676,7.491,7.972,15.463,15.835
2014-01-01,479.954,536.423,1016.377,1043.019,7.2,8.049,15.249,15.614
2014-02-01,562.538,631.769,1194.307,1221.37,7.253,8.364,15.617,15.993
2014-03-01,741.272,789.21,1530.482,1562.748,7.689,8.917,16.606,16.985
2014-04-01,656.715,717.114,1373.829,1408.232,7.575,8.705,16.28,16.695
2014-05-01,775.008,835.595,1610.603,1644.367,7.813,8.925,16.737,17.137
2014-06-01,685.301,732.318,1417.619,1451.814,8.165,8.959,17.125,17.516
2014-07-01,670.85,766.766,1437.616,1473.962,7.929,8.922,16.851,17.277
2014-08-01,752.421,819.251,1571.672,1607.315,8.067,8.74,16.808,17.239
2014-09-01,565.542,669.997,1235.539,1272.036,7.626,8.901,16.527,16.959
2014-10-01,580.947,692.751,1273.698,1312.329,7.662,8.663,16.326,16.756
2014-11-01,579.143,714.963,1294.106,1324.117,7.636,8.908,16.544,16.949
2014-12-01,658.309,838.033,1496.342,1538.534,7.882,8.876,16.757,17.178
2015-01-01,515.416,632.297,1147.713,1178.448,7.39,9.084,16.474,16.912
2015-02-01,558.177,696.341,1254.518,1285.772,7.214,9.247,16.461,16.895
2015-03-01,717.516,824.833,1542.349,1580.393,7.784,9.676,17.459,17.894
2015-04-01,646.404,797.792,1444.196,1480.427,7.516,9.733,17.249,17.689
2015-05-01,748.03,884.521,1632.551,1669.661,7.748,9.74,17.488,17.945
2015-06-01,661.216,815.01,1476.226,1519.734,7.675,9.726,17.401,17.881
2015-07-01,647.893,859.201,1507.094,1547.741,7.695,10.132,17.827,18.305
2015-08-01,670.828,889.543,1560.371,1599.332,7.726,10.214,17.94,18.407
2015-09-01,598.981,839.514,1438.495,1476.009,7.535,10.299,17.833,18.273
2015-10-01,599.661,848.98,1448.641,1487.551,7.57,10.248,17.818,18.272
2015-11-01,529.883,794.702,1324.585,1359.864,7.388,10.474,17.863,18.32
2015-12-01,634.521,996.731,1631.252,1672.392,7.101,9.98,17.081,17.492
2016-01-01,473.12,684.829,1157.949,1189.3,7.185,10.425,17.61,18.071
2016-02-01,555.913,785.962,1341.875,1375,7.188,10.452,17.64,18.08
2016-03-01,666.922,907.761,1574.683,1615.066,6.862,9.965,16.826,17.289
2016-04-01,609.499,881.265,1490.764,1525.166,6.839,10.408,17.247,17.665
2016-05-01,626.247,893.406,1519.653,1553.604,6.886,10.402,17.288,17.697
2016-06-01,605.425,908.653,1514.078,1549.801,6.837,10.497,17.334,17.729
2016-07-01,591.549,925.934,1517.483,1547.629,6.909,10.834,17.744,18.123
2016-08-01,580.788,926.404,1507.192,1540.748,6.809,10.732,17.541,17.916
2016-09-01,556.261,874.632,1430.893,1463.25,6.932,10.643,17.574,17.948
2016-10-01,507.24,861.236,1368.476,1398.361,6.633,10.973,17.606,17.967
2016-11-01,509.053,861.95,1371.003,1400.755,6.697,10.714,17.411,17.785
2016-12-01,601.329,1081.933,1683.262,1719.627,6.822,11.084,17.906,18.279
2017-01-01,412.899,726.587,1139.486,1165.212,6.261,11.008,17.27,17.635
2017-02-01,484.258,840.937,1325.195,1353.163,6.285,11.161,17.446,17.833
2017-03-01,590.597,958.234,1548.831,1583.986,6.089,10.514,16.604,16.995
2017-04-01,538.511,880.452,1418.963,1450.982,6.193,10.605,16.798,17.214
2017-05-01,562.657,947.92,1510.577,1545.127,6.043,10.708,16.751,17.158
2017-06-01,521.943,944.105,1466.048,1503.708,5.881,10.935,16.816,17.236
2017-07-01,501.895,907.808,1409.703,1442.074,5.994,10.851,16.844,17.253
2017-08-01,523.43,951.568,1474.998,1513.174,5.983,10.658,16.642,17.067
2017-09-01,535.491,982.705,1518.196,1554.253,6.383,11.525,17.908,18.331
2017-10-01,459.159,891.137,1350.296,1386.79,6.199,11.71,17.909,18.334
2017-11-01,462.019,928.318,1390.337,1425.669,6.015,11.456,17.47,17.914
2017-12-01,496.344,1101.111,1597.455,1640.989,5.744,11.599,17.343,17.801
2018-01-01,366.359,785.549,1151.908,1182.612,5.455,11.617,17.072,17.492
2018-02-01,422.315,872.379,1294.694,1329.071,5.523,11.638,17.16,17.637
2018-03-01,537.583,1110.392,1647.975,1688.494,5.323,11.755,17.079,17.561
2018-04-01,429.068,925.416,1354.484,1392.164,5.287,11.924,17.211,17.673
2018-05-01,513.695,1073.823,1587.518,1627.509,5.389,11.809,17.199,17.677
2018-06-01,483.503,1061.192,1544.695,1587.643,5.26,11.974,17.234,17.735
2018-07-01,417.24,946.647,1363.887,1404.041,5.22,11.789,17.008,17.502
2018-08-01,441.344,1041.825,1483.169,1528.37,5.096,11.794,16.89,17.393
2018-09-01,430.323,1002.67,1432.993,1475.854,5.233,12.067,17.3,17.811
2018-10-01,420.421,940.867,1361.288,1406.915,5.534,12.07,17.605,18.112
2018-11-01,401.287,982.101,1383.388,1423.054,5.221,12.22,17.441,17.939
2018-12-01,447.139,1171.81,1618.949,1667.077,5.182,12.319,17.501,18.006
2019-01-01,353.647,780.019,1133.666,1172.004,5.241,11.503,16.744,17.265
2019-02-01,365.541,886.615,1252.156,1288.921,4.814,11.86,16.674,17.185
2019-03-01,482.955,1116.533,1599.488,1643.423,4.922,12.209,17.132,17.656
2019-04-01,395.58,931.658,1327.238,1373.379,4.76,11.668,16.427,16.997
2019-05-01,454.966,1127.196,1582.162,1628.757,4.802,12.474,17.276,17.84
2019-06-01,439.956,1070.464,1510.42,1555.493,4.902,12.38,17.282,17.832
2019-07-01,382.86,1014.144,1397.004,1444.447,4.692,12.34,17.032,17.597
2019-08-01,434.234,1205.098,1639.332,1685.949,4.609,12.501,17.11,17.645
2019-09-01,339.453,928.221,1267.674,1316.202,4.596,12.565,17.161,17.714
2019-10-01,343.755,991.094,1334.849,1381.028,4.395,12.33,16.725,17.23
2019-11-01,352.631,1051.4,1404.031,1439.322,4.401,12.7,17.101,17.557
2019-12-01,374.132,1138.91,1513.042,1559.229,4.502,12.367,16.869,17.339
2020-01-01,293.24,843.32,1136.56,1168.457,4.342,12.533,16.874,17.306
2020-02-01,346.488,1004.082,1350.57,1383.714,4.272,12.609,16.881,17.337
2020-03-01,264.709,725.245,989.954,1023.317,2.847,8.4,11.247,11.635
2020-04-01,166.418,548.904,715.322,743.276,1.932,6.682,8.614,8.961
2020-05-01,258.529,860.56,1119.089,1142.705,2.661,9.47,12.131,12.438
2020-06-01,251.179,849.806,1100.985,1131.39,2.89,10.205,13.095,13.447
2020-07-01,292.561,944.082,1236.643,1268.455,3.487,11.223,14.71,15.089
2020-08-01,299.775,1018.295,1318.07,1354.397,3.469,11.777,15.246,15.677
2020-09-01,304.829,1036.27,1341.099,1379.676,3.731,12.548,16.28,16.703
2020-10-01,313.554,1045.368,1358.922,1399.305,3.806,12.596,16.402,16.852
2020-11-01,277.628,921.509,1199.137,1235.258,3.741,12.132,15.873,16.339
2020-12-01,332.928,1272.569,1605.497,1651.406,3.644,12.664,16.309,16.761
2021-01-01,249.97,856.316,1106.286,1141.709,3.798,12.981,16.779,17.287
2021-02-01,258.785,934.991,1193.776,1226.714,3.447,12.485,15.932,16.392
2021-03-01,362.479,1234.673,1597.152,1642.749,3.845,13.795,17.641,18.155
2021-04-01,350.295,1168.12,1518.415,1557.152,4.104,14.194,18.297,18.78
2021-05-01,379.673,1190.64,1570.313,1608.628,3.931,12.961,16.891,17.392
2021-06-01,314.867,987.346,1302.213,1342.999,3.652,11.819,15.471,15.948
2021-07-01,304.747,976.056,1280.803,1316.697,3.494,11.169,14.663,15.104
2021-08-01,254.242,838.419,1092.661,1128.965,3.076,10.01,13.086,13.503
2021-09-01,222.801,793.134,1015.935,1052.965,2.745,9.543,12.287,12.692
2021-10-01,208.849,842.166,1051.015,1089.348,2.608,10.439,13.047,13.486
2021-11-01,204.787,809.624,1014.411,1049.604,2.705,10.33,13.035,13.474
2021-12-01,238.555,965.438,1203.993,1251.035,2.686,9.854,12.54,13.004
2022-01-01,201.755,789.82,991.575,1022.365,3.06,11.988,15.049,15.49
2022-02-01,217.068,828.556,1045.624,1077.895,2.9,11.077,13.977,14.429
2022-03-01,262.59,991.468,1254.058,1295.419,2.708,10.706,13.413,13.881
2022-04-01,265.312,960.205,1225.517,1261.008,2.995,11.282,14.277,14.719
