"date","ICSA","CCSA","IC4WSA"
1967-01-07,208000,1134000,NA
1967-01-14,207000,1119000,NA
1967-01-21,217000,1119000,NA
1967-01-28,204000,1103000,209000
1967-02-04,216000,1131000,211000
1967-02-11,229000,1153000,216500
1967-02-18,229000,1167000,219500
1967-02-25,242000,1199000,229000
1967-03-04,310000,1235000,252500
1967-03-11,241000,1234000,255500
1967-03-18,245000,1236000,259500
1967-03-25,247000,1268000,260750
1967-04-01,259000,1291000,248000
1967-04-08,257000,1273000,252000
1967-04-15,299000,1278000,265500
1967-04-22,245000,1277000,265000
1967-04-29,255000,1286000,264000
1967-05-06,254000,1308000,263250
1967-05-13,231000,1284000,246250
1967-05-20,230000,1265000,242500
1967-05-27,228000,1253000,235750
1967-06-03,248000,1265000,234250
1967-06-10,238000,1251000,236000
1967-06-17,224000,1248000,234500
1967-06-24,218000,1220000,232000
1967-07-01,209000,1193000,222250
1967-07-08,240000,1248000,222750
1967-07-15,241000,1258000,227000
1967-07-22,240000,1252000,232500
1967-07-29,209000,1280000,232500
1967-08-05,221000,1240000,227750
1967-08-12,202000,1215000,218000
1967-08-19,215000,1202000,211750
1967-08-26,213000,1180000,212750
1967-09-02,218000,1204000,212000
1967-09-09,231000,1189000,219250
1967-09-16,220000,1179000,220500
1967-09-23,209000,1178000,219500
1967-09-30,204000,1157000,216000
1967-10-07,231000,1165000,216000
1967-10-14,206000,1189000,212500
1967-10-21,223000,1174000,216000
1967-10-28,207000,1161000,216750
1967-11-04,222000,1176000,214500
1967-11-11,214000,1142000,216500
1967-11-18,198000,1133000,210250
1967-11-25,191000,1142000,206250
1967-12-02,196000,1150000,199750
1967-12-09,221000,1153000,201500
1967-12-16,204000,1188000,203000
1967-12-23,219000,1195000,210000
1967-12-30,216000,1167000,215000
1968-01-06,222000,1158000,215250
1968-01-13,222000,1187000,219750
1968-01-20,221000,1191000,220250
1968-01-27,198000,1157000,215750
1968-02-03,244000,1173000,221250
1968-02-10,210000,1175000,218250
1968-02-17,196000,1143000,212000
1968-02-24,193000,1165000,210750
1968-03-02,190000,1151000,197250
1968-03-09,204000,1147000,195750
1968-03-16,190000,1143000,194250
1968-03-23,2e+05,1136000,196000
1968-03-30,192000,1119000,196500
1968-04-06,191000,1079000,193250
1968-04-13,171000,1079000,188500
1968-04-20,183000,1059000,184250
1968-04-27,251000,1087000,199000
1968-05-04,209000,1079000,203500
1968-05-11,194000,1091000,209250
1968-05-18,199000,1071000,213250
1968-05-25,194000,1073000,199000
1968-06-01,199000,1063000,196500
1968-06-08,192000,1097000,196000
1968-06-15,194000,1071000,194750
1968-06-22,189000,1060000,193500
1968-06-29,194000,1038000,192250
1968-07-06,214000,1097000,197750
1968-07-13,186000,1076000,195750
1968-07-20,180000,1033000,193500
1968-07-27,205000,1036000,196250
1968-08-03,206000,1072000,194250
1968-08-10,218000,1088000,202250
1968-08-17,192000,1107000,205250
1968-08-24,193000,1094000,202250
1968-08-31,188000,1064000,197750
1968-09-07,189000,1067000,190500
1968-09-14,195000,1044000,191250
1968-09-21,191000,1047000,190750
1968-09-28,189000,1048000,191000
1968-10-05,185000,1060000,190000
1968-10-12,186000,1045000,187750
1968-10-19,191000,1035000,187750
1968-10-26,182000,1033000,186000
1968-11-02,181000,1028000,185000
1968-11-09,183000,1028000,184250
1968-11-16,192000,1076000,184500
1968-11-23,199000,1023000,188750
1968-11-30,162000,1056000,184000
1968-12-07,188000,1063000,185250
1968-12-14,195000,1061000,186000
1968-12-21,192000,1063000,184250
1968-12-28,223000,1116000,199500
1969-01-04,190000,1118000,2e+05
1969-01-11,191000,1099000,199000
1969-01-18,192000,1072000,199000
1969-01-25,193000,1077000,191500
1969-02-01,203000,1099000,194750
1969-02-08,197000,1088000,196250
1969-02-15,192000,1115000,196250
1969-02-22,192000,1092000,196000
1969-03-01,201000,1098000,195500
1969-03-08,191000,1099000,194000
1969-03-15,189000,1080000,193250
1969-03-22,181000,1071000,190500
1969-03-29,183000,1041000,186000
1969-04-05,182000,1076000,183750
1969-04-12,190000,1050000,184000
1969-04-19,187000,1025000,185500
1969-04-26,177000,992000,184000
1969-05-03,177000,1003000,182750
1969-05-10,183000,1018000,181000
1969-05-17,179000,1007000,179000
1969-05-24,180000,1006000,179750
1969-05-31,187000,988000,182250
1969-06-07,192000,992000,184500
1969-06-14,182000,1010000,185250
1969-06-21,191000,1012000,188000
1969-06-28,203000,1021000,192000
1969-07-05,227000,1072000,200750
1969-07-12,210000,1092000,207750
1969-07-19,206000,1072000,211500
1969-07-26,192000,1110000,208750
1969-08-02,196000,1126000,201000
1969-08-09,203000,1093000,199250
1969-08-16,199000,1067000,197500
1969-08-23,199000,1060000,199250
1969-08-30,195000,1074000,199000
1969-09-06,182000,1111000,193750
1969-09-13,209000,1082000,196250
1969-09-20,195000,1083000,195250
1969-09-27,193000,1086000,194750
1969-10-04,193000,1103000,197500
1969-10-11,2e+05,1100000,195250
1969-10-18,199000,1118000,196250
1969-10-25,205000,1136000,199250
1969-11-01,198000,1143000,200500
1969-11-08,211000,1146000,203250
1969-11-15,197000,1181000,202750
1969-11-22,217000,1158000,205750
1969-11-29,202000,1211000,206750
1969-12-06,202000,1226000,204500
1969-12-13,222000,1233000,210750
1969-12-20,232000,1252000,214500
1969-12-27,223000,1304000,219750
1970-01-03,230000,1332000,226750
1970-01-10,242000,1353000,231750
1970-01-17,268000,1371000,240750
1970-01-24,256000,1388000,249000
1970-01-31,239000,1385000,251250
1970-02-07,256000,1397000,254750
1970-02-14,265000,1445000,254000
1970-02-21,271000,1412000,257750
1970-02-28,242000,1430000,258500
1970-03-07,262000,1443000,260000
1970-03-14,271000,1456000,261500
1970-03-21,264000,1498000,259750
1970-03-28,276000,1537000,268250
1970-04-04,273000,1573000,271000
1970-04-11,305000,1586000,279500
1970-04-18,374000,1653000,307000
1970-04-25,349000,1748000,325250
1970-05-02,334000,1811000,340500
1970-05-09,318000,1847000,343750
1970-05-16,303000,1840000,326000
1970-05-23,296000,1827000,312750
1970-05-30,301000,1807000,304500
1970-06-06,301000,1817000,300250
1970-06-13,298000,1852000,299000
1970-06-20,296000,1864000,299000
1970-06-27,291000,1866000,296500
1970-07-04,277000,1853000,290500
1970-07-11,288000,1868000,288000
1970-07-18,294000,1877000,287500
1970-07-25,287000,1918000,286500
1970-08-01,261000,1900000,282500
1970-08-08,266000,1890000,277000
1970-08-15,3e+05,1933000,278500
1970-08-22,303000,1970000,282500
1970-08-29,297000,2005000,291500
1970-09-05,324000,1996000,306000
1970-09-12,292000,2068000,304000
1970-09-19,325000,2069000,309500
1970-09-26,333000,2092000,318500
1970-10-03,350000,2164000,325000
1970-10-10,327000,2207000,333750
1970-10-17,334000,2210000,336000
1970-10-24,330000,2257000,335250
1970-10-31,327000,2233000,329500
1970-11-07,336000,2279000,331750
1970-11-14,314000,2343000,326750
1970-11-21,314000,2285000,322750
1970-11-28,337000,2292000,325250
1970-12-05,308000,2276000,318250
1970-12-12,306000,2193000,316250
1970-12-19,289000,2224000,310000
1970-12-26,321000,2147000,306000
1971-01-02,303000,2102000,304750
1971-01-09,288000,2124000,300250
1971-01-16,299000,2100000,302750
1971-01-23,312000,2091000,300500
1971-01-30,292000,2086000,297750
1971-02-06,296000,2120000,299750
1971-02-13,282000,2079000,295500
1971-02-20,268000,2120000,284500
1971-02-27,290000,2081000,284000
1971-03-06,297000,2132000,284250
1971-03-13,287000,2126000,285500
1971-03-20,291000,2140000,291250
1971-03-27,3e+05,2157000,293750
1971-04-03,299000,2135000,294250
1971-04-10,279000,2156000,292250
1971-04-17,284000,2163000,290500
1971-04-24,288000,2127000,287500
1971-05-01,290000,2157000,285250
1971-05-08,293000,2179000,288750
1971-05-15,284000,2179000,288750
1971-05-22,295000,2167000,290500
1971-05-29,299000,2171000,292750
1971-06-05,301000,2194000,294750
1971-06-12,295000,2199000,297500
1971-06-19,299000,2182000,298500
1971-06-26,291000,2172000,296500
1971-07-03,277000,2116000,290500
1971-07-10,264000,2130000,282750
1971-07-17,313000,2087000,286250
1971-07-24,304000,2129000,289500
1971-07-31,308000,2150000,297250
1971-08-07,349000,2174000,318500
1971-08-14,325000,2202000,321500
1971-08-21,320000,2186000,325500
1971-08-28,307000,2188000,325250
1971-09-04,359000,2228000,327750
1971-09-11,312000,2250000,324500
1971-09-18,302000,2246000,320000
1971-09-25,308000,2233000,320250
1971-10-02,299000,2216000,305250
1971-10-09,313000,2247000,305500
1971-10-16,299000,2190000,304750
1971-10-23,294000,2176000,301250
1971-10-30,283000,2194000,297250
1971-11-06,301000,2204000,294250
1971-11-13,295000,2134000,293250
1971-11-20,274000,2134000,288250
1971-11-27,278000,2111000,287000
1971-12-04,299000,2117000,286500
1971-12-11,280000,2085000,282750
1971-12-18,269000,2109000,281500
1971-12-25,244000,2037000,273000
1972-01-01,279000,1934000,268000
1972-01-08,295000,1931000,271750
1972-01-15,250000,1923000,267000
1972-01-22,263000,1907000,271750
1972-01-29,269000,1921000,269250
1972-02-05,276000,1941000,264500
1972-02-12,266000,1960000,268500
1972-02-19,258000,1902000,267250
1972-02-26,254000,1903000,263500
1972-03-04,257000,1905000,258750
1972-03-11,264000,1906000,258250
1972-03-18,266000,1907000,260250
1972-03-25,264000,1877000,262750
1972-04-01,258000,1913000,263000
1972-04-08,274000,1910000,265500
1972-04-15,259000,1891000,263750
1972-04-22,259000,1855000,262500
1972-04-29,265000,1870000,264250
1972-05-06,271000,1893000,263500
1972-05-13,266000,1874000,265250
1972-05-20,267000,1863000,267250
1972-05-27,267000,1871000,267750
1972-06-03,264000,1857000,266000
1972-06-10,268000,1870000,266500
1972-06-17,275000,1855000,268500
1972-06-24,286000,1871000,273250
1972-07-01,350000,1935000,294750
1972-07-08,297000,1977000,302000
1972-07-15,318000,1947000,312750
1972-07-22,276000,1962000,310250
1972-07-29,247000,1928000,284500
1972-08-05,250000,1855000,272750
1972-08-12,246000,1812000,254750
1972-08-19,256000,1794000,249750
1972-08-26,262000,1792000,253500
1972-09-02,258000,1838000,255500
1972-09-09,259000,1802000,258750
1972-09-16,258000,1799000,259250
1972-09-23,255000,1791000,257500
1972-09-30,251000,1763000,255750
1972-10-07,263000,1771000,256750
1972-10-14,250000,1760000,254750
1972-10-21,257000,1733000,255250
1972-10-28,234000,1750000,251000
1972-11-04,255000,1722000,249000
1972-11-11,242000,1736000,247000
1972-11-18,271000,1727000,250500
1972-11-25,235000,1743000,250750
1972-12-02,226000,1676000,243500
1972-12-09,252000,1681000,246000
1972-12-16,263000,1756000,244000
1972-12-23,246000,1697000,246750
1972-12-30,225000,1663000,246500
1973-01-06,226000,1617000,240000
1973-01-13,245000,1660000,235500
1973-01-20,229000,1607000,231250
1973-01-27,214000,1601000,228500
1973-02-03,228000,1596000,229000
1973-02-10,226000,1594000,224250
1973-02-17,216000,1582000,221000
1973-02-24,218000,1582000,222000
1973-03-03,225000,1579000,221250
1973-03-10,229000,1584000,222000
1973-03-17,228000,1578000,225000
1973-03-24,232000,1562000,228500
1973-03-31,222000,1547000,227750
1973-04-07,247000,1552000,232250
1973-04-14,230000,1539000,232750
1973-04-21,243000,1573000,235500
1973-04-28,236000,1551000,239000
1973-05-05,248000,1560000,239250
1973-05-12,238000,1557000,241250
1973-05-19,237000,1553000,239750
1973-05-26,238000,1567000,240250
1973-06-02,232000,1556000,236250
1973-06-09,246000,1563000,238250
1973-06-16,237000,1576000,238250
1973-06-23,242000,1570000,239250
1973-06-30,237000,1571000,240500
1973-07-07,248000,1605000,241000
1973-07-14,232000,1605000,239750
1973-07-21,241000,1594000,239500
1973-07-28,250000,1603000,242750
1973-08-04,256000,1633000,244750
1973-08-11,265000,1679000,253000
1973-08-18,258000,1672000,257250
1973-08-25,254000,1675000,258250
1973-09-01,242000,1681000,254750
1973-09-08,252000,1688000,251500
1973-09-15,245000,1666000,248250
1973-09-22,246000,1658000,246250
1973-09-29,249000,1658000,248000
1973-10-06,236000,1657000,244000
1973-10-13,246000,1679000,244250
1973-10-20,249000,1646000,245000
1973-10-27,235000,1675000,241500
1973-11-03,246000,1669000,244000
1973-11-10,282000,1702000,253000
1973-11-17,254000,1698000,254250
1973-11-24,233000,1755000,253750
1973-12-01,256000,1692000,256250
1973-12-08,266000,1717000,252250
1973-12-15,272000,1779000,256750
1973-12-22,326000,1836000,280000
1973-12-29,3e+05,1805000,291000
1974-01-05,269000,1934000,291750
1974-01-12,340000,1949000,308750
1974-01-19,321000,1995000,307500
1974-01-26,291000,1950000,305250
1974-02-02,302000,1963000,313500
1974-02-09,369000,2010000,320750
1974-02-16,311000,2049000,318250
1974-02-23,292000,2027000,318500
1974-03-02,301000,2020000,318250
1974-03-09,305000,2054000,302250
1974-03-16,315000,2068000,303250
1974-03-23,314000,2074000,308750
1974-03-30,323000,2062000,314250
1974-04-06,296000,2066000,312000
1974-04-13,297000,2072000,307500
1974-04-20,296000,2081000,303000
1974-04-27,283000,2045000,293000
1974-05-04,287000,2056000,290750
1974-05-11,296000,2041000,290500
1974-05-18,298000,2053000,291000
1974-05-25,309000,2057000,297500
1974-06-01,278000,2079000,295250
1974-06-08,314000,2067000,299750
1974-06-15,303000,2095000,301000
1974-06-22,308000,2066000,300750
1974-06-29,325000,2074000,312500
1974-07-06,311000,2160000,311750
1974-07-13,304000,2125000,312000
1974-07-20,303000,2109000,310750
1974-07-27,320000,2097000,309500
1974-08-03,335000,2147000,315500
1974-08-10,347000,2171000,326250
1974-08-17,332000,2168000,333500
1974-08-24,343000,2172000,339250
1974-08-31,350000,2211000,343000
1974-09-07,350000,2265000,343750
1974-09-14,357000,2274000,350000
1974-09-21,370000,2273000,356750
1974-09-28,366000,2306000,360750
1974-10-05,371000,2360000,366000
1974-10-12,413000,2396000,380000
1974-10-19,389000,2519000,384750
1974-10-26,414000,2520000,396750
1974-11-02,406000,2623000,405500
1974-11-09,441000,2699000,412500
1974-11-16,449000,2862000,427500
1974-11-23,518000,2748000,453500
1974-11-30,474000,3086000,470500
1974-12-07,528000,3178000,492250
1974-12-14,510000,3291000,507500
1974-12-21,521000,3300000,508250
1974-12-28,537000,3396000,524000
1975-01-04,456000,3554000,506000
1975-01-11,554000,3557000,517000
1975-01-18,575000,3658000,530500
1975-01-25,555000,3708000,535000
1975-02-01,559000,3738000,560750
1975-02-08,545000,3856000,558500
1975-02-15,530000,3863000,547250
1975-02-22,544000,3969000,544500
1975-03-01,546000,4023000,541250
1975-03-08,551000,4147000,542750
1975-03-15,531000,4195000,543000
1975-03-22,550000,4201000,544500
1975-03-29,555000,4310000,546750
1975-04-05,537000,4428000,543250
1975-04-12,520000,4449000,540500
1975-04-19,531000,4497000,535750
1975-04-26,513000,4520000,525250
1975-05-03,505000,4604000,517250
1975-05-10,507000,4597000,514000
1975-05-17,514000,4592000,509750
1975-05-24,493000,4461000,504750
1975-05-31,475000,4637000,497250
1975-06-07,529000,4484000,502750
1975-06-14,497000,4529000,498500
1975-06-21,497000,4406000,499500
1975-06-28,459000,4090000,495500
1975-07-05,423000,4239000,469000
1975-07-12,446000,4057000,456250
1975-07-19,445000,4208000,443250
1975-07-26,454000,4075000,442000
1975-08-02,454000,4015000,449750
1975-08-09,459000,4028000,453000
1975-08-16,444000,3934000,452750
1975-08-23,457000,3940000,453500
1975-08-30,446000,3854000,451500
1975-09-06,447000,3969000,448500
1975-09-13,456000,3880000,451500
1975-09-20,433000,3880000,445500
1975-09-27,445000,3851000,445250
1975-10-04,426000,3868000,440000
1975-10-11,429000,3675000,433250
1975-10-18,404000,3720000,426000
1975-10-25,426000,3662000,421250
1975-11-01,414000,3607000,418250
1975-11-08,415000,3546000,414750
1975-11-15,386000,3551000,410250
1975-11-22,401000,3377000,404000
1975-11-29,387000,3391000,397250
1975-12-06,373000,3331000,386750
1975-12-13,368000,3266000,382250
1975-12-20,365000,3124000,373250
1975-12-27,391000,3072000,374250
1976-01-03,362000,3214000,371500
1976-01-10,402000,3084000,380000
1976-01-17,370000,3026000,381250
1976-01-24,363000,2957000,374250
1976-01-31,359000,2895000,373500
1976-02-07,353000,2912000,361250
1976-02-14,344000,2867000,354750
1976-02-21,347000,2862000,350750
1976-02-28,349000,2822000,348250
1976-03-06,348000,2853000,347000
1976-03-13,360000,2837000,351000
1976-03-20,368000,2852000,356250
1976-03-27,366000,2830000,360500
1976-04-03,380000,2859000,368500
1976-04-10,373000,2840000,371750
1976-04-17,361000,2890000,370000
1976-04-24,367000,2900000,370250
1976-05-01,385000,2940000,371500
1976-05-08,395000,2941000,377000
1976-05-15,382000,2947000,382250
1976-05-22,394000,2961000,389000
1976-05-29,402000,2916000,393250
1976-06-05,382000,2970000,390000
1976-06-12,407000,2950000,396250
1976-06-19,399000,3003000,397500
1976-06-26,387000,3035000,393750
1976-07-03,394000,2958000,396750
1976-07-10,372000,2995000,388000
1976-07-17,406000,3011000,389750
1976-07-24,394000,3019000,391500
1976-07-31,388000,2996000,390000
1976-08-07,378000,3007000,391500
1976-08-14,382000,2990000,385500
1976-08-21,4e+05,2983000,387000
1976-08-28,394000,3081000,388500
1976-09-04,421000,2988000,399250
1976-09-11,383000,3092000,399500
1976-09-18,403000,3097000,400250
1976-09-25,423000,3103000,407500
1976-10-02,408000,3104000,404250
1976-10-09,411000,3119000,411250
1976-10-16,403000,3074000,411250
1976-10-23,409000,3088000,407750
1976-10-30,414000,3080000,409250
1976-11-06,390000,3079000,404000
1976-11-13,383000,3064000,399000
1976-11-20,408000,3061000,398750
1976-11-27,377000,3019000,389500
1976-12-04,402000,2994000,392500
1976-12-11,395000,2978000,395500
1976-12-18,365000,2900000,384750
1976-12-25,333000,2822000,373750
1977-01-01,380000,2818000,368250
1977-01-08,416000,2764000,373500
1977-01-15,368000,2841000,374250
1977-01-22,423000,2834000,396750
1977-01-29,422000,2879000,407250
1977-02-05,565000,2956000,444500
1977-02-12,477000,2904000,471750
1977-02-19,399000,2772000,465750
1977-02-26,362000,2764000,450750
1977-03-05,361000,2717000,399750
1977-03-12,355000,2728000,369250
1977-03-19,369000,2695000,361750
1977-03-26,356000,2671000,360250
1977-04-02,350000,2655000,357500
1977-04-09,376000,2717000,362750
1977-04-16,361000,2680000,360750
1977-04-23,375000,2660000,365500
1977-04-30,375000,2644000,371750
1977-05-07,384000,2618000,373750
1977-05-14,381000,2635000,378750
1977-05-21,375000,2647000,378750
1977-05-28,381000,2625000,380250
1977-06-04,363000,2650000,375000
1977-06-11,358000,2589000,369250
1977-06-18,359000,2622000,365250
1977-06-25,365000,2616000,361250
1977-07-02,350000,2572000,358000
1977-07-09,361000,2563000,358750
1977-07-16,366000,2591000,360500
1977-07-23,365000,2584000,360500
1977-07-30,365000,2605000,364250
1977-08-06,378000,2605000,368500
1977-08-13,359000,2618000,366750
1977-08-20,367000,2612000,367250
1977-08-27,365000,2607000,367250
1977-09-03,374000,2571000,366250
1977-09-10,359000,2601000,366250
1977-09-17,362000,2605000,365000
1977-09-24,380000,2581000,368750
1977-10-01,348000,2583000,362250
1977-10-08,365000,2575000,363750
1977-10-15,358000,2575000,362750
1977-10-22,375000,2561000,361500
1977-10-29,349000,2587000,361750
1977-11-05,366000,2535000,362000
1977-11-12,334000,2592000,356000
1977-11-19,360000,2527000,352250
1977-11-26,354000,2620000,353500
1977-12-03,367000,2505000,353750
1977-12-10,364000,2529000,361250
1977-12-17,359000,2558000,361000
1977-12-24,344000,2482000,358500
1977-12-31,364000,2461000,357750
1978-01-07,346000,2456000,353250
1978-01-14,343000,2418000,349250
1978-01-21,352000,2522000,351250
1978-01-28,363000,2578000,351000
1978-02-04,360000,2468000,354500
1978-02-11,373000,2656000,362000
1978-02-18,429000,2545000,381250
1978-02-25,371000,2553000,383250
1978-03-04,355000,2529000,382000
1978-03-11,359000,2526000,378500
1978-03-18,347000,2471000,358000
1978-03-25,335000,2473000,349000
1978-04-01,333000,2453000,343500
1978-04-08,345000,2397000,340000
1978-04-15,309000,2339000,330500
1978-04-22,319000,2287000,326500
1978-04-29,324000,2272000,324250
1978-05-06,334000,2246000,321500
1978-05-13,322000,2231000,324750
1978-05-20,334000,2238000,328500
1978-05-27,318000,2211000,327000
1978-06-03,310000,2224000,321000
1978-06-10,331000,2189000,323250
1978-06-17,326000,2225000,321250
1978-06-24,330000,2249000,324250
1978-07-01,348000,2242000,333750
1978-07-08,356000,2331000,340000
1978-07-15,352000,2328000,346500
1978-07-22,349000,2321000,351250
1978-07-29,346000,2344000,350750
1978-08-05,365000,2395000,353000
1978-08-12,354000,2422000,353500
1978-08-19,343000,2405000,352000
1978-08-26,333000,2370000,348750
1978-09-02,313000,2336000,335750
1978-09-09,337000,2278000,331500
1978-09-16,322000,2271000,326250
1978-09-23,323000,2247000,323750
1978-09-30,318000,2217000,325000
1978-10-07,343000,2219000,326500
1978-10-14,316000,2274000,325000
1978-10-21,338000,2207000,328750
1978-10-28,316000,2222000,328250
1978-11-04,317000,2188000,321750
1978-11-11,304000,2200000,318750
1978-11-18,342000,2158000,319750
1978-11-25,359000,2349000,330500
1978-12-02,377000,2248000,345500
1978-12-09,344000,2292000,355500
1978-12-16,347000,2328000,356750
1978-12-23,352000,2276000,355000
1978-12-30,358000,2289000,350250
1979-01-06,359000,2366000,354000
1979-01-13,392000,2368000,365250
1979-01-20,337000,2403000,361500
1979-01-27,342000,2393000,357500
1979-02-03,348000,2411000,354750
1979-02-10,359000,2412000,346500
1979-02-17,367000,2383000,354000
1979-02-24,360000,2451000,358500
1979-03-03,355000,2451000,360250
1979-03-10,363000,2413000,361250
1979-03-17,359000,2377000,359250
1979-03-24,353000,2353000,357500
1979-03-31,360000,2335000,358750
1979-04-07,465000,2368000,384250
1979-04-14,457000,2467000,408750
1979-04-21,383000,2408000,416250
1979-04-28,357000,2351000,415500
1979-05-05,353000,2292000,387500
1979-05-12,344000,2261000,359250
1979-05-19,346000,2238000,350000
1979-05-26,349000,2246000,348000
1979-06-02,336000,2260000,343750
1979-06-09,365000,2207000,349000
1979-06-16,351000,2234000,350250
1979-06-23,379000,2275000,357750
1979-06-30,369000,2282000,366000
1979-07-07,368000,2368000,366750
1979-07-14,368000,2356000,371000
1979-07-21,395000,2335000,375000
1979-07-28,386000,2375000,379250
1979-08-04,412000,2422000,390250
1979-08-11,386000,2466000,394750
1979-08-18,387000,2474000,392750
1979-08-25,390000,2471000,393750
1979-09-01,389000,2448000,388000
1979-09-08,378000,2432000,386000
1979-09-15,384000,2431000,385250
1979-09-22,388000,2404000,384750
1979-09-29,390000,2426000,385000
1979-10-06,412000,2428000,393500
1979-10-13,393000,2535000,395750
1979-10-20,406000,2475000,400250
1979-10-27,398000,2522000,402250
1979-11-03,395000,2569000,398000
1979-11-10,414000,2537000,403250
1979-11-17,430000,2656000,409250
1979-11-24,414000,2648000,413250
1979-12-01,416000,2698000,418500
1979-12-08,415000,2685000,418750
1979-12-15,411000,2712000,414000
1979-12-22,471000,2674000,428250
1979-12-29,428000,2725000,431250
1980-01-05,394000,2749000,426000
1980-01-12,405000,2778000,424500
1980-01-19,446000,2783000,418250
1980-01-26,412000,2817000,414250
1980-02-02,404000,2864000,416750
1980-02-09,425000,2867000,421750
1980-02-16,415000,2877000,414000
1980-02-23,428000,2866000,418000
1980-03-01,409000,2848000,419250
1980-03-08,418000,2883000,417500
1980-03-15,432000,2888000,421750
1980-03-22,435000,2921000,423500
1980-03-29,475000,2866000,440000
1980-04-05,464000,3007000,451500
1980-04-12,544000,3085000,479500
1980-04-19,548000,3188000,507750
1980-04-26,563000,3226000,529750
1980-05-03,572000,3334000,556750
1980-05-10,601000,3417000,571000
1980-05-17,642000,3544000,594500
1980-05-24,627000,3698000,610500
1980-05-31,637000,3731000,626750
1980-06-07,610000,3781000,629000
1980-06-14,592000,3779000,616500
1980-06-21,599000,3858000,609500
1980-06-28,627000,3912000,607000
1980-07-05,579000,3823000,599250
1980-07-12,533000,3836000,584500
1980-07-19,567000,3872000,576500
1980-07-26,558000,3851000,559250
1980-08-02,569000,3789000,556750
1980-08-09,533000,3862000,556750
1980-08-16,525000,3813000,546250
1980-08-23,512000,3754000,534750
1980-08-30,502000,3808000,518000
1980-09-06,511000,3698000,512500
1980-09-13,492000,3699000,504250
1980-09-20,465000,3698000,492500
1980-09-27,463000,3679000,482750
1980-10-04,462000,3672000,470500
1980-10-11,447000,3549000,459250
1980-10-18,425000,3477000,449250
1980-10-25,418000,3527000,438000
1980-11-01,419000,3391000,427250
1980-11-08,407000,3380000,417250
1980-11-15,427000,3260000,417750
1980-11-22,398000,3303000,412750
1980-11-29,412000,3169000,411000
1980-12-06,416000,3185000,413250
1980-12-13,413000,3125000,409750
1980-12-20,412000,3056000,413250
1980-12-27,399000,3136000,410000
1981-01-03,410000,3123000,408500
1981-01-10,419000,3082000,410000
1981-01-17,421000,3023000,412250
1981-01-24,396000,2988000,411500
1981-01-31,419000,2975000,413750
1981-02-07,420000,2945000,414000
1981-02-14,423000,3043000,414500
1981-02-21,438000,3023000,425000
1981-02-28,434000,2901000,428750
1981-03-07,409000,2931000,426000
1981-03-14,408000,2905000,422250
1981-03-21,401000,2885000,413000
1981-03-28,412000,2876000,407500
1981-04-04,417000,2875000,409500
1981-04-11,396000,2800000,406500
1981-04-18,392000,2860000,404250
1981-04-25,436000,2893000,410250
1981-05-02,413000,2944000,409250
1981-05-09,423000,2887000,416000
1981-05-16,414000,2865000,421500
1981-05-23,415000,2862000,416250
1981-05-30,417000,2962000,417250
1981-06-06,428000,2877000,418500
1981-06-13,425000,2867000,421250
1981-06-20,435000,2886000,426250
1981-06-27,444000,2983000,433000
1981-07-04,460000,2886000,441000
1981-07-11,426000,2845000,441250
1981-07-18,430000,2902000,440000
1981-07-25,407000,2899000,430750
1981-08-01,476000,2867000,434750
1981-08-08,448000,2998000,440250
1981-08-15,442000,2966000,443250
1981-08-22,434000,2957000,450000
1981-08-29,451000,2954000,443750
1981-09-05,473000,2914000,450000
1981-09-12,454000,3051000,453000
1981-09-19,475000,3014000,463250
1981-09-26,491000,3073000,473250
1981-10-03,489000,3069000,477250
1981-10-10,491000,3098000,486500
1981-10-17,487000,3104000,489500
1981-10-24,483000,3181000,487500
1981-10-31,514000,3183000,493750
1981-11-07,514000,3282000,499500
1981-11-14,517000,3291000,507000
1981-11-21,464000,3416000,502250
1981-11-28,552000,3360000,511750
1981-12-05,558000,3517000,522750
1981-12-12,551000,3397000,531250
1981-12-19,539000,3551000,550000
1981-12-26,556000,3636000,551000
1982-01-02,495000,3523000,535250
1982-01-09,545000,3398000,533750
1982-01-16,489000,3624000,521250
1982-01-23,564000,3602000,523250
1982-01-30,583000,3521000,545250
1982-02-06,556000,3617000,548000
1982-02-13,507000,3490000,552500
1982-02-20,544000,3562000,547500
1982-02-27,528000,3553000,533750
1982-03-06,556000,3619000,533750
1982-03-13,539000,3605000,541750
1982-03-20,557000,3684000,545000
1982-03-27,574000,3714000,556500
1982-04-03,578000,3720000,562000
1982-04-10,585000,3841000,573500
1982-04-17,597000,3967000,583500
1982-04-24,588000,3930000,587000
1982-05-01,576000,3960000,586500
1982-05-08,584000,3972000,586250
1982-05-15,585000,3968000,583250
1982-05-22,586000,4103000,582750
1982-05-29,588000,3956000,585750
1982-06-05,611000,4094000,592500
1982-06-12,614000,4121000,599750
1982-06-19,591000,4105000,601000
1982-06-26,582000,4057000,599500
1982-07-03,6e+05,4139000,596750
1982-07-10,572000,4025000,586250
1982-07-17,567000,4148000,580250
1982-07-24,536000,4155000,568750
1982-07-31,605000,4040000,570000
1982-08-07,606000,4191000,578500
1982-08-14,637000,4234000,596000
1982-08-21,628000,4300000,619000
1982-08-28,647000,4316000,629500
1982-09-04,651000,4356000,640750
1982-09-11,641000,4445000,641750
1982-09-18,680000,4468000,654750
1982-09-25,671000,4542000,660750
1982-10-02,695000,4629000,671750
1982-10-09,651000,4689000,674250
1982-10-16,656000,4599000,668250
1982-10-23,623000,4686000,656250
1982-10-30,637000,4595000,641750
1982-11-06,589000,4713000,626250
1982-11-13,599000,4554000,612000
1982-11-20,577000,4695000,600500
1982-11-27,612000,4442000,594250
1982-12-04,557000,4509000,586250
1982-12-11,533000,4339000,569750
1982-12-18,516000,4371000,554500
1982-12-25,489000,4381000,523750
1983-01-01,534000,4010000,518000
1983-01-08,510000,3885000,512250
1983-01-15,479000,3950000,503000
1983-01-22,479000,3860000,500500
1983-01-29,503000,3890000,492750
1983-02-05,501000,3877000,490500
1983-02-12,486000,3865000,492250
1983-02-19,487000,3819000,494250
1983-02-26,481000,3876000,488750
1983-03-05,495000,3797000,487250
1983-03-12,475000,3787000,484500
1983-03-19,470000,3752000,480250
1983-03-26,481000,3734000,480250
1983-04-02,491000,3759000,479250
1983-04-09,496000,3814000,484500
1983-04-16,515000,3744000,495750
1983-04-23,488000,3762000,497500
1983-04-30,490000,3722000,497250
1983-05-07,494000,3714000,496750
1983-05-14,464000,3625000,484000
1983-05-21,460000,3701000,477000
1983-05-28,454000,3457000,468000
1983-06-04,459000,3548000,459250
1983-06-11,442000,3453000,453750
1983-06-18,434000,3452000,447250
1983-06-25,442000,3369000,444250
1983-07-02,422000,3239000,435000
1983-07-09,412000,3226000,427500
1983-07-16,396000,3216000,418000
1983-07-23,395000,3155000,406250
1983-07-30,415000,3112000,404500
1983-08-06,415000,3106000,405250
1983-08-13,457000,3107000,420500
1983-08-20,445000,3131000,433000
1983-08-27,426000,3079000,435750
1983-09-03,411000,3055000,434750
1983-09-10,403000,3007000,421250
1983-09-17,405000,2993000,411250
1983-09-24,416000,2973000,408750
1983-10-01,413000,2926000,409250
1983-10-08,406000,2929000,410000
1983-10-15,394000,2913000,407250
1983-10-22,394000,2886000,401750
1983-10-29,404000,2860000,399500
1983-11-05,395000,2750000,396750
1983-11-12,390000,2789000,395750
1983-11-19,387000,2879000,394000
1983-11-26,398000,2733000,392500
1983-12-03,365000,2737000,385000
1983-12-10,368000,2666000,379500
1983-12-17,362000,2796000,373250
1983-12-24,377000,2718000,368000
1983-12-31,372000,2644000,369750
1984-01-07,356000,2588000,366750
1984-01-14,351000,2522000,364000
1984-01-21,333000,2531000,353000
1984-01-28,364000,2556000,351000
1984-02-04,342000,2531000,347500
1984-02-11,338000,2453000,344250
1984-02-18,334000,2425000,344500
1984-02-25,343000,2469000,339250
1984-03-03,347000,2441000,340500
1984-03-10,346000,2431000,342500
1984-03-17,349000,2426000,346250
1984-03-24,346000,2412000,347000
1984-03-31,341000,2412000,345500
1984-04-07,381000,2425000,354250
1984-04-14,357000,2396000,356250
1984-04-21,364000,2433000,360750
1984-04-28,375000,2435000,369250
1984-05-05,365000,2430000,365250
1984-05-12,368000,2386000,368000
1984-05-19,354000,2401000,365500
1984-05-26,354000,2323000,360250
1984-06-02,355000,2379000,357750
1984-06-09,369000,2391000,358000
1984-06-16,361000,2364000,359750
1984-06-23,362000,2339000,361750
1984-06-30,360000,2329000,363000
1984-07-07,366000,2375000,362250
1984-07-14,360000,2371000,362000
1984-07-21,357000,2337000,360750
1984-07-28,359000,2329000,360500
1984-08-04,382000,2332000,364500
1984-08-11,380000,2390000,369500
1984-08-18,401000,2416000,380500
1984-08-25,395000,2405000,389500
1984-09-01,385000,2410000,390250
1984-09-08,402000,2435000,395750
1984-09-15,393000,2434000,393750
1984-09-22,395000,2421000,393750
1984-09-29,402000,2474000,398000
1984-10-06,403000,2455000,398250
1984-10-13,410000,2538000,402500
1984-10-20,439000,2529000,413500
1984-10-27,425000,2574000,419250
1984-11-03,423000,2578000,424250
1984-11-10,393000,2545000,420000
1984-11-17,383000,2645000,406000
1984-11-24,429000,2569000,407000
1984-12-01,401000,2529000,401500
1984-12-08,383000,2589000,399000
1984-12-15,386000,2594000,399750
1984-12-22,379000,2487000,387250
1984-12-29,379000,2536000,381750
1985-01-05,369000,2593000,378250
1985-01-12,387000,2543000,378500
1985-01-19,359000,2472000,373500
1985-01-26,368000,2601000,370750
1985-02-02,386000,2632000,375000
1985-02-09,401000,2608000,378500
1985-02-16,390000,2613000,386250
1985-02-23,390000,2641000,391750
1985-03-02,374000,2571000,388750
1985-03-09,385000,2591000,384750
1985-03-16,386000,2578000,383750
1985-03-23,373000,2556000,379500
1985-03-30,386000,2526000,382500
1985-04-06,405000,2569000,387500
1985-04-13,411000,2600000,393750
1985-04-20,391000,2584000,398250
1985-04-27,386000,2562000,398250
1985-05-04,390000,2582000,394500
1985-05-11,394000,2569000,390250
1985-05-18,391000,2547000,390250
1985-05-25,396000,2545000,392750
1985-06-01,393000,2591000,393500
1985-06-08,403000,2564000,395750
1985-06-15,390000,2549000,395500
1985-06-22,386000,2550000,393000
1985-06-29,390000,2505000,392250
1985-07-06,395000,2609000,390250
1985-07-13,386000,2519000,389250
1985-07-20,370000,2520000,385250
1985-07-27,362000,2522000,378250
1985-08-03,407000,2518000,381250
1985-08-10,402000,2565000,385250
1985-08-17,399000,2574000,392500
1985-08-24,405000,2561000,403250
1985-08-31,409000,2595000,403750
1985-09-07,426000,2596000,409750
1985-09-14,408000,2590000,412000
1985-09-21,401000,2513000,411000
1985-09-28,399000,2623000,408500
1985-10-05,405000,2657000,403250
1985-10-12,4e+05,2569000,401250
1985-10-19,4e+05,2644000,401000
1985-10-26,418000,2657000,405750
1985-11-02,398000,2673000,404000
1985-11-09,397000,2612000,403250
1985-11-16,397000,2618000,402500
1985-11-23,382000,2585000,393500
1985-11-30,393000,2638000,392250
1985-12-07,399000,2744000,392750
1985-12-14,382000,2680000,389000
1985-12-21,370000,2543000,386000
1985-12-28,390000,2608000,385250
1986-01-04,362000,2694000,376000
1986-01-11,397000,2636000,379750
1986-01-18,364000,2516000,378250
1986-01-25,344000,2570000,366750
1986-02-01,364000,2531000,367250
1986-02-08,366000,2548000,359500
1986-02-15,358000,2569000,358000
1986-02-22,390000,2626000,369500
1986-03-01,375000,2570000,372250
1986-03-08,366000,2603000,372250
1986-03-15,382000,2589000,378250
1986-03-22,387000,2592000,377500
1986-03-29,396000,2614000,382750
1986-04-05,381000,2625000,386500
1986-04-12,388000,2570000,388000
1986-04-19,383000,2613000,387000
1986-04-26,391000,2627000,385750
1986-05-03,392000,2670000,388500
1986-05-10,395000,2670000,390250
1986-05-17,384000,2669000,390500
1986-05-24,386000,2638000,389250
1986-05-31,373000,2708000,384500
1986-06-07,375000,2653000,379500
1986-06-14,369000,2644000,375750
1986-06-21,367000,2637000,371000
1986-06-28,371000,2606000,370500
1986-07-05,371000,2669000,369500
1986-07-12,361000,2552000,367500
1986-07-19,354000,2593000,364250
1986-07-26,362000,2618000,362000
1986-08-02,416000,2583000,373250
1986-08-09,416000,2686000,387000
1986-08-16,407000,2658000,400250
1986-08-23,397000,2687000,409000
1986-08-30,401000,2664000,405250
1986-09-06,4e+05,2756000,401250
1986-09-13,394000,2671000,398000
1986-09-20,399000,2703000,398500
1986-09-27,389000,2698000,395500
1986-10-04,391000,2780000,393250
1986-10-11,387000,2665000,391500
1986-10-18,385000,2723000,388000
1986-10-25,370000,2707000,383250
1986-11-01,364000,2646000,376500
1986-11-08,349000,2614000,367000
1986-11-15,368000,2653000,362750
1986-11-22,369000,2555000,362500
1986-11-29,366000,2686000,363000
1986-12-06,363000,2634000,366500
1986-12-13,375000,2587000,368250
1986-12-20,350000,2499000,363500
1986-12-27,345000,2565000,358250
1987-01-03,323000,2590000,348250
1987-01-10,348000,2508000,341500
1987-01-17,341000,2443000,339250
1987-01-24,346000,2506000,339500
1987-01-31,370000,2515000,351250
1987-02-07,368000,2496000,356250
1987-02-14,338000,2451000,355500
1987-02-21,341000,2481000,354250
1987-02-28,348000,2460000,348750
1987-03-07,337000,2456000,341000
1987-03-14,335000,2450000,340250
1987-03-21,335000,2401000,338750
1987-03-28,326000,2410000,333250
1987-04-04,330000,2482000,331500
1987-04-11,338000,2366000,332250
1987-04-18,349000,2410000,335750
1987-04-25,328000,2386000,336250
1987-05-02,330000,2302000,336250
1987-05-09,315000,2347000,330500
1987-05-16,341000,2326000,328500
1987-05-23,343000,2275000,332250
1987-05-30,326000,2370000,331250
1987-06-06,328000,2259000,334500
1987-06-13,316000,2278000,328250
1987-06-20,319000,2258000,322250
1987-06-27,326000,2321000,322250
1987-07-04,326000,2173000,321750
1987-07-11,317000,2155000,322000
1987-07-18,310000,2211000,319750
1987-07-25,324000,2247000,319250
1987-08-01,348000,2232000,324750
1987-08-08,327000,2263000,327250
1987-08-15,319000,2194000,329500
1987-08-22,312000,2190000,326500
1987-08-29,322000,2179000,320000
1987-09-05,316000,2125000,317250
1987-09-12,297000,2172000,311750
1987-09-19,309000,2351000,311000
1987-09-26,317000,2139000,309750
1987-10-03,301000,2151000,306000
1987-10-10,308000,2101000,308750
1987-10-17,301000,2074000,306750
1987-10-24,301000,1966000,302750
1987-10-31,289000,1942000,299750
1987-11-07,297000,2054000,297000
1987-11-14,307000,2109000,298500
1987-11-21,317000,2064000,302500
1987-11-28,306000,2102000,306750
1987-12-05,319000,2125000,312250
1987-12-12,317000,2092000,314750
1987-12-19,323000,2105000,316250
1987-12-26,316000,2140000,318750
1988-01-02,315000,2096000,317750
1988-01-09,325000,2231000,319750
1988-01-16,361000,2186000,329250
1988-01-23,335000,2214000,334000
1988-01-30,342000,2213000,340750
1988-02-06,318000,2180000,339000
1988-02-13,311000,2184000,326500
1988-02-20,327000,2091000,324500
1988-02-27,319000,2111000,318750
1988-03-05,307000,2147000,316000
1988-03-12,304000,2112000,314250
1988-03-19,307000,2112000,309250
1988-03-26,304000,2077000,305500
1988-04-02,309000,2086000,306000
1988-04-09,313000,2104000,308250
1988-04-16,314000,2072000,310000
1988-04-23,312000,2067000,312000
1988-04-30,313000,2077000,313000
1988-05-07,309000,2059000,312000
1988-05-14,314000,2068000,312000
1988-05-21,319000,2099000,313750
1988-05-28,313000,2045000,313750
1988-06-04,310000,2040000,314000
1988-06-11,305000,2068000,311750
1988-06-18,311000,2034000,309750
1988-06-25,307000,2030000,308250
1988-07-02,305000,2035000,307000
1988-07-09,303000,2027000,306500
1988-07-16,315000,2073000,307500
1988-07-23,354000,2083000,319250
1988-07-30,331000,2108000,325750
1988-08-06,316000,2101000,329000
1988-08-13,312000,2070000,328250
1988-08-20,316000,2099000,318750
1988-08-27,315000,2082000,314750
1988-09-03,306000,2091000,312250
1988-09-10,305000,2053000,310500
1988-09-17,306000,2106000,308000
1988-09-24,301000,2053000,304500
1988-10-01,292000,2041000,301000
1988-10-08,292000,2017000,297750
1988-10-15,293000,1994000,294500
1988-10-22,286000,2011000,290750
1988-10-29,294000,2015000,291250
1988-11-05,285000,1898000,289500
1988-11-12,284000,2011000,287250
1988-11-19,294000,1981000,289250
1988-11-26,299000,2023000,290500
1988-12-03,298000,2006000,293750
1988-12-10,285000,2013000,294000
1988-12-17,293000,2054000,293750
1988-12-24,286000,2061000,290500
1988-12-31,304000,2092000,292000
1989-01-07,299000,2056000,295500
1989-01-14,283000,2069000,293000
1989-01-21,282000,2048000,292000
1989-01-28,295000,2071000,289750
1989-02-04,288000,2074000,287000
1989-02-11,322000,2103000,296750
1989-02-18,305000,2111000,302500
1989-02-25,3e+05,2167000,303750
1989-03-04,325000,2110000,313000
1989-03-11,325000,2163000,313750
1989-03-18,319000,2108000,317250
1989-03-25,319000,2145000,322000
1989-04-01,323000,2117000,321500
1989-04-08,314000,2117000,318750
1989-04-15,307000,2092000,315750
1989-04-22,304000,2104000,312000
1989-04-29,311000,2064000,309000
1989-05-06,320000,2089000,310500
1989-05-13,332000,2144000,316750
1989-05-20,321000,2085000,321000
1989-05-27,325000,2056000,324500
1989-06-03,325000,2117000,325750
1989-06-10,332000,2110000,325750
1989-06-17,337000,2113000,329750
1989-06-24,338000,2151000,333000
1989-07-01,349000,2133000,339000
1989-07-08,341000,2207000,341250
1989-07-15,349000,2217000,344250
1989-07-22,332000,2159000,342750
1989-07-29,337000,2181000,339750
1989-08-05,338000,2236000,339000
1989-08-12,341000,2214000,337000
1989-08-19,327000,2195000,335750
1989-08-26,332000,2184000,334500
1989-09-02,329000,2199000,332250
1989-09-09,336000,2207000,331000
1989-09-16,334000,2169000,332750
1989-09-23,334000,2249000,333250
1989-09-30,347000,2220000,337750
1989-10-07,407000,2279000,355500
1989-10-14,345000,2293000,358250
1989-10-21,347000,2295000,361500
1989-10-28,354000,2257000,363250
1989-11-04,333000,2280000,344750
1989-11-11,336000,2271000,342500
1989-11-18,336000,2289000,339750
1989-11-25,342000,2300000,336750
1989-12-02,344000,2271000,339500
1989-12-09,338000,2265000,340000
1989-12-16,355000,2295000,344750
1989-12-23,381000,2292000,354500
1989-12-30,358000,2302000,358000
1990-01-06,355000,2347000,362250
1990-01-13,369000,2349000,365750
1990-01-20,375000,2407000,364250
1990-01-27,345000,2316000,361000
1990-02-03,368000,2364000,364250
1990-02-10,367000,2323000,363750
1990-02-17,348000,2382000,357000
1990-02-24,350000,2347000,358250
1990-03-03,351000,2385000,354000
1990-03-10,349000,2341000,349500
1990-03-17,349000,2384000,349750
1990-03-24,331000,2344000,345000
1990-03-31,346000,2365000,343750
1990-04-07,367000,2323000,348250
1990-04-14,357000,2410000,350250
1990-04-21,360000,2385000,357500
1990-04-28,363000,2403000,361750
1990-05-05,354000,2374000,358500
1990-05-12,355000,2374000,358000
1990-05-19,353000,2381000,356250
1990-05-26,359000,2431000,355250
1990-06-02,368000,2406000,358750
1990-06-09,359000,2438000,359750
1990-06-16,359000,2402000,361250
1990-06-23,362000,2431000,362000
1990-06-30,364000,2442000,361000
1990-07-07,362000,2487000,361750
1990-07-14,367000,2498000,363750
1990-07-21,370000,2441000,365750
1990-07-28,369000,2461000,367000
1990-08-04,369000,2460000,368750
1990-08-11,381000,2500000,372250
1990-08-18,393000,2537000,378000
1990-08-25,394000,2540000,384250
1990-09-01,392000,2579000,390000
1990-09-08,390000,2585000,392250
1990-09-15,395000,2591000,392750
1990-09-22,389000,2578000,391500
1990-09-29,404000,2644000,394500
1990-10-06,404000,2621000,398000
1990-10-13,422000,2753000,404750
1990-10-20,435000,2722000,416250
1990-10-27,440000,2787000,425250
1990-11-03,430000,2813000,431750
1990-11-10,448000,2789000,438250
1990-11-17,447000,2996000,441250
1990-11-24,462000,2955000,446750
1990-12-01,451000,2918000,452000
1990-12-08,449000,3e+06,452250
1990-12-15,447000,2984000,452250
1990-12-22,474000,3001000,455250
1990-12-29,454000,2938000,456000
1991-01-05,415000,3062000,447500
1991-01-12,437000,3111000,445000
1991-01-19,445000,3017000,437750
1991-01-26,462000,3162000,439750
1991-02-02,483000,3228000,456750
1991-02-09,480000,3226000,467500
1991-02-16,474000,3293000,474750
1991-02-23,499000,3304000,484000
1991-03-02,488000,3357000,485250
1991-03-09,499000,3384000,490000
1991-03-16,498000,3448000,496000
1991-03-23,509000,3404000,498500
1991-03-30,499000,3502000,501250
1991-04-06,452000,3493000,489500
1991-04-13,477000,3464000,484250
1991-04-20,478000,3502000,476500
1991-04-27,462000,3474000,467250
1991-05-04,451000,3524000,467000
1991-05-11,446000,3492000,459250
1991-05-18,448000,3459000,451750
1991-05-25,443000,3472000,447000
1991-06-01,432000,3522000,442250
1991-06-08,441000,3439000,441000
1991-06-15,429000,3428000,436250
1991-06-22,423000,3389000,431250
1991-06-29,418000,3356000,427750
1991-07-06,422000,3393000,423000
1991-07-13,420000,3255000,420750
1991-07-20,408000,3276000,417000
1991-07-27,423000,3306000,418250
1991-08-03,438000,3307000,422250
1991-08-10,437000,3314000,426500
1991-08-17,433000,3282000,432750
1991-08-24,425000,3277000,433250
1991-08-31,425000,3279000,430000
1991-09-07,424000,3326000,426750
1991-09-14,418000,3275000,423000
1991-09-21,419000,3294000,421500
1991-09-28,437000,3290000,424500
1991-10-05,424000,3388000,424500
1991-10-12,425000,3237000,426250
1991-10-19,419000,3320000,426250
1991-10-26,423000,3299000,422750
1991-11-02,447000,3336000,428500
1991-11-09,453000,3328000,435500
1991-11-16,439000,3315000,440500
1991-11-23,444000,3226000,445750
1991-11-30,444000,3348000,445000
1991-12-07,475000,3388000,450500
1991-12-14,475000,3405000,459500
1991-12-21,436000,3264000,457500
1991-12-28,441000,3340000,456750
1992-01-04,432000,3410000,446000
1992-01-11,440000,3342000,437250
1992-01-18,443000,3297000,439000
1992-01-25,441000,3364000,439000
1992-02-01,440000,3301000,441000
1992-02-08,445000,3320000,442250
1992-02-15,446000,3260000,443000
1992-02-22,436000,3412000,441750
1992-02-29,444000,3280000,442750
1992-03-07,421000,3288000,436750
1992-03-14,437000,3280000,434500
1992-03-21,440000,3344000,435500
1992-03-28,420000,3336000,429500
1992-04-04,412000,3383000,427250
1992-04-11,413000,3288000,421250
1992-04-18,424000,3339000,417250
1992-04-25,424000,3365000,418250
1992-05-02,431000,3397000,423000
1992-05-09,417000,3354000,424000
1992-05-16,414000,3296000,421500
1992-05-23,414000,3285000,419000
1992-05-30,411000,3392000,414000
1992-06-06,416000,3265000,413750
1992-06-13,420000,3270000,415250
1992-06-20,419000,3284000,416500
1992-06-27,420000,3340000,418750
1992-07-04,407000,3212000,416500
1992-07-11,408000,3103000,413500
1992-07-18,392000,3238000,406750
1992-07-25,564000,3318000,442750
1992-08-01,423000,3467000,446750
1992-08-08,406000,3211000,446250
1992-08-15,401000,3210000,448500
1992-08-22,398000,3188000,407000
1992-08-29,408000,3175000,403250
1992-09-05,416000,3167000,405750
1992-09-12,416000,3261000,409500
1992-09-19,427000,3195000,416750
1992-09-26,409000,3194000,417000
1992-10-03,398000,3121000,412500
1992-10-10,374000,3072000,402000
1992-10-17,385000,3083000,391500
1992-10-24,367000,3063000,381000
1992-10-31,365000,2973000,372750
1992-11-07,374000,3017000,372750
1992-11-14,377000,2962000,370750
1992-11-21,357000,2906000,368250
1992-11-28,341000,2911000,362250
1992-12-05,350000,2918000,356250
1992-12-12,359000,2807000,351750
1992-12-19,334000,2770000,346000
1992-12-26,313000,2800000,339000
1993-01-02,341000,2729000,336750
1993-01-09,354000,2697000,335500
1993-01-16,352000,2749000,340000
1993-01-23,341000,2727000,347000
1993-01-30,340000,2663000,346750
1993-02-06,319000,2645000,338000
1993-02-13,321000,2628000,330250
1993-02-20,351000,2646000,332750
1993-02-27,362000,2645000,338250
1993-03-06,354000,2683000,347000
1993-03-13,346000,2618000,353250
1993-03-20,338000,2724000,350000
1993-03-27,366000,2725000,351000
1993-04-03,365000,2729000,353750
1993-04-10,353000,2781000,355500
1993-04-17,351000,2800000,358750
1993-04-24,350000,2792000,354750
1993-05-01,343000,2747000,349250
1993-05-08,339000,2820000,345750
1993-05-15,345000,2772000,344250
1993-05-22,342000,2816000,342250
1993-05-29,349000,2737000,343750
1993-06-05,343000,2808000,344750
1993-06-12,343000,2836000,344250
1993-06-19,345000,2857000,345000
1993-06-26,340000,2747000,342750
1993-07-03,334000,2724000,340500
1993-07-10,314000,2778000,333250
1993-07-17,335000,2766000,330750
1993-07-24,415000,2803000,349500
1993-07-31,356000,2843000,355000
1993-08-07,346000,2813000,363000
1993-08-14,339000,2791000,364000
1993-08-21,342000,2821000,345750
1993-08-28,337000,2788000,341000
1993-09-04,334000,2768000,338000
1993-09-11,333000,2844000,336500
1993-09-18,346000,2856000,337500
1993-09-25,343000,2836000,339000
1993-10-02,333000,2810000,338750
1993-10-09,355000,2799000,344250
1993-10-16,359000,2833000,347500
1993-10-23,354000,2882000,350250
1993-10-30,348000,2801000,354000
1993-11-06,350000,2833000,352750
1993-11-13,341000,2785000,348250
1993-11-20,336000,2801000,343750
1993-11-27,337000,2784000,341000
1993-12-04,337000,2802000,337750
1993-12-11,334000,2747000,336000
1993-12-18,331000,2780000,334750
1993-12-25,290000,2720000,323000
1994-01-01,341000,2633000,324000
1994-01-08,343000,2705000,326250
1994-01-15,355000,2634000,332250
1994-01-22,351000,2814000,347500
1994-01-29,406000,2762000,363750
1994-02-05,361000,2764000,368250
1994-02-12,354000,2861000,368000
1994-02-19,352000,2748000,368250
1994-02-26,327000,2797000,348500
1994-03-05,348000,2779000,345250
1994-03-12,341000,2783000,342000
1994-03-19,332000,2746000,337000
1994-03-26,322000,2710000,335750
1994-04-02,342000,2730000,334250
1994-04-09,349000,2773000,336250
1994-04-16,354000,2716000,341750
1994-04-23,331000,2695000,344000
1994-04-30,344000,2769000,344500
1994-05-07,371000,2726000,350000
1994-05-14,360000,2792000,351500
1994-05-21,357000,2766000,358000
1994-05-28,348000,2727000,359000
1994-06-04,345000,2740000,352500
1994-06-11,338000,2755000,347000
1994-06-18,336000,2698000,341750
1994-06-25,341000,2687000,340000
1994-07-02,334000,2672000,337250
1994-07-09,341000,2670000,338000
1994-07-16,359000,2680000,343750
1994-07-23,345000,2650000,344750
1994-07-30,332000,2626000,344250
1994-08-06,338000,2644000,343500
1994-08-13,335000,2639000,337500
1994-08-20,331000,2659000,334000
1994-08-27,341000,2648000,336250
1994-09-03,339000,2645000,336500
1994-09-10,331000,2633000,335500
1994-09-17,326000,2638000,334250
1994-09-24,325000,2601000,330250
1994-10-01,330000,2597000,328000
1994-10-08,341000,2561000,330500
1994-10-15,335000,2620000,332750
1994-10-22,330000,2556000,334000
1994-10-29,331000,2536000,334250
1994-11-05,328000,2538000,331000
1994-11-12,329000,2528000,329500
1994-11-19,326000,2533000,328500
1994-11-26,329000,2530000,328000
1994-12-03,324000,2513000,327000
1994-12-10,329000,2508000,327000
1994-12-17,330000,2557000,328000
1994-12-24,314000,2567000,324250
1994-12-31,319000,2499000,323000
1995-01-07,338000,2486000,325250
1995-01-14,347000,2559000,329500
1995-01-21,325000,2473000,332250
1995-01-28,324000,2532000,333500
1995-02-04,324000,2501000,330000
1995-02-11,348000,2515000,330250
1995-02-18,343000,2541000,334750
1995-02-25,336000,2533000,337750
1995-03-04,339000,2518000,341500
1995-03-11,347000,2564000,341250
1995-03-18,343000,2513000,341250
1995-03-25,332000,2530000,340250
1995-04-01,335000,2484000,339250
1995-04-08,347000,2500000,339250
1995-04-15,355000,2505000,342250
1995-04-22,349000,2569000,346500
1995-04-29,365000,2539000,354000
1995-05-06,364000,2535000,358250
1995-05-13,366000,2567000,361000
1995-05-20,377000,2616000,368000
1995-05-27,374000,2574000,370250
1995-06-03,362000,2608000,369750
1995-06-10,367000,2614000,370000
1995-06-17,378000,2603000,370250
1995-06-24,358000,2602000,366250
1995-07-01,355000,2596000,364500
1995-07-08,372000,2651000,365750
1995-07-15,389000,2677000,368500
1995-07-22,390000,2605000,376500
1995-07-29,351000,2585000,375500
1995-08-05,351000,2592000,370250
1995-08-12,353000,2612000,361250
1995-08-19,362000,2615000,354250
1995-08-26,359000,2610000,356250
1995-09-02,355000,2613000,357250
1995-09-09,371000,2636000,361750
1995-09-16,376000,2650000,365250
1995-09-23,353000,2626000,363750
1995-09-30,355000,2609000,363750
1995-10-07,374000,2651000,364500
1995-10-14,369000,2688000,362750
1995-10-21,366000,2640000,366000
1995-10-28,377000,2674000,371500
1995-11-04,380000,2649000,373000
1995-11-11,370000,2674000,373250
1995-11-18,379000,2653000,376500
1995-11-25,379000,2712000,377000
1995-12-02,373000,2623000,375250
1995-12-09,346000,2629000,369250
1995-12-16,373000,2631000,367750
1995-12-23,374000,2622000,366500
1995-12-30,359000,2558000,363000
1996-01-06,361000,2549000,366750
1996-01-13,333000,2702000,356750
1996-01-20,415000,2707000,367000
1996-01-27,387000,2637000,374000
1996-02-03,374000,2750000,377250
1996-02-10,387000,2672000,390750
1996-02-17,383000,2694000,382750
1996-02-24,365000,2655000,377250
1996-03-02,368000,2688000,375750
1996-03-09,361000,2647000,369250
1996-03-16,384000,2677000,369500
1996-03-23,426000,2738000,384750
1996-03-30,393000,2675000,391000
1996-04-06,369000,2648000,393000
1996-04-13,357000,2657000,386250
1996-04-20,368000,2620000,371750
1996-04-27,343000,2609000,359250
1996-05-04,338000,2602000,351500
1996-05-11,352000,2586000,350250
1996-05-18,345000,2584000,344500
1996-05-25,343000,2590000,344500
1996-06-01,340000,2553000,345000
1996-06-08,351000,2521000,344750
1996-06-15,342000,2560000,344000
1996-06-22,341000,2550000,343500
1996-06-29,337000,2556000,342750
1996-07-06,342000,2501000,340500
1996-07-13,347000,2495000,341750
1996-07-20,332000,2492000,339500
1996-07-27,327000,2472000,337000
1996-08-03,326000,2476000,333000
1996-08-10,331000,2492000,329000
1996-08-17,336000,2495000,330000
1996-08-24,337000,2493000,332500
1996-08-31,329000,2516000,333250
1996-09-07,333000,2443000,333750
1996-09-14,338000,2486000,334250
1996-09-21,352000,2484000,338000
1996-09-28,348000,2479000,342750
1996-10-05,335000,2496000,343250
1996-10-12,334000,2422000,342250
1996-10-19,335000,2449000,338000
1996-10-26,352000,2474000,339000
1996-11-02,334000,2452000,338750
1996-11-09,327000,2475000,337000
1996-11-16,342000,2406000,338750
1996-11-23,347000,2350000,337500
1996-11-30,332000,2460000,337000
1996-12-07,355000,2484000,344000
1996-12-14,352000,2464000,346500
1996-12-21,350000,2506000,347250
1996-12-28,357000,2497000,353500
1997-01-04,347000,2552000,351500
1997-01-11,324000,2473000,344500
1997-01-18,345000,2434000,343250
1997-01-25,340000,2492000,339000
1997-02-01,333000,2403000,335500
1997-02-08,315000,2436000,333250
1997-02-15,313000,2407000,325250
1997-02-22,322000,2414000,320750
1997-03-01,321000,2370000,317750
1997-03-08,317000,2371000,318250
1997-03-15,319000,2344000,319750
1997-03-22,315000,2322000,318000
1997-03-29,325000,2331000,319000
1997-04-05,325000,2359000,321000
1997-04-12,330000,2307000,323750
1997-04-19,316000,2304000,324000
1997-04-26,337000,2327000,327000
1997-05-03,342000,2339000,331250
1997-05-10,318000,2318000,328250
1997-05-17,322000,2276000,329750
1997-05-24,316000,2274000,324500
1997-05-31,321000,2307000,319250
1997-06-07,329000,2276000,322000
1997-06-14,335000,2265000,325250
1997-06-21,316000,2303000,325250
1997-06-28,322000,2338000,325500
1997-07-05,346000,2289000,329750
1997-07-12,328000,2262000,328000
1997-07-19,301000,2268000,324250
1997-07-26,306000,2259000,320250
1997-08-02,320000,2235000,313750
1997-08-09,329000,2270000,314000
1997-08-16,343000,2290000,324500
1997-08-23,327000,2283000,329750
1997-08-30,332000,2284000,332750
1997-09-06,313000,2265000,328750
1997-09-13,314000,2200000,321500
1997-09-20,317000,2241000,319000
1997-09-27,317000,2233000,315250
1997-10-04,311000,2239000,314750
1997-10-11,305000,2213000,312500
1997-10-18,318000,2182000,312750
1997-10-25,306000,2228000,310000
1997-11-01,313000,2201000,310500
1997-11-08,308000,2207000,311250
1997-11-15,325000,2209000,313000
1997-11-22,309000,2216000,313750
1997-11-29,318000,2242000,315000
1997-12-06,317000,2230000,317250
1997-12-13,323000,2231000,316750
1997-12-20,310000,2189000,317000
1997-12-27,303000,2291000,313250
1998-01-03,312000,2369000,312000
1998-01-10,331000,2291000,314000
1998-01-17,341000,2241000,321750
1998-01-24,307000,2275000,322750
1998-01-31,315000,2200000,323500
1998-02-07,311000,2253000,318500
1998-02-14,321000,2227000,313500
1998-02-21,327000,2208000,318500
1998-02-28,317000,2209000,319000
1998-03-07,308000,2208000,318250
1998-03-14,319000,2237000,317750
1998-03-21,321000,2227000,316250
1998-03-28,312000,2215000,315000
1998-04-04,312000,2166000,316000
1998-04-11,304000,2202000,312250
1998-04-18,317000,2210000,311250
1998-04-25,311000,2152000,311000
1998-05-02,304000,2135000,309000
1998-05-09,306000,2140000,309500
1998-05-16,315000,2118000,309000
1998-05-23,309000,2134000,308500
1998-05-30,322000,2146000,313000
1998-06-06,306000,2122000,313000
1998-06-13,321000,2159000,314500
1998-06-20,349000,2188000,324500
1998-06-27,376000,2388000,338000
1998-07-04,362000,2290000,352000
1998-07-11,320000,2323000,351750
1998-07-18,315000,2339000,343250
1998-07-25,335000,2383000,333000
1998-08-01,327000,2336000,324250
1998-08-08,316000,2258000,323250
1998-08-15,308000,2210000,321500
1998-08-22,302000,2202000,313250
1998-08-29,310000,2182000,309000
1998-09-05,313000,2160000,308250
1998-09-12,304000,2190000,307250
1998-09-19,305000,2114000,308000
1998-09-26,294000,2148000,304000
1998-10-03,302000,2156000,301250
1998-10-10,316000,2167000,304250
1998-10-17,318000,2168000,307500
1998-10-24,309000,2169000,311250
1998-10-31,308000,2162000,312750
1998-11-07,316000,2195000,312750
1998-11-14,334000,2177000,316750
1998-11-21,304000,2207000,315500
1998-11-28,310000,2236000,316000
1998-12-05,326000,2239000,318500
1998-12-12,305000,2205000,311250
1998-12-19,297000,2171000,309500
1998-12-26,336000,2266000,316000
1999-01-02,331000,2303000,317250
1999-01-09,345000,2289000,327250
1999-01-16,339000,2316000,337750
1999-01-23,311000,2269000,331500
1999-01-30,305000,2259000,325000
1999-02-06,291000,2253000,311500
1999-02-13,312000,2253000,304750
1999-02-20,302000,2237000,302500
1999-02-27,301000,2219000,301500
1999-03-06,3e+05,2238000,303750
1999-03-13,308000,2232000,302750
1999-03-20,305000,2247000,303500
1999-03-27,298000,2191000,302750
1999-04-03,310000,2280000,305250
1999-04-10,319000,2247000,308000
1999-04-17,314000,2230000,310250
1999-04-24,291000,2193000,308500
1999-05-01,296000,2226000,305000
1999-05-08,310000,2200000,302750
1999-05-15,301000,2232000,299500
1999-05-22,298000,2223000,301250
1999-05-29,303000,2191000,303000
1999-06-05,303000,2194000,301250
1999-06-12,290000,2215000,298500
1999-06-19,292000,2183000,297000
1999-06-26,291000,2177000,294000
1999-07-03,287000,2202000,290000
1999-07-10,288000,2171000,289500
1999-07-17,309000,2226000,293750
1999-07-24,306000,2203000,297500
1999-07-31,3e+05,2164000,300750
1999-08-07,295000,2192000,302500
1999-08-14,292000,2176000,298250
1999-08-21,286000,2185000,293250
1999-08-28,290000,2168000,290750
1999-09-04,290000,2157000,289500
1999-09-11,281000,2163000,286750
1999-09-18,281000,2170000,285500
1999-09-25,306000,2158000,289500
1999-10-02,309000,2139000,294250
1999-10-09,291000,2105000,296750
1999-10-16,287000,2102000,298250
1999-10-23,280000,2086000,291750
1999-10-30,285000,2082000,285750
1999-11-06,282000,2099000,283500
1999-11-13,281000,2035000,282000
1999-11-20,276000,2111000,281000
1999-11-27,288000,2098000,281750
1999-12-04,287000,2094000,283000
1999-12-11,272000,2070000,280750
1999-12-18,287000,2123000,283500
1999-12-25,268000,2102000,278500
2000-01-01,286000,2102000,278250
2000-01-08,298000,2107000,284750
2000-01-15,289000,2115000,285250
2000-01-22,284000,2061000,289250
2000-01-29,285000,2164000,289000
2000-02-05,312000,2160000,292500
2000-02-12,3e+05,2141000,295250
2000-02-19,283000,2132000,295000
2000-02-26,280000,2157000,293750
2000-03-04,286000,2098000,287250
2000-03-11,270000,2099000,279750
2000-03-18,271000,2051000,276750
2000-03-25,272000,2068000,274750
2000-04-01,266000,2026000,269750
2000-04-08,268000,2027000,269250
2000-04-15,259000,1962000,266250
2000-04-22,274000,2035000,266750
2000-04-29,291000,2027000,273000
2000-05-06,293000,1991000,279250
2000-05-13,276000,1982000,283500
2000-05-20,280000,1998000,285000
2000-05-27,280000,1987000,282250
2000-06-03,290000,2019000,281500
2000-06-10,284000,2020000,283500
2000-06-17,294000,2041000,287000
2000-06-24,296000,2033000,291000
2000-07-01,281000,2052000,288750
2000-07-08,293000,2099000,291000
2000-07-15,303000,2122000,293250
2000-07-22,3e+05,2070000,294250
2000-07-29,298000,2085000,298500
2000-08-05,306000,2096000,301750
2000-08-12,315000,2109000,304750
2000-08-19,318000,2145000,309250
2000-08-26,312000,2119000,312750
2000-09-02,301000,2169000,311500
2000-09-09,309000,2139000,310000
2000-09-16,311000,2115000,308250
2000-09-23,288000,2098000,302250
2000-09-30,292000,2077000,3e+05
2000-10-07,309000,2133000,3e+05
2000-10-14,299000,2124000,297000
2000-10-21,295000,2082000,298750
2000-10-28,301000,2126000,301000
2000-11-04,331000,2110000,306500
2000-11-11,318000,2161000,311250
2000-11-18,332000,2279000,320500
2000-11-25,356000,2295000,334250
2000-12-02,338000,2229000,336000
2000-12-09,321000,2263000,336750
2000-12-16,354000,2322000,342250
2000-12-23,364000,2340000,344250
2000-12-30,353000,2378000,348000
2001-01-06,337000,2357000,352000
2001-01-13,318000,2367000,343000
2001-01-20,343000,2419000,337750
2001-01-27,362000,2440000,340000
2001-02-03,376000,2489000,349750
2001-02-10,365000,2435000,361500
2001-02-17,358000,2516000,365250
2001-02-24,386000,2506000,371250
2001-03-03,384000,2558000,373250
2001-03-10,393000,2557000,380250
2001-03-17,393000,2605000,389000
2001-03-24,378000,2587000,387000
2001-03-31,388000,2620000,388000
2001-04-07,398000,2582000,389250
2001-04-14,383000,2742000,386750
2001-04-21,4e+05,2737000,392250
2001-04-28,406000,2728000,396750
2001-05-05,381000,2732000,392500
2001-05-12,390000,2800000,394250
2001-05-19,402000,2819000,394750
2001-05-26,405000,2926000,394500
2001-06-02,406000,2919000,400750
2001-06-09,411000,2948000,406000
2001-06-16,394000,2939000,404000
2001-06-23,381000,2972000,398000
2001-06-30,394000,2959000,395000
2001-07-07,401000,3063000,392500
2001-07-14,405000,3029000,395250
2001-07-21,398000,2975000,399500
2001-07-28,388000,3056000,398000
2001-08-04,401000,3079000,398000
2001-08-11,394000,3125000,395250
2001-08-18,402000,3113000,396250
2001-08-25,395000,3163000,398000
2001-09-01,402000,3213000,398250
2001-09-08,408000,3197000,401750
2001-09-15,395000,3214000,4e+05
2001-09-22,453000,3302000,414500
2001-09-29,517000,3385000,443250
2001-10-06,476000,3432000,460250
2001-10-13,482000,3521000,482000
2001-10-20,482000,3557000,489250
2001-10-27,483000,3600000,480750
2001-11-03,440000,3616000,471750
2001-11-10,428000,3627000,458250
2001-11-17,431000,3790000,445500
2001-11-24,491000,3593000,447500
2001-12-01,465000,3619000,453750
2001-12-08,393000,3626000,445000
2001-12-15,389000,3637000,434500
2001-12-22,416000,3591000,415750
2001-12-29,421000,3474000,404750
2002-01-05,397000,3587000,405750
2002-01-12,418000,3500000,413000
2002-01-19,405000,3557000,410250
2002-01-26,414000,3558000,408500
2002-02-02,404000,3537000,410250
2002-02-09,397000,3562000,405000
2002-02-16,397000,3580000,403000
2002-02-23,398000,3538000,399000
2002-03-02,392000,3567000,396000
2002-03-09,399000,3567000,396500
2002-03-16,392000,3598000,395250
2002-03-23,415000,3599000,399500
2002-03-30,479000,3723000,421250
2002-04-06,445000,3732000,432750
2002-04-13,442000,3650000,445250
2002-04-20,416000,3675000,445500
2002-04-27,414000,3700000,429250
2002-05-04,409000,3712000,420250
2002-05-11,413000,3729000,413000
2002-05-18,411000,3695000,411750
2002-05-25,403000,3712000,409000
2002-06-01,378000,3664000,401250
2002-06-08,388000,3681000,395000
2002-06-15,396000,3604000,391250
2002-06-22,388000,3639000,387500
2002-06-29,386000,3588000,389500
2002-07-06,391000,3554000,390250
2002-07-13,384000,3495000,387250
2002-07-20,379000,3473000,385000
2002-07-27,390000,3495000,386000
2002-08-03,388000,3498000,385250
2002-08-10,389000,3485000,386500
2002-08-17,399000,3531000,391500
2002-08-24,398000,3521000,393500
2002-08-31,394000,3549000,395000
2002-09-07,416000,3532000,401750
2002-09-14,412000,3554000,405000
2002-09-21,401000,3579000,405750
2002-09-28,409000,3555000,409500
2002-10-05,404000,3619000,406500
2002-10-12,405000,3529000,404750
2002-10-19,412000,3518000,407500
2002-10-26,409000,3557000,407500
2002-11-02,405000,3557000,407750
2002-11-09,4e+05,3539000,406500
2002-11-16,389000,3438000,400750
2002-11-23,390000,3474000,396000
2002-11-30,377000,3404000,389000
2002-12-07,425000,3537000,395250
2002-12-14,429000,3497000,405250
2002-12-21,394000,3435000,406250
2002-12-28,409000,3462000,414250
2003-01-04,393000,3438000,406250
2003-01-11,378000,3388000,393500
2003-01-18,402000,3357000,395500
2003-01-25,407000,3475000,395000
2003-02-01,413000,3368000,4e+05
2003-02-08,390000,3457000,403000
2003-02-15,420000,3423000,407500
2003-02-22,421000,3500000,411000
2003-03-01,436000,3496000,416750
2003-03-08,424000,3559000,425250
2003-03-15,430000,3528000,427750
2003-03-22,411000,3585000,425250
2003-03-29,436000,3536000,425250
2003-04-05,417000,3583000,423500
2003-04-12,434000,3586000,424500
2003-04-19,450000,3674000,434250
2003-04-26,444000,3676000,436250
2003-05-03,428000,3730000,439000
2003-05-10,417000,3704000,434750
2003-05-17,425000,3716000,428500
2003-05-24,419000,3672000,422250
2003-05-31,431000,3774000,423000
2003-06-07,429000,3682000,426000
2003-06-14,421000,3695000,425000
2003-06-21,408000,3692000,422250
2003-06-28,429000,3737000,421750
2003-07-05,433000,3627000,422750
2003-07-12,412000,3599000,420500
2003-07-19,403000,3592000,419250
2003-07-26,398000,3647000,411500
2003-08-02,401000,3601000,403500
2003-08-09,404000,3596000,401500
2003-08-16,398000,3603000,400250
2003-08-23,391000,3574000,398500
2003-08-30,407000,3608000,4e+05
2003-09-06,422000,3598000,404500
2003-09-13,394000,3559000,403500
2003-09-20,379000,3588000,400500
2003-09-27,387000,3558000,395500
2003-10-04,386000,3570000,386500
2003-10-11,376000,3468000,382000
2003-10-18,387000,3466000,384000
2003-10-25,379000,3441000,382000
2003-11-01,363000,3427000,376250
2003-11-08,371000,3441000,375000
2003-11-15,370000,3331000,370750
2003-11-22,354000,3337000,364500
2003-11-29,357000,3331000,363000
2003-12-06,367000,3318000,362000
2003-12-13,363000,3251000,360250
2003-12-20,354000,3254000,360250
2003-12-27,349000,3258000,358250
2004-01-03,356000,3188000,355500
2004-01-10,354000,3154000,353250
2004-01-17,362000,3139000,355250
2004-01-24,353000,3142000,356250
2004-01-31,376000,3118000,361250
2004-02-07,380000,3179000,367750
2004-02-14,356000,3131000,366250
2004-02-21,359000,3092000,367750
2004-02-28,348000,3057000,360750
2004-03-06,344000,3072000,351750
2004-03-13,338000,3040000,347250
2004-03-20,346000,3066000,344000
2004-03-27,340000,3007000,342000
2004-04-03,335000,2990000,339750
2004-04-10,355000,3022000,344000
2004-04-17,364000,3031000,348500
2004-04-24,339000,2960000,348250
2004-05-01,324000,2998000,345500
2004-05-08,329000,2978000,339000
2004-05-15,349000,2976000,335250
2004-05-22,342000,3010000,336000
2004-05-29,337000,2916000,339250
2004-06-05,355000,2923000,345750
2004-06-12,339000,2990000,343250
2004-06-19,354000,2973000,346250
2004-06-26,348000,2917000,349000
2004-07-03,326000,2948000,341750
2004-07-10,345000,2852000,343250
2004-07-17,355000,2956000,343500
2004-07-24,348000,2935000,343500
2004-07-31,341000,2894000,347250
2004-08-07,336000,2920000,345000
2004-08-14,332000,2889000,339250
2004-08-21,343000,2877000,338000
2004-08-28,352000,2880000,340750
2004-09-04,326000,2872000,338250
2004-09-11,331000,2875000,338000
2004-09-18,341000,2865000,337500
2004-09-25,351000,2839000,337250
2004-10-02,335000,2799000,339500
2004-10-09,338000,2773000,341250
2004-10-16,327000,2781000,337750
2004-10-23,338000,2774000,334500
2004-10-30,332000,2763000,333750
2004-11-06,330000,2765000,331750
2004-11-13,337000,2707000,334250
2004-11-20,313000,2705000,328000
2004-11-27,335000,2761000,328750
2004-12-04,343000,2725000,332000
2004-12-11,316000,2692000,326750
2004-12-18,322000,2688000,329000
2004-12-25,320000,2771000,325250
2005-01-01,356000,2672000,328500
2005-01-08,369000,2720000,341750
2005-01-15,332000,2790000,344250
2005-01-22,329000,2706000,346500
2005-01-29,331000,2731000,340250
2005-02-05,307000,2710000,324750
2005-02-12,308000,2666000,318750
2005-02-19,318000,2667000,316000
2005-02-26,314000,2703000,311750
2005-03-05,333000,2658000,318250
2005-03-12,324000,2681000,322250
2005-03-19,329000,2616000,325000
2005-03-26,342000,2683000,332000
2005-04-02,335000,2653000,332500
2005-04-09,323000,2626000,332250
2005-04-16,307000,2559000,326750
2005-04-23,317000,2588000,320500
2005-04-30,334000,2596000,320250
2005-05-07,327000,2605000,321250
2005-05-14,321000,2568000,324750
2005-05-21,320000,2595000,325500
2005-05-28,340000,2577000,327000
2005-06-04,338000,2630000,329750
2005-06-11,333000,2599000,332750
2005-06-18,321000,2602000,333000
2005-06-25,311000,2569000,325750
2005-07-02,327000,2612000,323000
2005-07-09,338000,2583000,324250
2005-07-16,323000,2619000,324750
2005-07-23,318000,2592000,326500
2005-07-30,316000,2570000,323750
2005-08-06,311000,2584000,317000
2005-08-13,319000,2573000,316000
2005-08-20,315000,2598000,315250
2005-08-27,318000,2568000,315750
2005-09-03,326000,2575000,319500
2005-09-10,422000,2651000,345250
2005-09-17,424000,2787000,372500
2005-09-24,359000,2853000,382750
2005-10-01,384000,2841000,397250
2005-10-08,383000,2831000,387500
2005-10-15,348000,2821000,368500
2005-10-22,324000,2772000,359750
2005-10-29,322000,2752000,344250
2005-11-05,325000,2746000,329750
2005-11-12,309000,2760000,320000
2005-11-19,324000,2712000,320000
2005-11-26,311000,2587000,317250
2005-12-03,321000,2589000,316250
2005-12-10,327000,2620000,320750
2005-12-17,312000,2660000,317750
2005-12-24,320000,2668000,320000
2005-12-31,302000,2660000,315250
2006-01-07,326000,2561000,315000
2006-01-14,285000,2586000,308250
2006-01-21,290000,2516000,300750
2006-01-28,282000,2565000,295750
2006-02-04,289000,2520000,286500
2006-02-11,298000,2517000,289750
2006-02-18,283000,2488000,288000
2006-02-25,293000,2504000,290750
2006-03-04,302000,2453000,294000
2006-03-11,307000,2474000,296250
2006-03-18,303000,2456000,301250
2006-03-25,295000,2439000,301750
2006-04-01,291000,2405000,299000
2006-04-08,299000,2411000,297000
2006-04-15,299000,2408000,296000
2006-04-22,308000,2424000,299250
2006-04-29,321000,2357000,306750
2006-05-06,347000,2372000,318750
2006-05-13,335000,2383000,327750
2006-05-20,319000,2399000,330500
2006-05-27,330000,2381000,332750
2006-06-03,307000,2408000,322750
2006-06-10,298000,2412000,313500
2006-06-17,308000,2395000,310750
2006-06-24,309000,2419000,305500
2006-07-01,316000,2399000,307750
2006-07-08,343000,2491000,319000
2006-07-15,318000,2475000,321500
2006-07-22,306000,2422000,320750
2006-07-29,311000,2460000,319500
2006-08-05,318000,2477000,313250
2006-08-12,310000,2467000,311250
2006-08-19,315000,2464000,313500
2006-08-26,314000,2457000,314250
2006-09-02,315000,2467000,313500
2006-09-09,314000,2449000,314500
2006-09-16,324000,2438000,316750
2006-09-23,319000,2440000,318000
2006-09-30,309000,2437000,316500
2006-10-07,316000,2449000,317000
2006-10-14,305000,2459000,312250
2006-10-21,313000,2428000,310750
2006-10-28,328000,2449000,315500
2006-11-04,319000,2414000,316250
2006-11-11,311000,2467000,317750
2006-11-18,326000,2506000,321000
2006-11-25,349000,2517000,326250
2006-12-02,327000,2472000,328250
2006-12-09,311000,2517000,328250
2006-12-16,318000,2513000,326250
2006-12-23,323000,2449000,319750
2006-12-30,341000,2455000,323250
2007-01-06,330000,2518000,328000
2007-01-13,296000,2507000,322500
2007-01-20,335000,2552000,325500
2007-01-27,308000,2520000,317250
2007-02-03,310000,2575000,312250
2007-02-10,338000,2527000,322750
2007-02-17,321000,2626000,319250
2007-02-24,322000,2549000,322750
2007-03-03,320000,2581000,325250
2007-03-10,308000,2511000,317750
2007-03-17,309000,2515000,314750
2007-03-24,303000,2489000,310000
2007-03-31,307000,2499000,306750
2007-04-07,332000,2497000,312750
2007-04-14,327000,2538000,317250
2007-04-21,321000,2463000,321750
2007-04-28,301000,2486000,320250
2007-05-05,3e+05,2429000,312250
2007-05-12,297000,2465000,304750
2007-05-19,310000,2417000,302000
2007-05-26,310000,2480000,304250
2007-06-02,313000,2452000,307500
2007-06-09,313000,2484000,311500
2007-06-16,320000,2453000,314000
2007-06-23,313000,2520000,314750
2007-06-30,317000,2501000,315750
2007-07-07,321000,2563000,317750
2007-07-14,317000,2555000,317000
2007-07-21,310000,2514000,316250
2007-07-28,305000,2537000,313250
2007-08-04,314000,2531000,311500
2007-08-11,316000,2556000,311250
2007-08-18,321000,2556000,314000
2007-08-25,329000,2569000,320000
2007-09-01,314000,2565000,320000
2007-09-08,321000,2537000,321250
2007-09-15,313000,2536000,319250
2007-09-22,302000,2530000,312500
2007-09-29,317000,2518000,313250
2007-10-06,316000,2521000,312000
2007-10-13,335000,2541000,317500
2007-10-20,334000,2598000,325500
2007-10-27,328000,2587000,328250
2007-11-03,327000,2617000,331000
2007-11-10,333000,2607000,330500
2007-11-17,332000,2609000,330000
2007-11-24,352000,2634000,336000
2007-12-01,344000,2639000,340250
2007-12-08,332000,2672000,340000
2007-12-15,350000,2737000,344500
2007-12-22,355000,2752000,345250
2007-12-29,360000,2760000,349250
2008-01-05,346000,2828000,352750
2008-01-12,322000,2752000,345750
2008-01-19,321000,2770000,337250
2008-01-26,366000,2845000,338750
2008-02-02,350000,2810000,339750
2008-02-09,344000,2846000,345250
2008-02-16,339000,2837000,349750
2008-02-23,354000,2884000,346750
2008-03-01,345000,2867000,345500
2008-03-08,348000,2895000,346500
2008-03-15,369000,2897000,354000
2008-03-22,368000,2938000,357500
2008-03-29,387000,2967000,368000
2008-04-05,354000,2969000,369500
2008-04-12,365000,2937000,368500
2008-04-19,349000,2964000,363750
2008-04-26,370000,2986000,359500
2008-05-03,370000,2993000,363500
2008-05-10,366000,2997000,363750
2008-05-17,367000,3016000,368250
2008-05-24,369000,3007000,368000
2008-05-31,362000,3055000,366000
2008-06-07,382000,3010000,370000
2008-06-14,378000,3057000,372750
2008-06-21,381000,3054000,375750
2008-06-28,392000,3110000,383250
2008-07-05,371000,3113000,380500
2008-07-12,385000,3104000,382250
2008-07-19,402000,3227000,387500
2008-07-26,434000,3261000,398000
2008-08-02,448000,3330000,417250
2008-08-09,430000,3327000,428500
2008-08-16,424000,3385000,434000
2008-08-23,421000,3384000,430750
2008-08-30,442000,3464000,429250
2008-09-06,441000,3420000,432000
2008-09-13,449000,3493000,438250
2008-09-20,483000,3551000,453750
2008-09-27,483000,3623000,464000
2008-10-04,482000,3676000,474250
2008-10-11,461000,3696000,477250
2008-10-18,478000,3729000,476000
2008-10-25,480000,3823000,475250
2008-11-01,490000,3928000,477250
2008-11-08,512000,4011000,490000
2008-11-15,536000,4002000,504500
2008-11-22,532000,4095000,517500
2008-11-29,529000,4447000,527250
2008-12-06,570000,4417000,541750
2008-12-13,566000,4445000,549250
2008-12-20,587000,4548000,563000
2008-12-27,533000,4679000,564000
2009-01-03,503000,4692000,547250
2009-01-10,551000,4760000,543500
2009-01-17,591000,4864000,544500
2009-01-24,586000,4980000,557750
2009-01-31,629000,5010000,589250
2009-02-07,637000,5157000,610750
2009-02-14,632000,5279000,621000
2009-02-21,655000,5307000,638250
2009-02-28,652000,5445000,644000
2009-03-07,660000,5600000,649750
2009-03-14,651000,5699000,654500
2009-03-21,661000,5829000,656000
2009-03-28,665000,5935000,659250
2009-04-04,653000,6044000,657500
2009-04-11,599000,6130000,644500
2009-04-18,639000,6264000,639000
2009-04-25,620000,6300000,627750
2009-05-02,602000,6416000,615000
2009-05-09,625000,6516000,621500
2009-05-16,620000,6539000,616750
2009-05-23,606000,6522000,613250
2009-05-30,607000,6635000,614500
2009-06-06,596000,6506000,607250
2009-06-13,595000,6525000,601000
2009-06-20,608000,6488000,601500
2009-06-27,594000,6618000,598250
2009-07-04,573000,6145000,592500
2009-07-11,546000,6136000,580250
2009-07-18,560000,6118000,568250
2009-07-25,587000,6157000,566500
2009-08-01,555000,6111000,562000
2009-08-08,555000,6090000,564250
2009-08-15,562000,6008000,564750
2009-08-22,560000,6060000,558000
2009-08-29,564000,5970000,560250
2009-09-05,558000,6079000,561000
2009-09-12,542000,6006000,556000
2009-09-19,536000,5942000,550000
2009-09-26,554000,5912000,547500
2009-10-03,533000,5900000,541250
2009-10-10,511000,5828000,533500
2009-10-17,531000,5746000,532250
2009-10-24,530000,5705000,526250
2009-10-31,522000,5649000,523500
2009-11-07,512000,5568000,523750
2009-11-14,507000,5462000,517750
2009-11-21,482000,5489000,505750
2009-11-28,475000,5323000,494000
2009-12-05,497000,5289000,490250
2009-12-12,498000,5191000,488000
2009-12-19,479000,5100000,487250
2009-12-26,468000,4987000,485500
2010-01-02,456000,4870000,475250
2010-01-09,469000,4879000,468000
2010-01-16,507000,4809000,475000
2010-01-23,471000,4841000,475750
2010-01-30,496000,4796000,485750
2010-02-06,466000,4838000,485000
2010-02-13,489000,4815000,480500
2010-02-20,5e+05,4767000,487750
2010-02-27,488000,4755000,485750
2010-03-06,472000,4766000,487250
2010-03-13,478000,4750000,484500
2010-03-20,472000,4743000,477500
2010-03-27,459000,4668000,470250
2010-04-03,479000,4755000,472000
2010-04-10,479000,4746000,472250
2010-04-17,469000,4721000,471500
2010-04-24,449000,4690000,469000
2010-05-01,451000,4695000,462000
2010-05-08,451000,4707000,455000
2010-05-15,474000,4688000,456250
2010-05-22,463000,4731000,459750
2010-05-29,458000,4553000,461500
2010-06-05,459000,4624000,463500
2010-06-12,467000,4606000,461750
2010-06-19,452000,4619000,459000
2010-06-26,464000,4484000,460500
2010-07-03,454000,4620000,459250
2010-07-10,439000,4482000,452250
2010-07-17,462000,4545000,454750
2010-07-24,465000,4529000,455000
2010-07-31,476000,4467000,460500
2010-08-07,483000,4478000,471500
2010-08-14,486000,4432000,477500
2010-08-21,464000,4426000,477250
2010-08-28,467000,4509000,475000
2010-09-04,452000,4501000,467250
2010-09-11,444000,4487000,456750
2010-09-18,459000,4452000,455500
2010-09-25,459000,4431000,453500
2010-10-02,446000,4407000,452000
2010-10-09,459000,4403000,455750
2010-10-16,444000,4348000,452000
2010-10-23,432000,4331000,445250
2010-10-30,453000,4328000,447000
2010-11-06,434000,4270000,440750
2010-11-13,432000,4176000,437750
2010-11-20,407000,4218000,431500
2010-11-27,432000,4118000,426250
2010-12-04,428000,4137000,424750
2010-12-11,425000,4062000,423000
2010-12-18,424000,4113000,427250
2010-12-25,404000,4088000,420250
2011-01-01,413000,3898000,416500
2011-01-08,434000,3907000,418750
2011-01-15,421000,3974000,418000
2011-01-22,446000,3926000,428500
2011-01-29,420000,3887000,430250
2011-02-05,402000,3928000,422250
2011-02-12,425000,3839000,423250
2011-02-19,394000,3821000,410250
2011-02-26,385000,3809000,401500
2011-03-05,414000,3772000,404500
2011-03-12,404000,3772000,399250
2011-03-19,407000,3752000,402500
2011-03-26,399000,3766000,406000
2011-04-02,395000,3756000,401250
2011-04-09,416000,3751000,404250
2011-04-16,402000,3717000,403000
2011-04-23,422000,3796000,408750
2011-04-30,468000,3834000,427000
2011-05-07,435000,3787000,431750
2011-05-14,414000,3781000,434750
2011-05-21,423000,3799000,435000
2011-05-28,418000,3728000,422500
2011-06-04,423000,3750000,419500
2011-06-11,413000,3746000,419250
2011-06-18,416000,3752000,417500
2011-06-25,421000,3719000,418250
2011-07-02,418000,3733000,417000
2011-07-09,408000,3724000,415750
2011-07-16,420000,3734000,416750
2011-07-23,411000,3741000,414250
2011-07-30,406000,3676000,411250
2011-08-06,405000,3709000,410500
2011-08-13,409000,3717000,407750
2011-08-20,415000,3715000,408750
2011-08-27,409000,3723000,409500
2011-09-03,414000,3759000,411750
2011-09-10,429000,3758000,416750
2011-09-17,422000,3747000,418500
2011-09-24,406000,3707000,417750
2011-10-01,405000,3697000,415500
2011-10-08,410000,3731000,410750
2011-10-15,395000,3704000,404000
2011-10-22,403000,3699000,403250
2011-10-29,399000,3677000,401750
2011-11-05,392000,3603000,397250
2011-11-12,383000,3676000,394250
2011-11-19,385000,3739000,389750
2011-11-26,397000,3592000,389250
2011-12-03,387000,3595000,388000
2011-12-10,368000,3543000,384250
2011-12-17,368000,3588000,380000
2011-12-24,386000,3575000,377250
2011-12-31,376000,3566000,374500
2012-01-07,391000,3421000,398750
2012-01-14,367000,3511000,384500
2012-01-21,381000,3419000,378750
2012-01-28,372000,3454000,377750
2012-02-04,368000,3391000,372000
2012-02-11,361000,3362000,370500
2012-02-18,359000,3382000,365000
2012-02-25,365000,3392000,363250
2012-03-03,375000,3367000,365000
2012-03-10,369000,3353000,367000
2012-03-17,368000,3342000,369250
2012-03-24,363000,3336000,368750
2012-03-31,358000,3286000,364500
2012-04-07,387000,3325000,369000
2012-04-14,381000,3355000,372250
2012-04-21,387000,3316000,378250
2012-04-28,372000,3296000,381750
2012-05-05,373000,3326000,378250
2012-05-12,369000,3334000,375250
2012-05-19,371000,3301000,371250
2012-05-26,381000,3351000,373500
2012-06-02,377000,3327000,374500
2012-06-09,383000,3343000,378000
2012-06-16,384000,3323000,381250
2012-06-23,380000,3325000,381000
2012-06-30,372000,3304000,379750
2012-07-07,360000,3314000,374000
2012-07-14,390000,3307000,375500
2012-07-21,368000,3290000,372500
2012-07-28,372000,3312000,372500
2012-08-04,371000,3302000,375250
2012-08-11,369000,3296000,370000
2012-08-18,376000,3306000,372000
2012-08-25,377000,3321000,373250
2012-09-01,371000,3327000,373250
2012-09-08,393000,3312000,379250
2012-09-15,392000,3316000,383250
2012-09-22,377000,3308000,383250
2012-09-29,376000,3309000,384500
2012-10-06,350000,3295000,373750
2012-10-13,386000,3302000,372250
2012-10-20,374000,3285000,371500
2012-10-27,364000,3223000,368500
2012-11-03,365000,3368000,372250
2012-11-10,446000,3364000,387250
2012-11-17,406000,3325000,395250
2012-11-24,388000,3248000,401250
2012-12-01,375000,3195000,403750
2012-12-08,340000,3229000,377250
2012-12-15,356000,3179000,364750
2012-12-22,362000,3221000,358250
2012-12-29,362000,3127000,355000
2013-01-05,363000,3147000,369750
2013-01-12,344000,3108000,363750
2013-01-19,339000,3138000,352000
2013-01-26,366000,3138000,353000
2013-02-02,361000,3075000,352500
2013-02-09,347000,3081000,353250
2013-02-16,362000,3036000,359000
2013-02-23,342000,3043000,353000
2013-03-02,340000,3011000,347750
2013-03-09,343000,3024000,346750
2013-03-16,343000,3028000,342000
2013-03-23,358000,3046000,346000
2013-03-30,375000,3080000,354750
2013-04-06,359000,3076000,358750
2013-04-13,356000,3024000,362000
2013-04-20,343000,3027000,358250
2013-04-27,331000,3039000,347250
2013-05-04,335000,3042000,341250
2013-05-11,360000,2975000,342250
2013-05-18,343000,3020000,342250
2013-05-25,353000,3012000,347750
2013-06-01,346000,2999000,350500
2013-06-08,337000,3004000,344750
2013-06-15,353000,2996000,347250
2013-06-22,347000,2962000,345750
2013-06-29,340000,3003000,344250
2013-07-06,351000,3113000,347750
2013-07-13,344000,3011000,345500
2013-07-20,355000,2947000,347500
2013-07-27,334000,3010000,346000
2013-08-03,339000,2944000,343000
2013-08-10,327000,2987000,338750
2013-08-17,340000,2968000,335000
2013-08-24,336000,2934000,335500
2013-08-31,325000,2839000,332000
2013-09-07,3e+05,2822000,325250
2013-09-14,323000,2863000,321000
2013-09-21,314000,2954000,315500
2013-09-28,319000,2944000,314000
2013-10-05,368000,2929000,331000
2013-10-12,368000,2925000,342250
2013-10-19,351000,2933000,351500
2013-10-26,347000,2927000,358500
2013-11-02,342000,2873000,352000
2013-11-09,340000,2925000,345000
2013-11-16,331000,2837000,340000
2013-11-23,316000,2813000,332250
2013-11-30,312000,2808000,324750
2013-12-07,354000,2892000,328250
2013-12-14,364000,2903000,336500
2013-12-21,334000,2832000,341000
2013-12-28,332000,2807000,346000
2014-01-04,322000,2903000,338000
2014-01-11,318000,2907000,326500
2014-01-18,327000,2847000,324750
2014-01-25,340000,2850000,326750
2014-02-01,331000,2852000,329000
2014-02-08,337000,2859000,333750
2014-02-15,332000,2861000,335000
2014-02-22,341000,2823000,335250
2014-03-01,319000,2787000,332250
2014-03-08,322000,2816000,328500
2014-03-15,321000,2764000,325750
2014-03-22,313000,2800000,318750
2014-03-29,330000,2729000,321500
2014-04-05,311000,2730000,318750
2014-04-12,308000,2680000,315500
2014-04-19,327000,2767000,319000
2014-04-26,345000,2707000,322750
2014-05-03,325000,2702000,326250
2014-05-10,303000,2691000,325000
2014-05-17,324000,2657000,324250
2014-05-24,305000,2646000,314250
2014-05-31,312000,2641000,311000
2014-06-07,317000,2598000,314500
2014-06-14,314000,2595000,312000
2014-06-21,315000,2583000,314500
2014-06-28,308000,2579000,313500
2014-07-05,302000,2540000,309750
2014-07-12,308000,2528000,308250
2014-07-19,294000,2542000,303000
2014-07-26,303000,2524000,301750
2014-08-02,295000,2530000,3e+05
2014-08-09,309000,2508000,300250
2014-08-16,303000,2517000,302500
2014-08-23,3e+05,2483000,301750
2014-08-30,303000,2486000,303750
2014-09-06,307000,2452000,303250
2014-09-13,288000,2465000,299500
2014-09-20,295000,2447000,298250
2014-09-27,290000,2427000,295000
2014-10-04,293000,2441000,291500
2014-10-11,281000,2409000,289750
2014-10-18,290000,2437000,288500
2014-10-25,291000,2406000,288750
2014-11-01,280000,2436000,285500
2014-11-08,291000,2384000,288000
2014-11-15,293000,2351000,288750
2014-11-22,303000,2389000,291750
2014-11-29,291000,2484000,294500
2014-12-06,291000,2381000,294500
2014-12-13,286000,2379000,292750
2014-12-20,276000,2338000,286000
2014-12-27,285000,2422000,284500
2015-01-03,294000,2381000,285250
2015-01-10,304000,2400000,289750
2015-01-17,298000,2336000,295250
2015-01-24,261000,2335000,289250
2015-01-31,281000,2297000,286000
2015-02-07,298000,2344000,284500
2015-02-14,285000,2319000,281250
2015-02-21,305000,2341000,292250
2015-02-28,317000,2357000,301250
2015-03-07,293000,2361000,3e+05
2015-03-14,290000,2361000,301250
2015-03-21,284000,2306000,296000
2015-03-28,269000,2278000,284000
2015-04-04,282000,2273000,281250
2015-04-11,298000,2320000,283250
2015-04-18,295000,2279000,286000
2015-04-25,269000,2254000,286000
2015-05-02,267000,2261000,282250
2015-05-09,271000,2253000,275500
2015-05-16,276000,2258000,270750
2015-05-23,281000,2236000,273750
2015-05-30,275000,2294000,275750
2015-06-06,278000,2250000,277500
2015-06-13,269000,2268000,275750
2015-06-20,273000,2265000,273750
2015-06-27,275000,2312000,273750
2015-07-04,292000,2233000,277250
2015-07-11,285000,2226000,281250
2015-07-18,265000,2267000,279250
2015-07-25,269000,2253000,277750
2015-08-01,270000,2257000,272250
2015-08-08,274000,2247000,269500
2015-08-15,279000,2256000,273000
2015-08-22,274000,2252000,274250
2015-08-29,279000,2258000,276500
2015-09-05,273000,2243000,276250
2015-09-12,264000,2255000,272500
2015-09-19,269000,2234000,271250
2015-09-26,272000,2240000,269500
2015-10-03,267000,2207000,268000
2015-10-10,265000,2214000,268250
2015-10-17,264000,2194000,267000
2015-10-24,264000,2218000,265000
2015-10-31,275000,2205000,267000
2015-11-07,276000,2209000,269750
2015-11-14,272000,2185000,271750
2015-11-21,261000,2181000,271000
2015-11-28,265000,2259000,268500
2015-12-05,280000,2242000,269500
2015-12-12,268000,2190000,268500
2015-12-19,260000,2176000,268250
2015-12-26,276000,2207000,271000
2016-01-02,273000,2218000,269250
2016-01-09,284000,2190000,273250
2016-01-16,290000,2221000,280750
2016-01-23,269000,2199000,279000
2016-01-30,282000,2210000,281250
2016-02-06,266000,2213000,276750
2016-02-13,262000,2206000,269750
2016-02-20,270000,2203000,270000
2016-02-27,269000,2180000,266750
2016-03-05,255000,2203000,264000
2016-03-12,263000,2163000,264250
2016-03-19,264000,2138000,262750
2016-03-26,271000,2165000,263250
2016-04-02,273000,2151000,267750
2016-04-09,263000,2139000,267750
2016-04-16,257000,2135000,266000
2016-04-23,259000,2137000,263000
2016-04-30,278000,2183000,264250
2016-05-07,289000,2185000,270750
2016-05-14,279000,2177000,276250
2016-05-21,267000,2186000,278250
2016-05-28,263000,2131000,274500
2016-06-04,265000,2170000,268500
2016-06-11,273000,2158000,267000
2016-06-18,261000,2160000,265500
2016-06-25,262000,2139000,265250
2016-07-02,255000,2131000,262750
2016-07-09,252000,2125000,257500
2016-07-16,260000,2140000,257250
2016-07-23,264000,2134000,257750
2016-07-30,266000,2143000,260500
2016-08-06,265000,2157000,263750
2016-08-13,264000,2137000,264750
2016-08-20,264000,2148000,264750
2016-08-27,261000,2138000,263500
2016-09-03,257000,2149000,261500
2016-09-10,252000,2110000,258500
2016-09-17,250000,2098000,255000
2016-09-24,247000,2081000,251500
2016-10-01,245000,2080000,248500
2016-10-08,250000,2081000,248000
2016-10-15,263000,2069000,251250
2016-10-22,256000,2066000,253500
2016-10-29,265000,2067000,258500
2016-11-05,250000,2046000,258500
2016-11-12,232000,2045000,250750
2016-11-19,246000,2050000,248250
2016-11-26,255000,2038000,245750
2016-12-03,248000,2029000,245250
2016-12-10,252000,2030000,250250
2016-12-17,260000,2078000,253750
2016-12-24,257000,2077000,254250
2016-12-31,244000,2028000,253250
2017-01-07,243000,2020000,251000
2017-01-14,244000,2060000,247000
2017-01-21,254000,2030000,246250
2017-01-28,245000,2045000,246500
2017-02-04,237000,2030000,245000
2017-02-11,243000,2049000,244750
2017-02-18,248000,2009000,243250
2017-02-25,231000,2040000,239750
2017-03-04,246000,2005000,242000
2017-03-11,244000,1984000,242250
2017-03-18,255000,1993000,244000
2017-03-25,256000,2011000,250250
2017-04-01,237000,1982000,248000
2017-04-08,238000,1970000,246500
2017-04-15,242000,1973000,243250
2017-04-22,252000,1984000,242250
2017-04-29,241000,1925000,243250
2017-05-06,237000,1935000,243000
2017-05-13,237000,1935000,241750
2017-05-20,234000,1944000,237250
2017-05-27,251000,1935000,239750
2017-06-03,244000,1955000,241500
2017-06-10,237000,1953000,241500
2017-06-17,243000,1956000,243750
2017-06-24,237000,1966000,240250
2017-07-01,247000,1941000,241000
2017-07-08,243000,1965000,242500
2017-07-15,241000,1964000,242000
2017-07-22,245000,1961000,244000
2017-07-29,242000,1946000,242750
2017-08-05,245000,1948000,243250
2017-08-12,236000,1952000,242000
2017-08-19,240000,1949000,240750
2017-08-26,238000,1951000,239750
2017-09-02,298000,1951000,253000
2017-09-09,274000,1990000,262500
2017-09-16,259000,1941000,267250
2017-09-23,262000,1932000,273250
2017-09-30,254000,1928000,262250
2017-10-07,245000,1922000,255000
2017-10-14,230000,1923000,247750
2017-10-21,235000,1917000,241000
2017-10-28,235000,1927000,236250
2017-11-04,239000,1926000,234750
2017-11-11,247000,1914000,239000
2017-11-18,235000,1922000,239000
2017-11-25,233000,1940000,238500
2017-12-02,230000,1892000,236250
2017-12-09,226000,1926000,231000
2017-12-16,239000,1928000,232000
2017-12-23,243000,1908000,234500
2017-12-30,241000,1862000,237250
2018-01-06,249000,1919000,243000
2018-01-13,228000,1908000,240250
2018-01-20,233000,1921000,237750
2018-01-27,227000,1899000,234250
2018-02-03,224000,1900000,228000
2018-02-10,227000,1865000,227750
2018-02-17,220000,1879000,224500
2018-02-24,215000,1854000,221500
2018-03-03,226000,1853000,222000
2018-03-10,223000,1833000,221000
2018-03-17,224000,1821000,222000
2018-03-24,220000,1805000,223250
2018-03-31,235000,1835000,225500
2018-04-07,235000,1856000,228500
2018-04-14,235000,1815000,231250
2018-04-21,208000,1769000,228250
2018-04-28,212000,1780000,222500
2018-05-05,210000,1734000,216250
2018-05-12,224000,1742000,213500
2018-05-19,230000,1739000,219000
2018-05-26,221000,1742000,221250
2018-06-02,221000,1714000,224000
2018-06-09,218000,1736000,222500
2018-06-16,220000,1716000,220000
2018-06-23,220000,1740000,219750
2018-06-30,229000,1734000,221750
2018-07-07,229000,1750000,224500
2018-07-14,212000,1747000,222500
2018-07-21,220000,1726000,222500
2018-07-28,218000,1753000,219750
2018-08-04,217000,1722000,216750
2018-08-11,212000,1729000,216750
2018-08-18,215000,1713000,215500
2018-08-25,214000,1717000,214500
2018-09-01,209000,1710000,212500
2018-09-08,210000,1670000,212000
2018-09-15,212000,1690000,211250
2018-09-22,212000,1675000,210750
2018-09-29,216000,1670000,212500
2018-10-06,212000,1664000,213000
2018-10-13,212000,1656000,213000
2018-10-20,219000,1657000,214750
2018-10-27,216000,1651000,214750
2018-11-03,216000,1663000,215750
2018-11-10,217000,1671000,217000
2018-11-17,220000,1726000,217250
2018-11-24,230000,1664000,220750
2018-12-01,225000,1663000,223000
2018-12-08,203000,1703000,219500
2018-12-15,214000,1697000,218000
2018-12-22,220000,1723000,215500
2018-12-29,226000,1697000,215750
2019-01-05,218000,1713000,219500
2019-01-12,215000,1709000,219750
2019-01-19,211000,1740000,217500
2019-01-26,236000,1717000,220000
2019-02-02,233000,1743000,223750
2019-02-09,232000,1723000,228000
2019-02-16,218000,1758000,229750
2019-02-23,223000,1747000,226500
2019-03-02,220000,1748000,223250
2019-03-09,225000,1745000,221500
2019-03-16,218000,1719000,221500
2019-03-23,215000,1710000,219500
2019-03-30,211000,1692000,217250
2019-04-06,203000,1659000,211750
2019-04-13,203000,1649000,208000
2019-04-20,224000,1671000,210250
2019-04-27,230000,1675000,215000
2019-05-04,225000,1667000,220500
2019-05-11,216000,1676000,223750
2019-05-18,213000,1666000,221000
2019-05-25,218000,1687000,218000
2019-06-01,220000,1692000,216750
2019-06-08,220000,1668000,217750
2019-06-15,219000,1689000,219250
2019-06-22,224000,1689000,220750
2019-06-29,223000,1712000,221500
2019-07-06,205000,1688000,217750
2019-07-13,217000,1679000,217250
2019-07-20,210000,1692000,213750
2019-07-27,216000,1689000,212000
2019-08-03,214000,1714000,214250
2019-08-10,218000,1682000,214500
2019-08-17,214000,1697000,215500
2019-08-24,215000,1678000,215250
2019-08-31,218000,1679000,216250
2019-09-07,208000,1673000,213750
2019-09-14,211000,1668000,213000
2019-09-21,215000,1665000,213000
2019-09-28,217000,1696000,212750
2019-10-05,212000,1687000,213750
2019-10-12,217000,1693000,215250
2019-10-19,212000,1694000,214500
2019-10-26,216000,1695000,214250
2019-11-02,211000,1692000,214000
2019-11-09,222000,1695000,215250
2019-11-16,221000,1678000,217500
2019-11-23,215000,1699000,217250
2019-11-30,219000,1705000,219250
2019-12-07,238000,1726000,223250
2019-12-14,227000,1718000,224750
2019-12-21,218000,1725000,225500
2019-12-28,218000,1779000,225250
2020-01-04,210000,1766000,218250
2020-01-11,206000,1739000,213000
2020-01-18,219000,1709000,213250
2020-01-25,210000,1752000,211250
2020-02-01,205000,1698000,210000
2020-02-08,207000,1734000,210250
2020-02-15,215000,1705000,209250
2020-02-22,218000,1730000,211250
2020-02-29,216000,1708000,214000
2020-03-07,212000,1715000,215250
2020-03-14,256000,1770000,225500
2020-03-21,2923000,3094000,901750
2020-03-28,5985000,7868000,2344000
2020-04-04,6149000,12261000,3828250
2020-04-11,4869000,16070000,4981500
2020-04-18,4202000,17656000,5301250
2020-04-25,3451000,21664000,4667750
2020-05-02,2784000,20823000,3826500
2020-05-09,2315000,23128000,3188000
2020-05-16,2149000,19181000,2674750
2020-05-23,1887000,19396000,2283750
2020-05-30,1605000,19287000,1989000
2020-06-06,1537000,18927000,1794500
2020-06-13,1472000,17993000,1625250
2020-06-20,1460000,17713000,1518500
2020-06-27,1436000,16780000,1476250
2020-07-04,1398000,17413000,1441500
2020-07-11,1479000,16385000,1443250
2020-07-18,1398000,16913000,1427750
2020-07-25,1262000,15964000,1384250
2020-08-01,1043000,15303000,1295500
2020-08-08,883000,14217000,1146500
2020-08-15,920000,13948000,1027000
2020-08-22,872000,13246000,929500
2020-08-29,875000,13528000,887500
2020-09-05,881000,12755000,887000
2020-09-12,860000,12706000,872000
2020-09-19,860000,11381000,869000
2020-09-26,803000,10477000,851000
2020-10-03,782000,9259000,826250
2020-10-10,833000,8384000,819500
2020-10-17,798000,7699000,804000
2020-10-24,768000,7076000,795250
2020-10-31,765000,6724000,791000
2020-11-07,728000,6389000,764750
2020-11-14,732000,6138000,748250
2020-11-21,762000,5606000,746750
2020-11-28,719000,5829000,735250
2020-12-05,853000,5614000,766500
2020-12-12,873000,5433000,801750
2020-12-19,803000,5311000,812000
2020-12-26,763000,5180000,823000
2021-01-02,781000,5240000,805000
2021-01-09,904000,5061000,812750
2021-01-16,886000,4878000,833500
2021-01-23,836000,4791000,851750
2021-01-30,837000,4655000,865750
2021-02-06,863000,4592000,855500
2021-02-13,847000,4469000,845750
2021-02-20,747000,4383000,823500
2021-02-27,761000,4157000,804500
2021-03-06,734000,4123000,772250
2021-03-13,765000,3841000,751750
2021-03-20,658000,3753000,729500
2021-03-27,729000,3717000,721500
2021-04-03,742000,3708000,723500
2021-04-10,586000,3652000,678750
2021-04-17,566000,3653000,655750
2021-04-24,590000,3680000,621000
2021-05-01,507000,3640000,562250
2021-05-08,478000,3738000,535250
2021-05-15,444000,3611000,504750
2021-05-22,405000,3769000,458500
2021-05-29,388000,3517000,428750
2021-06-05,374000,3528000,402750
2021-06-12,418000,3412000,396250
2021-06-19,416000,3484000,399000
2021-06-26,368000,3367000,394000
2021-07-03,386000,3265000,397000
2021-07-10,368000,3262000,384500
2021-07-17,424000,3296000,386500
2021-07-24,399000,2980000,394250
2021-07-31,387000,2899000,394500
2021-08-07,377000,2865000,396750
2021-08-14,349000,2908000,378000
2021-08-21,354000,2805000,366750
2021-08-28,345000,2852000,356250
2021-09-04,312000,2715000,340000
2021-09-11,335000,2820000,336500
2021-09-18,351000,2811000,335750
2021-09-25,364000,2727000,340500
2021-10-02,329000,2603000,344750
2021-10-09,296000,2480000,335000
2021-10-16,291000,2239000,320000
2021-10-23,283000,2105000,299750
2021-10-30,269000,NA,284750
