"date","TOTALSL","FLREVOLSL","NONREVSL"
1943-01-01,6.57783,NA,6.57783
1943-02-01,6.46304,NA,6.46304
1943-03-01,6.23421,NA,6.23421
1943-04-01,6.12575,NA,6.12575
1943-05-01,5.93626,NA,5.93626
1943-06-01,5.82223,NA,5.82223
1943-07-01,5.71837,NA,5.71837
1943-08-01,5.63875,NA,5.63875
1943-09-01,5.64759,NA,5.64759
1943-10-01,5.65074,NA,5.65074
1943-11-01,5.57687,NA,5.57687
1943-12-01,5.46252,NA,5.46252
1944-01-01,5.39857,NA,5.39857
1944-02-01,5.35436,NA,5.35436
1944-03-01,5.37036,NA,5.37036
1944-04-01,5.37918,NA,5.37918
1944-05-01,5.4305,NA,5.4305
1944-06-01,5.46779,NA,5.46779
1944-07-01,5.4982,NA,5.4982
1944-08-01,5.53396,NA,5.53396
1944-09-01,5.54923,NA,5.54923
1944-10-01,5.56593,NA,5.56593
1944-11-01,5.5701,NA,5.5701
1944-12-01,5.58569,NA,5.58569
1945-01-01,5.60273,NA,5.60273
1945-02-01,5.57381,NA,5.57381
1945-03-01,5.66769,NA,5.66769
1945-04-01,5.58245,NA,5.58245
1945-05-01,5.60525,NA,5.60525
1945-06-01,5.70445,NA,5.70445
1945-07-01,5.74878,NA,5.74878
1945-08-01,5.76701,NA,5.76701
1945-09-01,5.75827,NA,5.75827
1945-10-01,5.93202,NA,5.93202
1945-11-01,6.09555,NA,6.09555
1945-12-01,6.56705,NA,6.56705
1946-01-01,6.50451,NA,6.50451
1946-02-01,6.76595,NA,6.76595
1946-03-01,7.00545,NA,7.00545
1946-04-01,7.33322,NA,7.33322
1946-05-01,7.53237,NA,7.53237
1946-06-01,7.70221,NA,7.70221
1946-07-01,7.93364,NA,7.93364
1946-08-01,8.34516,NA,8.34516
1946-09-01,8.5996,NA,8.5996
1946-10-01,8.89514,NA,8.89514
1946-11-01,9.21828,NA,9.21828
1946-12-01,9.44439,NA,9.44439
1947-01-01,9.7702,NA,9.7702
1947-02-01,10.089,NA,10.089
1947-03-01,10.34585,NA,10.34585
1947-04-01,10.64594,NA,10.64594
1947-05-01,10.92631,NA,10.92631
1947-06-01,11.13565,NA,11.13565
1947-07-01,11.36412,NA,11.36412
1947-08-01,11.58288,NA,11.58288
1947-09-01,11.8603,NA,11.8603
1947-10-01,12.20513,NA,12.20513
1947-11-01,12.53487,NA,12.53487
1947-12-01,12.85562,NA,12.85562
1948-01-01,13.22861,NA,13.22861
1948-02-01,13.52428,NA,13.52428
1948-03-01,13.92124,NA,13.92124
1948-04-01,14.26407,NA,14.26407
1948-05-01,14.50028,NA,14.50028
1948-06-01,14.77527,NA,14.77527
1948-07-01,15.04157,NA,15.04157
1948-08-01,15.2297,NA,15.2297
1948-09-01,15.51514,NA,15.51514
1948-10-01,15.57962,NA,15.57962
1948-11-01,15.60337,NA,15.60337
1948-12-01,15.80323,NA,15.80323
1949-01-01,15.9017,NA,15.9017
1949-02-01,16.00926,NA,16.00926
1949-03-01,16.09298,NA,16.09298
1949-04-01,16.4132,NA,16.4132
1949-05-01,16.6381,NA,16.6381
1949-06-01,16.86093,NA,16.86093
1949-07-01,17.0611,NA,17.0611
1949-08-01,17.35549,NA,17.35549
1949-09-01,17.69516,NA,17.69516
1949-10-01,18.02132,NA,18.02132
1949-11-01,18.43599,NA,18.43599
1949-12-01,18.77221,NA,18.77221
1950-01-01,19.05087,NA,19.05087
1950-02-01,19.37163,NA,19.37163
1950-03-01,19.73483,NA,19.73483
1950-04-01,20.14838,NA,20.14838
1950-05-01,20.62168,NA,20.62168
1950-06-01,21.11884,NA,21.11884
1950-07-01,22.08629,NA,22.08629
1950-08-01,22.72826,NA,22.72826
1950-09-01,23.17157,NA,23.17157
1950-10-01,23.24215,NA,23.24215
1950-11-01,23.25856,NA,23.25856
1950-12-01,23.22916,NA,23.22916
1951-01-01,23.7976,NA,23.7976
1951-02-01,24.10942,NA,24.10942
1951-03-01,24.28096,NA,24.28096
1951-04-01,24.07615,NA,24.07615
1951-05-01,23.99488,NA,23.99488
1951-06-01,23.84103,NA,23.84103
1951-07-01,23.70657,NA,23.70657
1951-08-01,23.94011,NA,23.94011
1951-09-01,24.09829,NA,24.09829
1951-10-01,24.28801,NA,24.28801
1951-11-01,24.63974,NA,24.63974
1951-12-01,24.62795,NA,24.62795
1952-01-01,24.80192,NA,24.80192
1952-02-01,25.15192,NA,25.15192
1952-03-01,25.19558,NA,25.19558
1952-04-01,25.54805,NA,25.54805
1952-05-01,26.14647,NA,26.14647
1952-06-01,26.76243,NA,26.76243
1952-07-01,27.21019,NA,27.21019
1952-08-01,27.46878,NA,27.46878
1952-09-01,27.86982,NA,27.86982
1952-10-01,28.49656,NA,28.49656
1952-11-01,29.04911,NA,29.04911
1952-12-01,29.68558,NA,29.68558
1953-01-01,30.47945,NA,30.47945
1953-02-01,30.88661,NA,30.88661
1953-03-01,31.63933,NA,31.63933
1953-04-01,32.11735,NA,32.11735
1953-05-01,32.43182,NA,32.43182
1953-06-01,32.50158,NA,32.50158
1953-07-01,32.7923,NA,32.7923
1953-08-01,33.06061,NA,33.06061
1953-09-01,33.25574,NA,33.25574
1953-10-01,33.48228,NA,33.48228
1953-11-01,33.55831,NA,33.55831
1953-12-01,33.69692,NA,33.69692
1954-01-01,34.0649,NA,34.0649
1954-02-01,33.70135,NA,33.70135
1954-03-01,33.50766,NA,33.50766
1954-04-01,33.7065,NA,33.7065
1954-05-01,33.7048,NA,33.7048
1954-06-01,33.81539,NA,33.81539
1954-07-01,34.0572,NA,34.0572
1954-08-01,34.00956,NA,34.00956
1954-09-01,34.13728,NA,34.13728
1954-10-01,34.36337,NA,34.36337
1954-11-01,34.60856,NA,34.60856
1954-12-01,35.02827,NA,35.02827
1955-01-01,35.37251,NA,35.37251
1955-02-01,35.92541,NA,35.92541
1955-03-01,36.53032,NA,36.53032
1955-04-01,37.23521,NA,37.23521
1955-05-01,37.73678,NA,37.73678
1955-06-01,38.53667,NA,38.53667
1955-07-01,39.02943,NA,39.02943
1955-08-01,39.73277,NA,39.73277
1955-09-01,40.39419,NA,40.39419
1955-10-01,40.83366,NA,40.83366
1955-11-01,41.36682,NA,41.36682
1955-12-01,41.86903,NA,41.86903
1956-01-01,42.12013,NA,42.12013
1956-02-01,42.56107,NA,42.56107
1956-03-01,43.20525,NA,43.20525
1956-04-01,43.38397,NA,43.38397
1956-05-01,43.79961,NA,43.79961
1956-06-01,44.05363,NA,44.05363
1956-07-01,44.17342,NA,44.17342
1956-08-01,44.49886,NA,44.49886
1956-09-01,44.77898,NA,44.77898
1956-10-01,44.93415,NA,44.93415
1956-11-01,45.40079,NA,45.40079
1956-12-01,45.44824,NA,45.44824
1957-01-01,45.7005,NA,45.7005
1957-02-01,46.04224,NA,46.04224
1957-03-01,46.2453,NA,46.2453
1957-04-01,46.51742,NA,46.51742
1957-05-01,46.83804,NA,46.83804
1957-06-01,47.00029,NA,47.00029
1957-07-01,47.36847,NA,47.36847
1957-08-01,47.64621,NA,47.64621
1957-09-01,47.74148,NA,47.74148
1957-10-01,47.879,NA,47.879
1957-11-01,47.95967,NA,47.95967
1957-12-01,48.07827,NA,48.07827
1958-01-01,48.29247,NA,48.29247
1958-02-01,48.09752,NA,48.09752
1958-03-01,47.77344,NA,47.77344
1958-04-01,47.6625,NA,47.6625
1958-05-01,47.61828,NA,47.61828
1958-06-01,47.50736,NA,47.50736
1958-07-01,47.55228,NA,47.55228
1958-08-01,47.59298,NA,47.59298
1958-09-01,47.71292,NA,47.71292
1958-10-01,47.82317,NA,47.82317
1958-11-01,47.98748,NA,47.98748
1958-12-01,48.39435,NA,48.39435
1959-01-01,48.96116,NA,48.96116
1959-02-01,49.51371,NA,49.51371
1959-03-01,50.00773,NA,50.00773
1959-04-01,50.46343,NA,50.46343
1959-05-01,51.00724,NA,51.00724
1959-06-01,51.67544,NA,51.67544
1959-07-01,52.35685,NA,52.35685
1959-08-01,53.03853,NA,53.03853
1959-09-01,53.68375,NA,53.68375
1959-10-01,54.36595,NA,54.36595
1959-11-01,54.79481,NA,54.79481
1959-12-01,56.01068,NA,56.01068
1960-01-01,56.01558,NA,56.01558
1960-02-01,56.36463,NA,56.36463
1960-03-01,56.86288,NA,56.86288
1960-04-01,57.7114,NA,57.7114
1960-05-01,57.95103,NA,57.95103
1960-06-01,58.38706,NA,58.38706
1960-07-01,58.74671,NA,58.74671
1960-08-01,58.94715,NA,58.94715
1960-09-01,59.36465,NA,59.36465
1960-10-01,59.62899,NA,59.62899
1960-11-01,59.87401,NA,59.87401
1960-12-01,60.02531,NA,60.02531
1961-01-01,60.67185,NA,60.67185
1961-02-01,60.31013,NA,60.31013
1961-03-01,60.45546,NA,60.45546
1961-04-01,60.07587,NA,60.07587
1961-05-01,60.17969,NA,60.17969
1961-06-01,60.33475,NA,60.33475
1961-07-01,60.39598,NA,60.39598
1961-08-01,60.61948,NA,60.61948
1961-09-01,60.88309,NA,60.88309
1961-10-01,61.15822,NA,61.15822
1961-11-01,61.74829,NA,61.74829
1961-12-01,62.24853,NA,62.24853
1962-01-01,62.2828,NA,62.2828
1962-02-01,62.64035,NA,62.64035
1962-03-01,63.12857,NA,63.12857
1962-04-01,63.86691,NA,63.86691
1962-05-01,64.60104,NA,64.60104
1962-06-01,65.13742,NA,65.13742
1962-07-01,65.51218,NA,65.51218
1962-08-01,66.05512,NA,66.05512
1962-09-01,66.43833,NA,66.43833
1962-10-01,67.02888,NA,67.02888
1962-11-01,67.6421,NA,67.6421
1962-12-01,68.12672,NA,68.12672
1963-01-01,68.65646,NA,68.65646
1963-02-01,69.37675,NA,69.37675
1963-03-01,70.07341,NA,70.07341
1963-04-01,70.80161,NA,70.80161
1963-05-01,71.33514,NA,71.33514
1963-06-01,71.87559,NA,71.87559
1963-07-01,72.71645,NA,72.71645
1963-08-01,73.57616,NA,73.57616
1963-09-01,74.16977,NA,74.16977
1963-10-01,75.11295,NA,75.11295
1963-11-01,75.60692,NA,75.60692
1963-12-01,76.58145,NA,76.58145
1964-01-01,77.46136,NA,77.46136
1964-02-01,78.33623,NA,78.33623
1964-03-01,79.24041,NA,79.24041
1964-04-01,79.90816,NA,79.90816
1964-05-01,80.83452,NA,80.83452
1964-06-01,81.42818,NA,81.42818
1964-07-01,82.2945,NA,82.2945
1964-08-01,82.97305,NA,82.97305
1964-09-01,83.92197,NA,83.92197
1964-10-01,84.53018,NA,84.53018
1964-11-01,84.94403,NA,84.94403
1964-12-01,85.95957,NA,85.95957
1965-01-01,87.18259,NA,87.18259
1965-02-01,88.15204,NA,88.15204
1965-03-01,88.91607,NA,88.91607
1965-04-01,90.04741,NA,90.04741
1965-05-01,90.88588,NA,90.88588
1965-06-01,91.83009,NA,91.83009
1965-07-01,92.69463,NA,92.69463
1965-08-01,93.2871,NA,93.2871
1965-09-01,94.12648,NA,94.12648
1965-10-01,94.80453,NA,94.80453
1965-11-01,95.40527,NA,95.40527
1965-12-01,95.95472,NA,95.95472
1966-01-01,97.03072,NA,97.03072
1966-02-01,97.75836,NA,97.75836
1966-03-01,98.44639,NA,98.44639
1966-04-01,98.80509,NA,98.80509
1966-05-01,99.30544,NA,99.30544
1966-06-01,99.78867,NA,99.78867
1966-07-01,100.06144,NA,100.06144
1966-08-01,100.5867,NA,100.5867
1966-09-01,100.67245,NA,100.67245
1966-10-01,100.95307,NA,100.95307
1966-11-01,101.43735,NA,101.43735
1966-12-01,101.78822,NA,101.78822
1967-01-01,102.19855,NA,102.19855
1967-02-01,102.36259,NA,102.36259
1967-03-01,102.73216,NA,102.73216
1967-04-01,102.88594,NA,102.88594
1967-05-01,103.1514,NA,103.1514
1967-06-01,103.74104,NA,103.74104
1967-07-01,104.09425,NA,104.09425
1967-08-01,104.67752,NA,104.67752
1967-09-01,105.17229,NA,105.17229
1967-10-01,105.44072,NA,105.44072
1967-11-01,106.29661,NA,106.29661
1967-12-01,106.84264,NA,106.84264
1968-01-01,106.7724,NA,105.45563
1968-02-01,107.92842,0.04201,106.56964
1968-03-01,108.68905,0.05397,107.2763
1968-04-01,109.59758,0.06491,108.11991
1968-05-01,110.37701,0.06075,108.83859
1968-06-01,111.06785,0.07606,109.45337
1968-07-01,112.1237,0.07119,110.43804
1968-08-01,112.84495,0.08345,111.07584
1968-09-01,113.75424,0.07062,111.91451
1968-10-01,115.22826,0.1154,113.27313
1968-11-01,116.19605,0.04208,114.19884
1968-12-01,117.39909,0.04433,115.35755
1969-01-01,118.22598,0.09598,116.08847
1969-02-01,119.44904,0.07882,117.2327
1969-03-01,120.43148,0.09136,118.12378
1969-04-01,121.52369,0.13087,119.08512
1969-05-01,122.56481,0.15512,119.97112
1969-06-01,123.38066,0.13427,120.65271
1969-07-01,124.00398,0.13572,121.14031
1969-08-01,124.60868,0.13353,121.61148
1969-09-01,125.31914,0.16176,122.16018
1969-10-01,126.01972,0.16798,122.69279
1969-11-01,126.56923,0.13701,123.10528
1969-12-01,127.15618,0.14089,123.55135
1970-01-01,127.80299,0.08838,124.10978
1970-02-01,128.19115,0.10937,124.38857
1970-03-01,128.28,0.10555,124.37186
1970-04-01,128.37472,0.1254,124.34119
1970-05-01,128.53404,0.10436,124.39614
1970-06-01,129.18543,0.14218,124.90534
1970-07-01,129.85691,0.14281,125.43401
1970-08-01,130.1846,0.11949,125.64221
1970-09-01,130.85083,0.14427,126.16417
1970-10-01,131.11307,0.14926,126.27715
1970-11-01,130.80743,0.07906,125.89246
1970-12-01,131.55155,0.04649,126.59009
1971-01-01,134.16406,2.20752,126.99507
1971-02-01,134.93292,0.06389,127.70005
1971-03-01,135.73629,0.06468,128.43874
1971-04-01,136.99253,0.16235,129.53262
1971-05-01,137.84093,0.18211,130.19892
1971-06-01,138.76893,0.09784,131.02909
1971-07-01,139.90802,0.16101,132.00717
1971-08-01,141.25209,0.14392,133.20731
1971-09-01,142.76657,0.18597,134.53582
1971-10-01,143.92676,0.08284,135.61318
1971-11-01,145.63484,-0.00772,137.32897
1971-12-01,146.93018,-0.06053,138.68484
1972-01-01,147.66048,-0.15332,139.56847
1972-02-01,148.92454,0.00181,140.83072
1972-03-01,150.77106,0.14148,142.53576
1972-04-01,152.32195,0.19265,143.894
1972-05-01,154.19949,0.1503,145.62123
1972-06-01,156.15301,0.20745,147.3673
1972-07-01,157.27992,0.17228,148.32193
1972-08-01,158.93936,0.17518,149.8062
1972-09-01,160.55329,0.17458,151.24555
1972-10-01,162.22503,0.08233,152.83496
1972-11-01,164.10159,0.01172,154.69979
1972-12-01,166.1891,-0.02256,156.80986
1973-01-01,169.29467,0.00162,159.91381
1973-02-01,171.60183,0.12485,162.09612
1973-03-01,173.90894,0.14995,164.25328
1973-04-01,175.76268,0.16919,165.93783
1973-05-01,178.12795,0.21884,168.08427
1973-06-01,180.42927,0.30339,170.0822
1973-07-01,182.3182,0.18367,171.78746
1973-08-01,184.32651,0.27002,173.52575
1973-09-01,185.34551,0.13279,174.41196
1973-10-01,187.47609,0.25415,176.28839
1973-11-01,189.3088,0.17458,177.94652
1973-12-01,190.08631,-0.02006,178.74409
1974-01-01,191.31247,-0.01543,179.98568
1974-02-01,192.51536,-0.00034,181.18892
1974-03-01,193.35799,0.05056,181.98099
1974-04-01,194.60355,0.20543,183.02112
1974-05-01,195.8699,0.37011,183.91737
1974-06-01,196.8878,0.33702,184.59824
1974-07-01,198.29354,0.36212,185.64186
1974-08-01,199.3168,0.37501,186.29011
1974-09-01,199.61712,0.22423,186.3662
1974-10-01,199.53477,0.27973,186.00412
1974-11-01,199.25468,0.04496,185.67908
1974-12-01,198.91784,-0.33435,185.67658
1975-01-01,199.0636,0.03359,185.78875
1975-02-01,199.50775,-0.05329,186.28619
1975-03-01,199.10994,-0.04369,185.93207
1975-04-01,198.74286,0.16476,185.40023
1975-05-01,198.73721,0.11128,185.2833
1975-06-01,196.04336,0.13704,182.45241
1975-07-01,197.57936,0.29471,183.69369
1975-08-01,198.21159,0.28188,184.04404
1975-09-01,199.42896,0.32301,184.9384
1975-10-01,200.43428,0.32048,185.62324
1975-11-01,201.49288,-0.1078,186.78965
1975-12-01,204.002,-0.20797,189.50673
1976-01-01,205.52079,-0.06269,191.08821
1976-02-01,206.70929,-0.08222,192.35893
1976-03-01,208.33857,-0.03627,194.02447
1976-04-01,210.50006,0.28195,195.90402
1976-05-01,211.40742,0.20546,196.60592
1976-06-01,213.2401,0.28431,198.1543
1976-07-01,215.2727,0.49959,199.6873
1976-08-01,216.50986,0.31514,200.60932
1976-09-01,218.70878,0.45238,202.35586
1976-10-01,220.8671,0.39428,204.11991
1976-11-01,222.80491,-0.04163,206.09935
1976-12-01,225.72159,-0.21652,209.23254
1977-01-01,225.73315,14.19458,195.04952
1977-02-01,228.52821,-0.14973,197.99431
1977-03-01,232.34827,0.46404,201.35033
1977-04-01,235.59405,0.81973,203.77639
1977-05-01,239.01809,0.86764,206.33278
1977-06-01,242.40858,0.74471,208.97857
1977-07-01,245.48106,0.53683,211.51421
1977-08-01,248.47453,0.63895,213.86873
1977-09-01,251.2618,0.76801,215.88798
1977-10-01,255.41564,1.09992,218.94191
1977-11-01,258.77291,0.50543,221.79374
1977-12-01,260.5627,0.43565,223.14788
1978-01-01,262.76532,-0.49022,225.84072
1978-02-01,265.73802,-0.03038,228.84381
1978-03-01,270.26281,0.58495,232.78364
1978-04-01,274.13698,0.86386,235.79394
1978-05-01,279.25657,1.00813,239.90541
1978-06-01,285.10077,1.19583,244.55378
1978-07-01,288.80554,0.98809,247.27046
1978-08-01,292.81311,0.94678,250.33125
1978-09-01,296.17942,1.0285,252.66905
1978-10-01,298.81249,0.93471,254.36742
1978-11-01,302.7302,0.59561,257.68952
1978-12-01,306.10039,0.65028,260.40943
1979-01-01,309.90309,-0.10296,264.3151
1979-02-01,313.52378,0.21914,267.71665
1979-03-01,317.20074,0.56257,270.83104
1979-04-01,320.94487,1.02027,273.55491
1979-05-01,325.17739,1.13039,276.65703
1979-06-01,328.17274,0.88492,278.76747
1979-07-01,331.98999,0.72534,281.85938
1979-08-01,335.78546,1.14086,284.51399
1979-09-01,339.44975,0.80474,287.37354
1979-10-01,343.2513,1.10449,290.07061
1979-11-01,346.38941,0.73433,292.47439
1979-12-01,348.58911,-0.31859,294.99267
1980-01-01,350.4757,0.15333,296.72593
1980-02-01,353.05623,0.37936,298.9271
1980-03-01,353.04211,0.00994,298.90304
1980-04-01,351.28721,-0.17904,297.32717
1980-05-01,348.64454,0.02278,294.66172
1980-06-01,346.69696,-0.1987,292.91284
1980-07-01,347.07137,0.26749,293.01976
1980-08-01,347.54601,0.36249,293.1319
1980-09-01,348.16314,-0.02283,293.77186
1980-10-01,349.59772,-0.03398,295.24042
1980-11-01,350.00449,0.08856,295.55863
1980-12-01,351.92005,0.52419,296.95
1981-01-01,353.02932,0.52113,297.53814
1981-02-01,354.74499,0.32017,298.93364
1981-03-01,357.12713,0.47087,300.84492
1981-04-01,359.13287,0.84311,302.00754
1981-05-01,361.2328,0.64183,303.46564
1981-06-01,362.74346,0.97485,304.00145
1981-07-01,364.67773,0.3027,305.63303
1981-08-01,365.15446,0.25449,305.85527
1981-09-01,369.59574,0.89556,309.40099
1981-10-01,370.45671,0.4326,309.82936
1981-11-01,371.75991,0.13,311.00255
1981-12-01,371.30144,0.17065,310.37344
1982-01-01,375.16736,0.2681,313.97126
1982-02-01,376.37707,0.27271,314.90825
1982-03-01,376.88541,0.15644,315.26016
1982-04-01,378.63428,0.62958,316.37945
1982-05-01,380.4388,0.59437,317.5896
1982-06-01,381.98562,0.63621,318.5002
1982-07-01,382.4471,0.85525,318.10643
1982-08-01,382.86264,0.46372,318.05826
1982-09-01,384.35525,0.33677,319.21409
1982-10-01,384.96719,0.30498,319.52105
1982-11-01,386.76665,0.19418,321.12634
1982-12-01,389.84874,0.70798,323.50044
1983-01-01,391.82773,0.37794,325.10149
1983-02-01,392.36096,0.02996,325.60476
1983-03-01,395.58305,0.78535,328.04151
1983-04-01,398.42671,0.8618,330.02337
1983-05-01,399.95372,0.48219,331.06819
1983-06-01,404.8326,1.39527,334.5518
1983-07-01,409.47521,1.25954,337.93487
1983-08-01,413.99357,1.02558,341.42764
1983-09-01,417.82094,0.99796,344.25706
1983-10-01,423.773,1.55827,348.65084
1983-11-01,429.97738,1.66478,353.19044
1983-12-01,437.06886,2.24031,358.04161
1984-01-01,441.99113,0.0867,362.87719
1984-02-01,451.90703,1.59055,371.20254
1984-03-01,456.55016,2.3526,373.49307
1984-04-01,462.14122,1.26998,377.81415
1984-05-01,472.44428,2.76298,385.35423
1984-06-01,480.99454,2.3289,391.57558
1984-07-01,487.1488,0.96672,396.76313
1984-08-01,494.11763,2.04601,401.68595
1984-09-01,498.4964,2.04022,404.02449
1984-10-01,504.65866,1.76121,408.42554
1984-11-01,510.15408,1.90278,412.01818
1984-12-01,517.27898,2.24973,416.89335
1985-01-01,523.97936,2.45621,421.13753
1985-02-01,532.44843,2.49863,427.10796
1985-03-01,541.75718,2.60989,433.80683
1985-04-01,549.34871,2.11804,439.28032
1985-05-01,555.84205,1.0879,444.68577
1985-06-01,561.2066,1.23919,448.81112
1985-07-01,567.653,1.73883,453.51869
1985-08-01,573.29931,1.85939,457.30561
1985-09-01,582.14837,2.34244,463.81223
1985-10-01,588.30745,1.89992,468.0714
1985-11-01,594.47775,2.31036,471.93133
1985-12-01,599.71123,1.91938,475.24543
1986-01-01,605.70302,2.62252,478.61471
1986-02-01,610.67829,1.70924,481.88073
1986-03-01,613.37662,1.38043,483.19863
1986-04-01,619.65773,1.86235,487.61738
1986-05-01,625.81996,1.55877,492.22085
1986-06-01,630.05583,0.81033,495.64639
1986-07-01,635.15095,1.25162,499.48988
1986-08-01,638.90439,1.1975,502.04582
1986-09-01,646.02316,0.3888,508.77579
1986-10-01,653.78729,1.65917,514.88075
1986-11-01,653.7673,1.05657,513.80418
1986-12-01,654.75024,1.10504,513.68208
1987-01-01,653.26748,0.03972,512.15961
1987-02-01,652.5323,1.31608,510.10835
1987-03-01,651.19767,0.67778,508.09594
1987-04-01,656.40142,2.39012,510.90957
1987-05-01,658.47003,1.81465,511.16353
1987-06-01,662.8975,2.5273,513.0637
1987-07-01,667.65979,2.56362,515.26237
1987-08-01,672.22514,1.47378,518.35394
1987-09-01,676.21116,2.5897,519.75026
1987-10-01,681.18446,1.61343,523.11013
1987-11-01,684.71004,-0.05538,526.69109
1987-12-01,686.31877,2.83496,525.46486
1988-01-01,692.27095,3.82799,527.58906
1988-02-01,696.38729,1.27543,530.42996
1988-03-01,700.7012,1.56858,533.1753
1988-04-01,705.86805,1.56482,536.77732
1988-05-01,710.04585,1.65885,539.29628
1988-06-01,713.18919,2.21361,540.22601
1988-07-01,716.11302,1.05609,542.09375
1988-08-01,721.53558,1.84965,545.66666
1988-09-01,722.94769,1.6112,545.46757
1988-10-01,726.10533,2.35202,546.27318
1988-11-01,729.66007,3.17896,546.64897
1988-12-01,731.91776,1.58201,547.32464
1989-01-01,749.02308,-8.57005,563.30001
1989-02-01,752.893,1.89173,565.2782
1989-03-01,760.01834,3.30929,569.09425
1989-04-01,764.71245,2.2175,571.57085
1989-05-01,769.2757,2.01439,574.11972
1989-06-01,773.22711,2.52797,575.54316
1989-07-01,776.26008,1.84487,576.73126
1989-08-01,778.8765,2.33379,577.0139
1989-09-01,781.82209,1.31437,578.64511
1989-10-01,785.54565,1.74888,580.61979
1989-11-01,790.29725,2.69943,582.67195
1989-12-01,794.61218,3.60453,583.38234
1990-01-01,797.71486,2.41761,584.06742
1990-02-01,798.77319,2.85713,582.26862
1990-03-01,798.74809,1.0848,581.15872
1990-04-01,798.74701,2.18026,578.97738
1990-05-01,799.75103,3.50657,576.47484
1990-06-01,802.89274,2.38862,577.22792
1990-07-01,806.8875,3.92144,577.30124
1990-08-01,808.75857,2.82865,576.34366
1990-09-01,810.43623,2.31013,575.71119
1990-10-01,812.65511,1.4456,576.48447
1990-11-01,813.66266,3.12348,574.36855
1990-12-01,808.23057,-0.6515,569.58795
1991-01-01,806.6005,0.07221,567.88566
1991-02-01,807.03043,3.57329,564.74231
1991-03-01,808.35183,4.55263,561.51107
1991-04-01,807.81895,1.90313,559.07506
1991-05-01,807.83216,2.18714,556.90114
1991-06-01,805.99466,1.31541,553.74822
1991-07-01,804.02756,1.47382,550.3073
1991-08-01,802.02192,2.17248,546.12918
1991-09-01,800.88934,2.91948,542.07711
1991-10-01,798.61698,2.53601,537.26874
1991-11-01,798.27498,1.42904,535.4977
1991-12-01,798.02897,0.99127,534.26042
1992-01-01,798.98271,1.61793,533.59622
1992-02-01,799.64038,1.09564,533.15825
1992-03-01,799.44211,0.27357,532.68641
1992-04-01,797.65814,1.07354,529.8289
1992-05-01,797.6679,0.92257,528.9161
1992-06-01,797.27631,1.95583,526.56868
1992-07-01,798.06816,0.10996,527.25056
1992-08-01,799.8238,1.26291,527.7433
1992-09-01,800.1989,1.09646,527.02195
1992-10-01,799.55599,2.03068,524.34835
1992-11-01,802.69798,0.25211,527.23823
1992-12-01,806.11869,2.98992,527.66902
1993-01-01,809.32543,2.54514,528.33062
1993-02-01,814.05892,2.53644,530.52768
1993-03-01,813.65629,1.35916,528.76589
1993-04-01,819.75694,2.08573,532.78081
1993-05-01,819.75905,1.4945,531.28842
1993-06-01,823.81181,1.49062,533.85055
1993-07-01,829.51873,4.27076,535.28672
1993-08-01,834.23553,2.03216,537.97136
1993-09-01,840.60298,3.18382,541.155
1993-10-01,847.61663,2.20611,545.96254
1993-11-01,856.52342,4.90991,549.95941
1993-12-01,865.65058,3.34402,555.74256
1994-01-01,872.02182,2.61365,559.50015
1994-02-01,880.35286,2.89205,564.93914
1994-03-01,891.33316,4.36366,571.55579
1994-04-01,900.98953,5.23836,575.97379
1994-05-01,912.8637,4.08189,583.76607
1994-06-01,924.21602,5.75517,589.36322
1994-07-01,931.13474,5.09268,591.18926
1994-08-01,944.80317,7.72521,597.13247
1994-09-01,957.3756,2.41322,607.29169
1994-10-01,968.46871,2.69512,615.68968
1994-11-01,981.42611,9.81369,618.83339
1994-12-01,997.30174,2.97684,631.73219
1995-01-01,1010.39504,6.43361,638.39187
1995-02-01,1018.55911,6.10021,640.45574
1995-03-01,1033.63209,7.45654,648.07217
1995-04-01,1043.69517,4.18366,653.95159
1995-05-01,1057.47083,8.42039,659.30686
1995-06-01,1069.37791,7.92345,663.29048
1995-07-01,1077.737,3.05386,668.59571
1995-08-01,1089.60205,8.42445,672.03631
1995-09-01,1106.61268,11.46641,677.58053
1995-10-01,1113.52851,4.41827,680.0781
1995-11-01,1132.16017,3.28975,695.42001
1995-12-01,1140.74436,7.17993,696.82427
1996-01-01,1153.2703,6.07459,703.27562
1996-02-01,1163.09378,5.6027,707.4964
1996-03-01,1171.68426,5.99457,710.09231
1996-04-01,1180.9031,4.18964,715.12151
1996-05-01,1191.11369,4.8782,720.4539
1996-06-01,1200.95002,3.60257,726.68765
1996-07-01,1211.89736,5.00465,732.63035
1996-08-01,1220.503,4.02609,737.20989
1996-09-01,1225.27176,2.99171,738.98695
1996-10-01,1231.3361,4.1568,740.89448
1996-11-01,1242.42191,7.06987,744.91043
1996-12-01,1253.43709,10.00508,745.92052
1997-01-01,1258.36528,2.9537,747.89502
1997-02-01,1261.85081,1.24329,750.13726
1997-03-01,1264.14634,0.24254,752.19025
1997-04-01,1274.08738,-0.09152,762.22281
1997-05-01,1278.67842,2.61655,764.19731
1997-06-01,1282.85852,1.08507,767.29234
1997-07-01,1288.78203,5.33017,767.88568
1997-08-01,1294.21924,3.54843,769.77446
1997-09-01,1301.63497,4.27762,772.91257
1997-10-01,1309.38939,3.32188,777.34511
1997-11-01,1312.45718,2.76352,777.64938
1997-12-01,1324.75733,5.19776,784.75177
1998-01-01,1320.04402,-2.0631,782.10157
1998-02-01,1324.34272,0.95183,785.44843
1998-03-01,1332.90344,2.55322,791.45593
1998-04-01,1360.45629,19.45932,799.54946
1998-05-01,1363.08086,-1.07271,803.24674
1998-06-01,1373.94233,1.71633,812.39187
1998-07-01,1380.72085,-0.99651,820.16691
1998-08-01,1386.66645,3.86647,822.24604
1998-09-01,1397.28973,4.19527,828.67404
1998-10-01,1405.39666,3.67365,833.10733
1998-11-01,1408.44269,-1.08155,837.2349
1998-12-01,1420.99644,10.20699,839.58166
1999-01-01,1431.23693,3.76222,846.05993
1999-02-01,1441.31459,0.27703,855.86056
1999-03-01,1450.87882,-0.29682,865.7216
1999-04-01,1457.67057,0.5772,871.93615
1999-05-01,1468.14661,2.64327,879.76892
1999-06-01,1479.31532,6.23304,884.70458
1999-07-01,1492.3776,6.38464,891.38222
1999-08-01,1503.22661,2.53355,899.69768
1999-09-01,1511.05926,3.35764,904.1727
1999-10-01,1517.28183,1.25498,909.14029
1999-11-01,1525.33442,1.96029,915.23259
1999-12-01,1531.10596,0.59464,920.40949
2000-01-01,1538.52018,4.15008,923.67363
2000-02-01,1549.18529,2.48602,931.85273
2000-03-01,1561.45069,5.17841,938.93972
2000-04-01,1570.52774,3.22497,944.7918
2000-05-01,1583.50792,6.12121,951.65078
2000-06-01,1609.54804,7.3014,970.38949
2000-07-01,1629.75144,7.76846,982.82443
2000-08-01,1651.6154,9.09488,995.59351
2000-09-01,1669.00081,5.97492,1007.004
2000-10-01,1684.59932,5.95133,1016.65117
2000-11-01,1700.94454,6.04659,1026.9498
2000-12-01,1716.96972,8.65163,1034.32335
2001-01-01,1729.85168,4.11513,1043.09018
2001-02-01,1748.70202,11.22102,1050.71951
2001-03-01,1760.54184,4.57825,1057.98107
2001-04-01,1773.09833,4.88625,1065.65131
2001-05-01,1781.17746,2.14349,1071.58695
2001-06-01,1792.36809,2.41204,1080.36555
2001-07-01,1797.35057,-4.11253,1089.46056
2001-08-01,1806.35904,-1.19867,1099.6677
2001-09-01,1814.25238,0.57129,1106.98975
2001-10-01,1829.84026,-1.85411,1124.43174
2001-11-01,1857.84279,7.25022,1145.18405
2001-12-01,1867.85287,2.18199,1153.01214
2002-01-01,1867.41869,-0.05923,1152.6372
2002-02-01,1881.90537,0.04061,1167.08327
2002-03-01,1894.69033,5.13393,1174.73429
2002-04-01,1903.95799,5.27166,1178.73028
2002-05-01,1914.61399,3.1364,1186.24989
2002-06-01,1927.18098,4.44928,1194.3676
2002-07-01,1939.2114,3.45108,1202.94694
2002-08-01,1947.50009,4.22499,1207.01064
2002-09-01,1950.65139,2.8369,1207.32503
2002-10-01,1957.1513,4.61322,1209.21173
2002-11-01,1965.17913,1.96665,1215.2729
2002-12-01,1972.11221,1.04123,1221.16476
2003-01-01,1982.56131,3.84195,1227.77191
2003-02-01,1993.40569,3.81194,1234.80435
2003-03-01,2001.20815,1.05387,1241.55294
2003-04-01,2014.09978,1.09722,1253.34735
2003-05-01,2027.50251,2.95231,1263.79777
2003-06-01,2033.26841,0.11015,1269.45353
2003-07-01,2040.06439,0.57377,1275.67574
2003-08-01,2049.12434,1.93574,1282.79994
2003-09-01,2057.09079,-0.28247,1291.04887
2003-10-01,2065.4951,-0.50673,1299.95991
2003-11-01,2066.40009,-0.52727,1301.39217
2003-12-01,2077.36069,3.25039,1309.10238
2004-01-01,2088.24304,2.41419,1317.57054
2004-02-01,2095.34036,1.68977,1322.97809
2004-03-01,2109.72032,5.73021,1331.62784
2004-04-01,2112.71615,-2.5377,1337.16136
2004-05-01,2120.83915,2.53387,1342.7505
2004-06-01,2127.98941,1.64257,1348.25819
2004-07-01,2137.09298,6.35592,1351.00583
2004-08-01,2143.43512,0.92452,1356.42346
2004-09-01,2160.1483,6.62415,1366.51248
2004-10-01,2176.71934,3.06068,1380.02285
2004-11-01,2183.74635,0.48848,1386.56138
2004-12-01,2192.24617,2.36721,1392.69399
2005-01-01,2196.77763,5.08358,1392.14186
2005-02-01,2211.55871,-0.52847,1407.45142
2005-03-01,2220.19919,0.53268,1415.55922
2005-04-01,2232.53538,5.91842,1421.97698
2005-05-01,2232.67152,-1.34684,1423.45997
2005-06-01,2247.83343,4.9701,1433.65178
2005-07-01,2257.23094,0.72681,1442.32248
2005-08-01,2267.04488,2.93394,1449.20247
2005-09-01,2271.63328,1.80935,1451.98153
2005-10-01,2276.84314,1.43092,1455.76047
2005-11-01,2283.66127,4.79542,1457.78319
2005-12-01,2290.92813,3.64027,1461.40978
2006-01-01,2367.47108,4.81498,1487.89396
2006-02-01,2374.97732,5.71262,1489.68758
2006-03-01,2385.80789,2.95385,1497.56431
2006-04-01,2397.6806,5.28334,1504.15367
2006-05-01,2407.16145,5.9444,1507.69012
2006-06-01,2395.81318,5.21198,1498.32988
2006-07-01,2403.09925,1.19333,1504.42261
2006-08-01,2415.73203,5.24765,1511.80775
2006-09-01,2426.81323,3.89006,1518.99889
2006-10-01,2429.39986,3.80017,1517.78534
2006-11-01,2440.74907,5.73166,1523.40289
2006-12-01,2456.7157,6.5306,1532.83892
2007-01-01,2457.94558,3.75268,1530.31612
2007-02-01,2470.04992,5.72634,1536.69412
2007-03-01,2484.43318,5.10778,1545.9696
2007-04-01,2493.72977,2.92293,1552.34326
2007-05-01,2510.01606,9.23953,1559.39002
2007-06-01,2519.12104,3.29905,1565.19595
2007-07-01,2533.66767,4.39723,1575.34536
2007-08-01,2552.76707,9.90331,1584.54145
2007-09-01,2566.99536,7.27415,1591.49559
2007-10-01,2582.32603,7.35308,1599.47318
2007-11-01,2597.6493,11.71243,1603.08402
2007-12-01,2609.47653,7.06001,1607.85124
2008-01-01,2619.42765,6.40916,1611.39319
2008-02-01,2634.49642,6.91,1619.55197
2008-03-01,2645.60364,1.82754,1628.83164
2008-04-01,2654.24323,1.75996,1635.71127
2008-05-01,2660.19315,1.10499,1640.55619
2008-06-01,2662.40952,-0.31489,1643.08746
2008-07-01,2665.32126,-0.95816,1646.95735
2008-08-01,2662.23778,-0.93338,1644.80726
2008-09-01,2657.38913,-4.86959,1644.82819
2008-10-01,2660.7295,3.9004,1644.26817
2008-11-01,2651.48139,-5.97928,1640.99933
2008-12-01,2643.78896,-6.48501,1639.79192
2009-01-01,2647.02886,3.2182,1639.81361
2009-02-01,2638.53274,-8.33907,1639.65656
2009-03-01,2622.82785,-14.36355,1638.31523
2009-04-01,2615.97301,-3.84649,1635.30687
2009-05-01,2610.01078,-13.9058,1643.25044
2009-06-01,2591.47541,-3.61325,1628.32832
2009-07-01,2590.85498,-2.92975,1630.63763
2009-08-01,2582.12601,-8.1723,1630.08098
2009-09-01,2576.59439,-4.12178,1628.67113
2009-10-01,2563.42273,-7.53115,1623.03062
2009-11-01,2551.56929,-15.57119,1626.74838
2009-12-01,2555.01664,-8.74428,1638.94001
2010-01-01,2543.50802,-6.54547,1633.97687
2010-02-01,2530.02428,-7.20093,1627.69405
2010-03-01,2536.55195,-8.05062,1638.67235
2010-04-01,2532.76479,-1.2767,1636.16188
2010-05-01,2521.68794,-14.00747,1639.0925
2010-06-01,2518.41641,-5.55231,1641.37329
2010-07-01,2521.1048,-3.81984,1647.88152
2010-08-01,2520.42213,-6.43835,1653.6372
2010-09-01,2522.09423,-4.69426,1660.00355
2010-10-01,2530.106,-6.71028,1674.72561
2010-11-01,2531.23226,-4.35669,1680.20856
2010-12-01,2646.81126,-1.27656,1807.70859
2011-01-01,2657.3601,-3.6844,1821.94183
2011-02-01,2663.77992,-1.67328,1830.03493
2011-03-01,2672.03136,1.92294,1836.36342
2011-04-01,2679.97392,-1.44179,1845.74778
2011-05-01,2683.971,-1.71543,1851.46028
2011-06-01,2693.0883,3.73771,1856.83987
2011-07-01,2717.49471,0.21078,1881.0355
2011-08-01,2709.1147,-0.24561,1872.9011
2011-09-01,2720.06046,2.07947,1881.76739
2011-10-01,2727.95336,-0.05798,1889.71827
2011-11-01,2746.76076,3.83455,1904.69111
2011-12-01,2756.22486,-1.90542,1916.06063
2012-01-01,2769.93098,0.32028,1929.44647
2012-02-01,2777.80358,2.2473,1935.07177
2012-03-01,2791.56594,0.04314,1948.791
2012-04-01,2802.54618,-4.49819,1964.26942
2012-05-01,2818.39729,1.69837,1978.42217
2012-06-01,2829.85078,-1.15661,1991.03226
2012-07-01,2840.09463,-1.32826,2002.60437
2012-08-01,2857.10779,3.91889,2015.69863
2012-09-01,2865.78973,0.15839,2024.22219
2012-10-01,2881.76267,1.84214,2038.35299
2012-11-01,2903.31606,2.41809,2057.48829
2012-12-01,2912.90502,-5.84693,2072.92418
2013-01-01,2930.70325,3.7466,2086.97582
2013-02-01,2950.55705,3.54417,2103.28544
2013-03-01,2961.00546,-0.64004,2114.3739
2013-04-01,2972.09059,0.03377,2125.42526
2013-05-01,2986.93636,2.67979,2137.59124
2013-06-01,3000.13761,0.15664,2150.63585
2013-07-01,3015.14301,0.65376,2164.98748
2013-08-01,3029.98525,0.42021,2179.40952
2013-09-01,3045.91769,1.18094,2194.16103
2013-10-01,3062.67334,2.95274,2207.96394
2013-11-01,3076.9589,-1.78417,2224.03367
2013-12-01,3090.46778,1.21357,2236.32897
2014-01-01,3110.22039,3.96445,2252.11714
2014-02-01,3127.59853,2.85946,2266.63581
2014-03-01,3145.2723,2.07377,2282.23582
2014-04-01,3169.33472,7.41962,2298.87862
2014-05-01,3187.75716,2.21359,2315.08747
2014-06-01,3205.13244,1.0983,2331.36444
2014-07-01,3227.40499,5.65815,2347.97884
2014-08-01,3243.46835,1.15314,2362.88906
2014-09-01,3259.48813,1.09495,2377.8139
2014-10-01,3269.65745,1.9798,2386.00341
2014-11-01,3283.68655,-0.50286,2400.53538
2014-12-01,3309.53985,4.23047,2422.15821
2015-01-01,3316.71672,1.35064,2438.48444
2015-02-01,3332.9446,1.41122,2453.30109
2015-03-01,3357.4702,6.8694,2470.95729
2015-04-01,3379.35387,7.172,2485.66896
2015-05-01,3396.24822,1.69099,2500.87232
2015-06-01,3420.42657,5.98783,2519.06283
2015-07-01,3439.28145,4.78438,2533.13334
2015-08-01,3453.86482,3.23765,2544.47905
2015-09-01,3481.2455,6.52257,2565.33716
2015-10-01,3497.67601,1.60878,2580.1589
2015-11-01,3512.73828,3.00074,2592.22042
2015-12-01,3400.22322,6.80765,2502.14057
2016-01-01,3418.76263,3.90993,2516.77006
2016-02-01,3436.24154,2.64398,2531.60498
2016-03-01,3464.86358,12.14248,2548.08454
2016-04-01,3484.75416,4.66592,2563.3092
2016-05-01,3502.63631,2.90875,2578.28261
2016-06-01,3520.78974,7.29656,2589.13947
2016-07-01,3539.34564,4.85455,2602.84083
2016-08-01,3561.04875,5.18276,2619.36118
2016-09-01,3581.72467,4.16594,2635.87116
2016-10-01,3597.62748,1.08155,2650.69242
2016-11-01,3619.27278,9.15656,2663.18117
2016-12-01,3636.43566,4.00387,2676.34017
2017-01-01,3653.34721,2.76375,2690.48797
2017-02-01,3669.97675,5.32138,2701.79612
2017-03-01,3685.36911,4.57061,2712.61788
2017-04-01,3700.00266,3.15869,2724.09274
2017-05-01,3714.14277,4.48998,2733.74287
2017-06-01,3727.13111,2.22618,2744.50504
2017-07-01,3743.42625,2.67809,2758.12208
2017-08-01,3755.18326,4.46776,2765.41134
2017-09-01,3770.17252,5.89813,2774.50247
2017-10-01,3794.37975,8.69045,2790.01925
2017-11-01,3816.53782,8.77011,2803.40722
2017-12-01,3830.7516,3.676,2813.94499
2018-01-01,3848.40498,6.07257,2825.52581
2018-02-01,3864.42182,2.02771,2839.51494
2018-03-01,3876.81378,3.37088,2848.53602
2018-04-01,3885.88106,2.31874,2860.21418
2018-05-01,3902.72837,4.84048,2873.87134
2018-06-01,3901.81229,-3.97028,2878.24259
2018-07-01,3924.34812,2.98545,2890.19297
2018-08-01,3943.09734,6.23047,2902.71172
2018-09-01,3955.67622,2.20649,2913.08412
2018-10-01,3974.99595,6.90666,2925.49719
2018-11-01,3992.03819,3.57211,2938.96731
2018-12-01,4007.04192,0.77653,2953.19451
2019-01-01,4027.30516,7.29107,2966.16668
2019-02-01,4040.91476,2.32772,2977.44856
2019-03-01,4053.38213,0.58795,2989.32797
2019-04-01,4072.88953,9.1096,2999.72578
2019-05-01,4085.97845,2.28743,3010.52727
2019-06-01,4094.05554,-5.37601,3023.98037
2019-07-01,4117.32358,11.47207,3035.77634
2019-08-01,4131.68886,1.47134,3048.67029
2019-09-01,4144.27761,0.12639,3061.13264
2019-10-01,4162.38074,3.46216,3075.77361
2019-11-01,4164.56602,-9.21327,3087.17216
2019-12-01,4192.19141,14.59509,3100.20246
2020-01-01,4208.14529,4.31491,3111.84144
2020-02-01,4220.87962,3.78702,3120.78875
2020-03-01,4208.19841,-22.23768,3125.64521
2020-04-01,4146.96379,-54.24733,3118.65792
2020-05-01,4127.30503,-26.5249,3125.52406
2020-06-01,4137.15766,-10.3862,3145.76289
2020-07-01,4152.1851,-1.7494,3162.53974
2020-08-01,4146.75756,-8.79198,3165.90417
2020-09-01,4161.81818,1.87398,3179.09081
2020-10-01,4166.67937,-4.59869,3188.5507
2020-11-01,4172.50029,-5.06046,3199.43207
2020-12-01,4184.92179,1.52621,3210.32736
2021-01-01,4193.3259,-4.484,3223.21548
2021-02-01,4212.34656,2.27262,3239.96351
2021-03-01,4228.57478,0.55276,3255.63897
2021-04-01,4247.53476,2.15308,3272.44587
2021-05-01,4274.43942,5.34029,3294.01024
2021-06-01,4297.81691,8.738,3308.64973
2021-07-01,4313.84352,5.43862,3319.23772
2021-08-01,4332.10115,6.07245,3331.42289
2021-09-01,4355.8509,9.01083,3346.16182
2021-10-01,4376.99098,8.77692,3358.52498
2021-11-01,4408.96983,15.13942,3375.36441
2021-12-01,4431.91715,8.08888,3390.22285
2022-01-01,4448.88285,10.20725,3396.9813
2022-02-01,4486.57969,14.19734,3420.48079
2022-03-01,4539.01445,31.36967,3441.54588
