"date","CPIAUCSL","CPILFESL","PCEPI","CPIAUCNS","CPILFENS"
1947-01-01,21.48,NA,NA,21.5,NA
1947-02-01,21.62,NA,NA,21.5,NA
1947-03-01,22,NA,NA,21.9,NA
1947-04-01,22,NA,NA,21.9,NA
1947-05-01,21.95,NA,NA,21.9,NA
1947-06-01,22.08,NA,NA,22,NA
1947-07-01,22.23,NA,NA,22.2,NA
1947-08-01,22.4,NA,NA,22.5,NA
1947-09-01,22.84,NA,NA,23,NA
1947-10-01,22.91,NA,NA,23,NA
1947-11-01,23.06,NA,NA,23.1,NA
1947-12-01,23.41,NA,NA,23.4,NA
1948-01-01,23.68,NA,NA,23.7,NA
1948-02-01,23.67,NA,NA,23.5,NA
1948-03-01,23.5,NA,NA,23.4,NA
1948-04-01,23.82,NA,NA,23.8,NA
1948-05-01,24.01,NA,NA,23.9,NA
1948-06-01,24.15,NA,NA,24.1,NA
1948-07-01,24.4,NA,NA,24.4,NA
1948-08-01,24.43,NA,NA,24.5,NA
1948-09-01,24.36,NA,NA,24.5,NA
1948-10-01,24.31,NA,NA,24.4,NA
1948-11-01,24.16,NA,NA,24.2,NA
1948-12-01,24.05,NA,NA,24.1,NA
1949-01-01,24.01,NA,NA,24,NA
1949-02-01,23.91,NA,NA,23.8,NA
1949-03-01,23.91,NA,NA,23.8,NA
1949-04-01,23.92,NA,NA,23.9,NA
1949-05-01,23.91,NA,NA,23.8,NA
1949-06-01,23.92,NA,NA,23.9,NA
1949-07-01,23.7,NA,NA,23.7,NA
1949-08-01,23.7,NA,NA,23.8,NA
1949-09-01,23.75,NA,NA,23.9,NA
1949-10-01,23.67,NA,NA,23.7,NA
1949-11-01,23.7,NA,NA,23.8,NA
1949-12-01,23.61,NA,NA,23.6,NA
1950-01-01,23.51,NA,NA,23.5,NA
1950-02-01,23.61,NA,NA,23.5,NA
1950-03-01,23.64,NA,NA,23.6,NA
1950-04-01,23.65,NA,NA,23.6,NA
1950-05-01,23.77,NA,NA,23.7,NA
1950-06-01,23.88,NA,NA,23.8,NA
1950-07-01,24.07,NA,NA,24.1,NA
1950-08-01,24.2,NA,NA,24.3,NA
1950-09-01,24.34,NA,NA,24.4,NA
1950-10-01,24.5,NA,NA,24.6,NA
1950-11-01,24.6,NA,NA,24.7,NA
1950-12-01,24.98,NA,NA,25,NA
1951-01-01,25.38,NA,NA,25.4,NA
1951-02-01,25.83,NA,NA,25.7,NA
1951-03-01,25.88,NA,NA,25.8,NA
1951-04-01,25.92,NA,NA,25.8,NA
1951-05-01,25.99,NA,NA,25.9,NA
1951-06-01,25.93,NA,NA,25.9,NA
1951-07-01,25.91,NA,NA,25.9,NA
1951-08-01,25.86,NA,NA,25.9,NA
1951-09-01,26.03,NA,NA,26.1,NA
1951-10-01,26.16,NA,NA,26.2,NA
1951-11-01,26.32,NA,NA,26.4,NA
1951-12-01,26.47,NA,NA,26.5,NA
1952-01-01,26.45,NA,NA,26.5,NA
1952-02-01,26.41,NA,NA,26.3,NA
1952-03-01,26.39,NA,NA,26.3,NA
1952-04-01,26.46,NA,NA,26.4,NA
1952-05-01,26.47,NA,NA,26.4,NA
1952-06-01,26.53,NA,NA,26.5,NA
1952-07-01,26.68,NA,NA,26.7,NA
1952-08-01,26.69,NA,NA,26.7,NA
1952-09-01,26.63,NA,NA,26.7,NA
1952-10-01,26.69,NA,NA,26.7,NA
1952-11-01,26.69,NA,NA,26.7,NA
1952-12-01,26.71,NA,NA,26.7,NA
1953-01-01,26.64,NA,NA,26.6,NA
1953-02-01,26.59,NA,NA,26.5,NA
1953-03-01,26.63,NA,NA,26.6,NA
1953-04-01,26.69,NA,NA,26.6,NA
1953-05-01,26.7,NA,NA,26.7,NA
1953-06-01,26.77,NA,NA,26.8,NA
1953-07-01,26.79,NA,NA,26.8,NA
1953-08-01,26.85,NA,NA,26.9,NA
1953-09-01,26.89,NA,NA,26.9,NA
1953-10-01,26.95,NA,NA,27,NA
1953-11-01,26.85,NA,NA,26.9,NA
1953-12-01,26.87,NA,NA,26.9,NA
1954-01-01,26.94,NA,NA,26.9,NA
1954-02-01,26.99,NA,NA,26.9,NA
1954-03-01,26.93,NA,NA,26.9,NA
1954-04-01,26.86,NA,NA,26.8,NA
1954-05-01,26.93,NA,NA,26.9,NA
1954-06-01,26.94,NA,NA,26.9,NA
1954-07-01,26.86,NA,NA,26.9,NA
1954-08-01,26.85,NA,NA,26.9,NA
1954-09-01,26.81,NA,NA,26.8,NA
1954-10-01,26.72,NA,NA,26.8,NA
1954-11-01,26.78,NA,NA,26.8,NA
1954-12-01,26.77,NA,NA,26.7,NA
1955-01-01,26.77,NA,NA,26.7,NA
1955-02-01,26.82,NA,NA,26.7,NA
1955-03-01,26.79,NA,NA,26.7,NA
1955-04-01,26.79,NA,NA,26.7,NA
1955-05-01,26.77,NA,NA,26.7,NA
1955-06-01,26.71,NA,NA,26.7,NA
1955-07-01,26.76,NA,NA,26.8,NA
1955-08-01,26.72,NA,NA,26.8,NA
1955-09-01,26.85,NA,NA,26.9,NA
1955-10-01,26.82,NA,NA,26.9,NA
1955-11-01,26.88,NA,NA,26.9,NA
1955-12-01,26.87,NA,NA,26.8,NA
1956-01-01,26.83,NA,NA,26.8,NA
1956-02-01,26.86,NA,NA,26.8,NA
1956-03-01,26.89,NA,NA,26.8,NA
1956-04-01,26.93,NA,NA,26.9,NA
1956-05-01,27.03,NA,NA,27,NA
1956-06-01,27.15,NA,NA,27.2,NA
1956-07-01,27.29,NA,NA,27.4,NA
1956-08-01,27.31,NA,NA,27.3,NA
1956-09-01,27.35,NA,NA,27.4,NA
1956-10-01,27.51,NA,NA,27.5,NA
1956-11-01,27.51,NA,NA,27.5,NA
1956-12-01,27.63,NA,NA,27.6,NA
1957-01-01,27.67,28.5,NA,27.6,28.5
1957-02-01,27.8,28.6,NA,27.7,28.5
1957-03-01,27.86,28.7,NA,27.8,28.7
1957-04-01,27.93,28.8,NA,27.9,28.8
1957-05-01,28,28.8,NA,28,28.8
1957-06-01,28.11,28.9,NA,28.1,28.9
1957-07-01,28.19,29,NA,28.3,28.9
1957-08-01,28.28,29,NA,28.3,29
1957-09-01,28.32,29.1,NA,28.3,29.1
1957-10-01,28.32,29.2,NA,28.3,29.2
1957-11-01,28.41,29.3,NA,28.4,29.4
1957-12-01,28.47,29.3,NA,28.4,29.4
1958-01-01,28.64,29.3,NA,28.6,29.4
1958-02-01,28.7,29.4,NA,28.6,29.4
1958-03-01,28.87,29.5,NA,28.8,29.5
1958-04-01,28.94,29.5,NA,28.9,29.5
1958-05-01,28.94,29.5,NA,28.9,29.5
1958-06-01,28.91,29.6,NA,28.9,29.5
1958-07-01,28.89,29.6,NA,29,29.6
1958-08-01,28.94,29.6,NA,28.9,29.6
1958-09-01,28.91,29.7,NA,28.9,29.6
1958-10-01,28.91,29.7,NA,28.9,29.7
1958-11-01,28.95,29.8,NA,29,29.9
1958-12-01,28.97,29.9,NA,28.9,29.9
1959-01-01,29.01,29.9,16.042,29,29.9
1959-02-01,29,29.9,16.057,28.9,29.9
1959-03-01,28.97,30,16.068,28.9,30
1959-04-01,28.98,30,16.1,29,30
1959-05-01,29.04,30.1,16.109,29,30.1
1959-06-01,29.11,30.2,16.155,29.1,30.1
1959-07-01,29.15,30.2,16.189,29.2,30.2
1959-08-01,29.18,30.2,16.212,29.2,30.2
1959-09-01,29.25,30.3,16.255,29.3,30.3
1959-10-01,29.35,30.4,16.294,29.4,30.5
1959-11-01,29.35,30.4,16.304,29.4,30.5
1959-12-01,29.41,30.5,16.323,29.4,30.5
1960-01-01,29.37,30.5,16.314,29.3,30.5
1960-02-01,29.41,30.6,16.331,29.4,30.6
1960-03-01,29.41,30.6,16.34,29.4,30.6
1960-04-01,29.54,30.6,16.4,29.5,30.6
1960-05-01,29.57,30.6,16.417,29.5,30.6
1960-06-01,29.61,30.7,16.424,29.6,30.6
1960-07-01,29.55,30.6,16.453,29.6,30.6
1960-08-01,29.61,30.6,16.481,29.6,30.6
1960-09-01,29.61,30.6,16.491,29.6,30.6
1960-10-01,29.75,30.8,16.51,29.8,30.8
1960-11-01,29.78,30.8,16.565,29.8,30.8
1960-12-01,29.81,30.7,16.569,29.8,30.8
1961-01-01,29.84,30.8,16.571,29.8,30.8
1961-02-01,29.84,30.8,16.587,29.8,30.8
1961-03-01,29.84,30.9,16.578,29.8,30.8
1961-04-01,29.81,30.9,16.568,29.8,30.9
1961-05-01,29.84,30.9,16.577,29.8,30.9
1961-06-01,29.84,31,16.585,29.8,30.9
1961-07-01,29.92,31,16.621,30,31
1961-08-01,29.94,31.1,16.635,29.9,31
1961-09-01,29.98,31.1,16.654,30,31.1
1961-10-01,29.98,31.1,16.652,30,31.2
1961-11-01,29.98,31.2,16.653,30,31.2
1961-12-01,30.01,31.2,16.658,30,31.2
1962-01-01,30.04,31.2,16.689,30,31.2
1962-02-01,30.11,31.2,16.734,30.1,31.2
1962-03-01,30.17,31.3,16.756,30.1,31.3
1962-04-01,30.21,31.3,16.775,30.2,31.3
1962-05-01,30.24,31.4,16.786,30.2,31.4
1962-06-01,30.21,31.4,16.796,30.2,31.4
1962-07-01,30.22,31.4,16.787,30.3,31.4
1962-08-01,30.28,31.5,16.811,30.3,31.4
1962-09-01,30.42,31.5,16.894,30.4,31.5
1962-10-01,30.38,31.5,16.876,30.4,31.6
1962-11-01,30.38,31.5,16.889,30.4,31.6
1962-12-01,30.38,31.6,16.882,30.4,31.6
1963-01-01,30.44,31.5,16.923,30.4,31.5
1963-02-01,30.48,31.6,16.941,30.4,31.5
1963-03-01,30.51,31.7,16.928,30.5,31.6
1963-04-01,30.48,31.7,16.927,30.5,31.7
1963-05-01,30.51,31.7,16.954,30.5,31.7
1963-06-01,30.61,31.8,16.991,30.6,31.8
1963-07-01,30.69,31.8,17.025,30.7,31.8
1963-08-01,30.75,31.9,17.048,30.7,31.9
1963-09-01,30.72,31.9,17.044,30.7,31.9
1963-10-01,30.75,32,17.078,30.8,32
1963-11-01,30.78,32,17.102,30.8,32.1
1963-12-01,30.88,32.1,17.127,30.9,32.1
1964-01-01,30.94,32.2,17.163,30.9,32.1
1964-02-01,30.91,32.2,17.188,30.9,32.1
1964-03-01,30.94,32.2,17.198,30.9,32.2
1964-04-01,30.95,32.2,17.211,30.9,32.2
1964-05-01,30.98,32.2,17.213,30.9,32.2
1964-06-01,31.01,32.3,17.237,31,32.3
1964-07-01,31.02,32.3,17.259,31.1,32.3
1964-08-01,31.05,32.3,17.273,31,32.2
1964-09-01,31.08,32.3,17.299,31.1,32.3
1964-10-01,31.12,32.4,17.31,31.1,32.4
1964-11-01,31.21,32.5,17.334,31.2,32.5
1964-12-01,31.25,32.5,17.359,31.2,32.5
1965-01-01,31.28,32.6,17.378,31.2,32.6
1965-02-01,31.28,32.6,17.385,31.2,32.6
1965-03-01,31.31,32.6,17.408,31.3,32.6
1965-04-01,31.38,32.7,17.435,31.4,32.7
1965-05-01,31.48,32.7,17.474,31.4,32.7
1965-06-01,31.61,32.7,17.525,31.6,32.7
1965-07-01,31.58,32.7,17.538,31.6,32.7
1965-08-01,31.55,32.7,17.542,31.6,32.7
1965-09-01,31.62,32.8,17.55,31.6,32.8
1965-10-01,31.65,32.8,17.556,31.7,32.9
1965-11-01,31.75,32.9,17.585,31.7,32.9
1965-12-01,31.85,33,17.649,31.8,33
1966-01-01,31.88,33,17.67,31.8,32.9
1966-02-01,32.08,33.1,17.743,32,33
1966-03-01,32.18,33.1,17.786,32.1,33.1
1966-04-01,32.28,33.3,17.848,32.3,33.3
1966-05-01,32.35,33.4,17.87,32.3,33.4
1966-06-01,32.38,33.5,17.915,32.4,33.5
1966-07-01,32.45,33.6,17.949,32.5,33.6
1966-08-01,32.65,33.7,18.018,32.7,33.7
1966-09-01,32.75,33.8,18.075,32.7,33.8
1966-10-01,32.85,34,18.123,32.9,34
1966-11-01,32.88,34,18.15,32.9,34.1
1966-12-01,32.92,34.1,18.187,32.9,34.1
1967-01-01,32.9,34.2,18.188,32.9,34.1
1967-02-01,33,34.2,18.209,32.9,34.2
1967-03-01,33,34.3,18.22,33,34.3
1967-04-01,33.1,34.4,18.249,33.1,34.4
1967-05-01,33.1,34.5,18.285,33.2,34.5
1967-06-01,33.3,34.6,18.343,33.3,34.6
1967-07-01,33.4,34.7,18.405,33.4,34.7
1967-08-01,33.5,34.9,18.463,33.5,34.8
1967-09-01,33.6,35,18.519,33.6,35
1967-10-01,33.7,35.1,18.57,33.7,35.2
1967-11-01,33.9,35.2,18.632,33.8,35.3
1967-12-01,34,35.4,18.661,33.9,35.4
1968-01-01,34.1,35.5,18.748,34.1,35.5
1968-02-01,34.2,35.7,18.824,34.2,35.6
1968-03-01,34.3,35.8,18.886,34.3,35.8
1968-04-01,34.4,35.9,18.945,34.4,35.9
1968-05-01,34.5,36,19.015,34.5,36
1968-06-01,34.7,36.2,19.075,34.7,36.2
1968-07-01,34.9,36.4,19.134,34.9,36.4
1968-08-01,35,36.5,19.212,35,36.5
1968-09-01,35.1,36.7,19.279,35.1,36.7
1968-10-01,35.3,36.9,19.364,35.3,36.9
1968-11-01,35.4,37.1,19.43,35.4,37.1
1968-12-01,35.6,37.2,19.47,35.5,37.2
1969-01-01,35.7,37.3,19.546,35.6,37.3
1969-02-01,35.8,37.6,19.595,35.8,37.5
1969-03-01,36.1,37.8,19.687,36.1,37.8
1969-04-01,36.3,38.1,19.774,36.3,38.1
1969-05-01,36.4,38.1,19.854,36.4,38.2
1969-06-01,36.6,38.3,19.95,36.6,38.3
1969-07-01,36.8,38.5,20.037,36.8,38.5
1969-08-01,36.9,38.7,20.093,37,38.6
1969-09-01,37.1,38.9,20.176,37.1,38.9
1969-10-01,37.3,39.1,20.245,37.3,39.1
1969-11-01,37.5,39.2,20.332,37.5,39.3
1969-12-01,37.7,39.4,20.426,37.7,39.5
1970-01-01,37.9,39.6,20.499,37.8,39.6
1970-02-01,38.1,39.8,20.58,38,39.8
1970-03-01,38.3,40.1,20.631,38.2,40.1
1970-04-01,38.5,40.4,20.736,38.5,40.3
1970-05-01,38.6,40.5,20.802,38.6,40.5
1970-06-01,38.8,40.8,20.856,38.8,40.8
1970-07-01,38.9,40.9,20.932,39,40.9
1970-08-01,39,41.1,20.987,39,41
1970-09-01,39.2,41.3,21.081,39.2,41.3
1970-10-01,39.4,41.5,21.185,39.4,41.6
1970-11-01,39.6,41.8,21.269,39.6,41.9
1970-12-01,39.8,42,21.363,39.8,42.1
1971-01-01,39.9,42.1,21.408,39.8,42.1
1971-02-01,39.9,42.2,21.471,39.9,42.1
1971-03-01,40,42.2,21.542,40,42.2
1971-04-01,40.1,42.4,21.626,40.1,42.3
1971-05-01,40.3,42.6,21.717,40.3,42.6
1971-06-01,40.5,42.8,21.813,40.6,42.8
1971-07-01,40.6,42.9,21.879,40.7,42.9
1971-08-01,40.7,43,21.942,40.8,42.9
1971-09-01,40.8,43,21.975,40.8,43.1
1971-10-01,40.9,43.1,22.009,40.9,43.2
1971-11-01,41,43.2,22.054,40.9,43.3
1971-12-01,41.1,43.3,22.141,41.1,43.4
1972-01-01,41.2,43.5,22.232,41.1,43.4
1972-02-01,41.4,43.6,22.319,41.3,43.5
1972-03-01,41.4,43.6,22.351,41.4,43.6
1972-04-01,41.5,43.8,22.386,41.5,43.7
1972-05-01,41.6,43.9,22.434,41.6,43.9
1972-06-01,41.7,44,22.469,41.7,44
1972-07-01,41.8,44.1,22.549,41.9,44.1
1972-08-01,41.9,44.3,22.615,42,44.3
1972-09-01,42.1,44.3,22.716,42.1,44.3
1972-10-01,42.2,44.4,22.741,42.3,44.5
1972-11-01,42.4,44.4,22.809,42.4,44.6
1972-12-01,42.5,44.6,22.882,42.5,44.7
1973-01-01,42.7,44.6,22.951,42.6,44.6
1973-02-01,43,44.8,23.072,42.9,44.7
1973-03-01,43.4,45,23.235,43.3,44.9
1973-04-01,43.7,45.1,23.408,43.6,45.1
1973-05-01,43.9,45.3,23.523,43.9,45.3
1973-06-01,44.2,45.4,23.658,44.2,45.4
1973-07-01,44.2,45.5,23.744,44.3,45.5
1973-08-01,45,45.7,24.017,45.1,45.7
1973-09-01,45.2,46,24.113,45.2,46
1973-10-01,45.6,46.3,24.249,45.6,46.4
1973-11-01,45.9,46.5,24.448,45.9,46.6
1973-12-01,46.3,46.7,24.649,46.2,46.8
1974-01-01,46.8,46.9,24.885,46.6,46.8
1974-02-01,47.3,47.2,25.175,47.2,47.1
1974-03-01,47.8,47.6,25.467,47.8,47.5
1974-04-01,48.1,47.9,25.647,48,47.9
1974-05-01,48.6,48.5,25.9,48.6,48.4
1974-06-01,49,49,26.119,49,49
1974-07-01,49.3,49.5,26.312,49.4,49.5
1974-08-01,49.9,50.2,26.587,50,50.1
1974-09-01,50.6,50.7,26.863,50.6,50.7
1974-10-01,51,51.2,27.056,51.1,51.3
1974-11-01,51.5,51.6,27.259,51.5,51.8
1974-12-01,51.9,52,27.474,51.9,52
1975-01-01,52.3,52.3,27.645,52.1,52.2
1975-02-01,52.6,52.8,27.795,52.5,52.6
1975-03-01,52.8,53,27.889,52.7,52.9
1975-04-01,53,53.3,27.984,52.9,53.3
1975-05-01,53.1,53.5,28.095,53.2,53.5
1975-06-01,53.5,53.8,28.271,53.6,53.7
1975-07-01,54,54,28.514,54.2,54
1975-08-01,54.2,54.2,28.637,54.3,54.2
1975-09-01,54.6,54.5,28.779,54.6,54.6
1975-10-01,54.9,54.8,28.946,54.9,54.9
1975-11-01,55.3,55.2,29.132,55.3,55.3
1975-12-01,55.6,55.5,29.293,55.5,55.5
1976-01-01,55.8,55.9,29.405,55.6,55.7
1976-02-01,55.9,56.2,29.442,55.8,56
1976-03-01,56,56.5,29.486,55.9,56.4
1976-04-01,56.1,56.7,29.553,56.1,56.7
1976-05-01,56.4,57,29.695,56.5,57
1976-06-01,56.7,57.2,29.824,56.8,57.2
1976-07-01,57,57.6,29.975,57.1,57.6
1976-08-01,57.3,57.9,30.14,57.4,57.9
1976-09-01,57.6,58.2,30.31,57.6,58.3
1976-10-01,57.9,58.5,30.469,57.9,58.6
1976-11-01,58.1,58.7,30.607,58,58.9
1976-12-01,58.4,58.9,30.778,58.2,58.9
1977-01-01,58.7,59.3,30.957,58.5,59.2
1977-02-01,59.3,59.7,31.199,59.1,59.5
1977-03-01,59.6,60,31.356,59.5,59.9
1977-04-01,60,60.3,31.538,60,60.3
1977-05-01,60.2,60.6,31.698,60.3,60.6
1977-06-01,60.5,61,31.875,60.7,61
1977-07-01,60.8,61.2,32.041,61,61.2
1977-08-01,61.1,61.5,32.19,61.2,61.5
1977-09-01,61.3,61.8,32.311,61.4,61.9
1977-10-01,61.6,62,32.461,61.6,62.1
1977-11-01,62,62.3,32.648,61.9,62.4
1977-12-01,62.3,62.7,32.806,62.1,62.7
1978-01-01,62.7,63.1,33,62.5,63
1978-02-01,63,63.4,33.153,62.9,63.2
1978-03-01,63.4,63.8,33.368,63.4,63.7
1978-04-01,63.9,64.3,33.621,63.9,64.2
1978-05-01,64.5,64.7,33.861,64.5,64.7
1978-06-01,65,65.2,34.082,65.2,65.3
1978-07-01,65.5,65.6,34.269,65.7,65.7
1978-08-01,65.9,66.1,34.442,66,66.1
1978-09-01,66.5,66.7,34.638,66.5,66.8
1978-10-01,67.1,67.2,34.913,67.1,67.3
1978-11-01,67.5,67.6,35.112,67.4,67.8
1978-12-01,67.9,68,35.276,67.7,68
1979-01-01,68.5,68.5,35.542,68.3,68.4
1979-02-01,69.2,69.2,35.732,69.1,69
1979-03-01,69.9,69.8,36.011,69.8,69.6
1979-04-01,70.6,70.3,36.386,70.6,70.2
1979-05-01,71.4,70.8,36.763,71.5,70.8
1979-06-01,72.2,71.3,37.066,72.3,71.4
1979-07-01,73,71.9,37.349,73.1,72
1979-08-01,73.7,72.7,37.635,73.8,72.7
1979-09-01,74.4,73.3,37.967,74.6,73.4
1979-10-01,75.2,74,38.276,75.2,74.1
1979-11-01,76,74.8,38.542,75.9,75
1979-12-01,76.9,75.7,38.866,76.7,75.7
1980-01-01,78,76.7,39.273,77.8,76.6
1980-02-01,79,77.5,39.699,78.9,77.3
1980-03-01,80.1,78.6,40.186,80.1,78.3
1980-04-01,80.9,79.5,40.396,81,79.3
1980-05-01,81.7,80.1,40.71,81.8,80.2
1980-06-01,82.5,81,40.967,82.7,81.1
1980-07-01,82.6,80.8,41.285,82.7,80.9
1980-08-01,83.2,81.3,41.629,83.3,81.3
1980-09-01,83.9,82.1,42.014,84,82.2
1980-10-01,84.7,83,42.351,84.8,83.2
1980-11-01,85.6,83.9,42.696,85.5,84.1
1980-12-01,86.4,84.9,42.973,86.3,84.9
1981-01-01,87.2,85.4,43.386,87,85.3
1981-02-01,88,85.9,43.825,87.9,85.7
1981-03-01,88.6,86.4,44.13,88.5,86.1
1981-04-01,89.1,87,44.323,89.1,86.8
1981-05-01,89.7,87.8,44.522,89.8,87.8
1981-06-01,90.5,88.6,44.699,90.6,88.7
1981-07-01,91.5,89.8,44.969,91.6,89.9
1981-08-01,92.2,90.7,45.25,92.3,90.7
1981-09-01,93.1,91.8,45.524,93.2,91.9
1981-10-01,93.4,92.1,45.73,93.4,92.3
1981-11-01,93.8,92.5,45.976,93.7,92.7
1981-12-01,94.1,93,46.118,94,93
1982-01-01,94.4,93.3,46.392,94.3,93.2
1982-02-01,94.7,93.8,46.531,94.6,93.5
1982-03-01,94.7,93.9,46.651,94.5,93.7
1982-04-01,95,94.7,46.675,94.9,94.5
1982-05-01,95.9,95.4,46.951,95.8,95.4
1982-06-01,97,96.1,47.292,97,96.3
1982-07-01,97.5,96.7,47.572,97.5,96.7
1982-08-01,97.7,97.1,47.72,97.7,97.1
1982-09-01,97.7,97.2,47.852,97.9,97.3
1982-10-01,98.1,97.5,48.121,98.2,97.7
1982-11-01,98,97.3,48.265,98,97.6
1982-12-01,97.7,97.2,48.338,97.6,97.2
1983-01-01,97.9,97.6,48.564,97.8,97.6
1983-02-01,98,98,48.646,97.9,97.9
1983-03-01,98.1,98.2,48.709,97.9,98.1
1983-04-01,98.8,98.6,48.931,98.6,98.6
1983-05-01,99.2,98.9,49.07,99.2,98.8
1983-06-01,99.4,99.2,49.253,99.5,99.1
1983-07-01,99.8,99.8,49.53,99.9,99.6
1983-08-01,100.1,100.1,49.743,100.2,100
1983-09-01,100.4,100.5,49.916,100.7,100.7
1983-10-01,100.8,101,50.002,101,101.3
1983-11-01,101.1,101.5,50.072,101.2,101.8
1983-12-01,101.4,101.8,50.1,101.3,101.9
1984-01-01,102.1,102.5,50.318,101.9,102.3
1984-02-01,102.6,102.8,50.656,102.4,102.6
1984-03-01,102.9,103.2,50.823,102.6,103
1984-04-01,103.3,103.7,51.016,103.1,103.5
1984-05-01,103.5,104.1,51.08,103.4,103.9
1984-06-01,103.7,104.5,51.171,103.7,104.2
1984-07-01,104.1,105,51.354,104.1,104.6
1984-08-01,104.4,105.4,51.512,104.5,105.1
1984-09-01,104.7,105.8,51.582,105,105.8
1984-10-01,105.1,106.2,51.704,105.3,106.3
1984-11-01,105.3,106.4,51.776,105.3,106.5
1984-12-01,105.5,106.8,51.922,105.3,106.7
1985-01-01,105.7,107.1,52.182,105.5,106.9
1985-02-01,106.3,107.7,52.424,106,107.4
1985-03-01,106.8,108.1,52.629,106.4,107.9
1985-04-01,107,108.4,52.706,106.9,108.2
1985-05-01,107.2,108.8,52.831,107.3,108.6
1985-06-01,107.5,109.1,52.974,107.6,108.8
1985-07-01,107.7,109.4,53.104,107.8,109
1985-08-01,107.9,109.8,53.28,108,109.4
1985-09-01,108.1,110,53.37,108.3,110
1985-10-01,108.5,110.5,53.459,108.7,110.7
1985-11-01,109,111.1,53.614,109,111.2
1985-12-01,109.5,111.4,53.795,109.3,111.3
1986-01-01,109.9,111.9,54.042,109.6,111.6
1986-02-01,109.7,112.2,54.042,109.3,111.9
1986-03-01,109.1,112.5,53.924,108.8,112.3
1986-04-01,108.7,112.9,53.813,108.6,112.7
1986-05-01,109,113.1,53.912,108.9,112.9
1986-06-01,109.4,113.4,54.112,109.5,113.1
1986-07-01,109.5,113.8,54.126,109.5,113.5
1986-08-01,109.6,114.2,54.194,109.7,113.8
1986-09-01,110,114.6,54.371,110.2,114.5
1986-10-01,110.2,115,54.469,110.3,115.1
1986-11-01,110.4,115.3,54.566,110.4,115.4
1986-12-01,110.8,115.6,54.64,110.5,115.5
1987-01-01,111.4,115.9,54.895,111.2,115.8
1987-02-01,111.8,116.2,55.088,111.6,116.1
1987-03-01,112.2,116.6,55.233,112.1,116.8
1987-04-01,112.7,117.3,55.439,112.7,117.4
1987-05-01,113,117.7,55.58,113.1,117.6
1987-06-01,113.5,117.9,55.791,113.5,117.7
1987-07-01,113.8,118.3,55.919,113.8,118
1987-08-01,114.3,118.7,56.14,114.4,118.6
1987-09-01,114.7,119.2,56.329,115,119.4
1987-10-01,115,119.8,56.508,115.3,120.1
1987-11-01,115.4,120.1,56.616,115.4,120.5
1987-12-01,115.6,120.4,56.72,115.4,120.4
1988-01-01,116,120.9,56.941,115.7,120.8
1988-02-01,116.2,121.2,57.024,116,121.1
1988-03-01,116.5,121.7,57.221,116.5,121.9
1988-04-01,117.2,122.3,57.499,117.1,122.4
1988-05-01,117.5,122.7,57.666,117.5,122.7
1988-06-01,118,123.2,57.912,118,123
1988-07-01,118.5,123.6,58.193,118.5,123.3
1988-08-01,119,124,58.366,119,123.8
1988-09-01,119.5,124.7,58.65,119.8,124.7
1988-10-01,119.9,125.2,58.841,120.2,125.5
1988-11-01,120.3,125.6,58.978,120.3,125.8
1988-12-01,120.7,126,59.162,120.5,126
1989-01-01,121.2,126.5,59.465,121.1,126.4
1989-02-01,121.6,126.9,59.663,121.6,126.9
1989-03-01,122.2,127.4,59.885,122.3,127.6
1989-04-01,123.1,127.8,60.284,123.1,128
1989-05-01,123.7,128.3,60.504,123.8,128.3
1989-06-01,124.1,128.8,60.637,124.1,128.5
1989-07-01,124.5,129.2,60.782,124.4,129
1989-08-01,124.5,129.5,60.789,124.6,129.3
1989-09-01,124.8,129.9,60.924,125,130
1989-10-01,125.4,130.6,61.162,125.6,130.9
1989-11-01,125.9,131.1,61.296,125.9,131.3
1989-12-01,126.3,131.6,61.473,126.1,131.5
1990-01-01,127.5,132.1,61.939,127.4,132
1990-02-01,128,132.7,62.212,128,132.8
1990-03-01,128.6,133.5,62.446,128.7,133.9
1990-04-01,128.9,134,62.577,128.9,134.2
1990-05-01,129.1,134.4,62.718,129.2,134.4
1990-06-01,129.9,135.1,62.995,129.9,134.8
1990-07-01,130.5,135.8,63.151,130.4,135.5
1990-08-01,131.6,136.6,63.571,131.6,136.4
1990-09-01,132.5,137.1,63.961,132.7,137.2
1990-10-01,133.4,137.6,64.327,133.5,137.8
1990-11-01,133.7,138,64.409,133.8,138.2
1990-12-01,134.2,138.6,64.469,133.8,138.3
1991-01-01,134.7,139.5,64.714,134.6,139.4
1991-02-01,134.8,140.2,64.747,134.8,140.3
1991-03-01,134.8,140.5,64.76,135,140.9
1991-04-01,135.1,140.9,64.878,135.2,141.1
1991-05-01,135.6,141.3,65.147,135.6,141.3
1991-06-01,136,141.8,65.257,136,141.5
1991-07-01,136.2,142.3,65.36,136.2,142
1991-08-01,136.6,142.9,65.511,136.6,142.7
1991-09-01,137,143.4,65.737,137.2,143.4
1991-10-01,137.2,143.7,65.86,137.4,143.9
1991-11-01,137.8,144.2,66.005,137.8,144.4
1991-12-01,138.2,144.7,66.17,137.9,144.4
1992-01-01,138.3,145.1,66.26,138.1,144.9
1992-02-01,138.6,145.4,66.428,138.6,145.6
1992-03-01,139.1,145.9,66.589,139.3,146.4
1992-04-01,139.4,146.3,66.769,139.5,146.6
1992-05-01,139.7,146.8,66.857,139.7,146.7
1992-06-01,140.1,147.1,66.976,140.2,146.9
1992-07-01,140.5,147.6,67.197,140.5,147.3
1992-08-01,140.8,147.9,67.287,140.9,147.7
1992-09-01,141.1,148.1,67.397,141.3,148.1
1992-10-01,141.7,148.8,67.635,141.8,149
1992-11-01,142.1,149.2,67.768,142,149.3
1992-12-01,142.3,149.6,67.886,141.9,149.2
1993-01-01,142.8,150.1,68.052,142.6,149.9
1993-02-01,143.1,150.6,68.154,143.1,150.8
1993-03-01,143.3,150.8,68.294,143.6,151.4
1993-04-01,143.8,151.4,68.475,144,151.7
1993-05-01,144.2,151.8,68.687,144.2,151.7
1993-06-01,144.3,152.1,68.711,144.4,151.8
1993-07-01,144.5,152.3,68.82,144.4,152
1993-08-01,144.8,152.8,68.938,144.8,152.6
1993-09-01,145,152.9,69.01,145.1,152.9
1993-10-01,145.6,153.4,69.227,145.7,153.5
1993-11-01,146,153.9,69.358,145.8,153.9
1993-12-01,146.3,154.3,69.374,145.8,153.9
1994-01-01,146.3,154.5,69.397,146.2,154.3
1994-02-01,146.7,154.8,69.558,146.7,155
1994-03-01,147.1,155.3,69.75,147.2,155.8
1994-04-01,147.2,155.5,69.832,147.4,155.9
1994-05-01,147.5,155.9,69.933,147.5,156
1994-06-01,147.9,156.4,70.104,148,156.2
1994-07-01,148.4,156.7,70.325,148.4,156.4
1994-08-01,149,157.1,70.486,149,157
1994-09-01,149.3,157.5,70.565,149.4,157.5
1994-10-01,149.4,157.8,70.684,149.5,158
1994-11-01,149.8,158.2,70.819,149.7,158.2
1994-12-01,150.1,158.3,70.865,149.7,157.9
1995-01-01,150.5,159,71.008,150.3,158.7
1995-02-01,150.9,159.4,71.134,150.9,159.6
1995-03-01,151.2,159.9,71.265,151.4,160.4
1995-04-01,151.8,160.4,71.453,151.9,160.7
1995-05-01,152.1,160.7,71.563,152.2,160.8
1995-06-01,152.4,161.1,71.633,152.5,160.9
1995-07-01,152.6,161.4,71.722,152.5,161.1
1995-08-01,152.9,161.8,71.877,152.9,161.6
1995-09-01,153.1,162.2,71.926,153.2,162.1
1995-10-01,153.5,162.7,72.113,153.7,162.8
1995-11-01,153.7,163,72.111,153.6,163
1995-12-01,153.9,163.1,72.249,153.5,162.7
1996-01-01,154.7,163.7,72.41,154.4,163.4
1996-02-01,155,164,72.524,154.9,164.2
1996-03-01,155.5,164.4,72.743,155.7,164.9
1996-04-01,156.1,164.6,72.961,156.3,165
1996-05-01,156.4,165,73.087,156.6,165.1
1996-06-01,156.7,165.4,73.086,156.7,165.2
1996-07-01,157,165.7,73.241,157,165.5
1996-08-01,157.2,166,73.31,157.3,165.8
1996-09-01,157.7,166.5,73.517,157.8,166.4
1996-10-01,158.2,166.8,73.74,158.3,167
1996-11-01,158.7,167.2,73.871,158.6,167.2
1996-12-01,159.1,167.4,73.956,158.6,167
1997-01-01,159.4,167.8,74.052,159.1,167.5
1997-02-01,159.7,168.1,74.208,159.6,168.3
1997-03-01,159.8,168.4,74.286,160,169
1997-04-01,159.9,168.9,74.359,160.2,169.4
1997-05-01,159.9,169.2,74.324,160.1,169.3
1997-06-01,160.2,169.4,74.42,160.3,169.2
1997-07-01,160.4,169.7,74.464,160.5,169.5
1997-08-01,160.8,169.8,74.524,160.8,169.6
1997-09-01,161.2,170.2,74.704,161.2,170
1997-10-01,161.5,170.6,74.801,161.6,170.8
1997-11-01,161.7,170.8,74.804,161.5,170.8
1997-12-01,161.8,171.2,74.788,161.3,170.7
1998-01-01,162,171.6,74.825,161.6,171.2
1998-02-01,162,171.9,74.787,161.9,172.1
1998-03-01,162,172.2,74.799,162.2,172.6
1998-04-01,162.2,172.5,74.891,162.5,173
1998-05-01,162.6,172.9,74.994,162.8,173.1
1998-06-01,162.8,173.2,74.931,163,173
1998-07-01,163.2,173.5,75.116,163.2,173.3
1998-08-01,163.4,174,75.22,163.4,173.8
1998-09-01,163.5,174.2,75.176,163.6,174.2
1998-10-01,163.9,174.4,75.341,164,174.7
1998-11-01,164.1,174.8,75.345,164,174.8
1998-12-01,164.4,175.4,75.42,163.9,174.8
1999-01-01,164.7,175.6,75.527,164.3,175.3
1999-02-01,164.7,175.6,75.484,164.5,175.7
1999-03-01,164.8,175.7,75.541,165,176.2
1999-04-01,165.9,176.3,75.906,166.2,176.8
1999-05-01,166,176.5,75.955,166.2,176.6
1999-06-01,166,176.6,75.979,166.2,176.6
1999-07-01,166.7,177.1,76.181,166.7,176.9
1999-08-01,167.1,177.3,76.319,167.1,177.1
1999-09-01,167.8,177.8,76.593,167.9,177.7
1999-10-01,168.1,178.1,76.723,168.2,178.3
1999-11-01,168.4,178.4,76.792,168.3,178.4
1999-12-01,168.8,178.7,76.97,168.3,178.2
2000-01-01,169.3,179.3,77.18,168.8,178.8
2000-02-01,170,179.4,77.422,169.8,179.5
2000-03-01,171,180,77.755,171.2,180.5
2000-04-01,170.9,180.3,77.69,171.3,180.9
2000-05-01,171.2,180.7,77.755,171.5,180.9
2000-06-01,172.2,181.1,78.019,172.4,181
2000-07-01,172.7,181.5,78.214,172.8,181.3
2000-08-01,172.7,181.9,78.209,172.8,181.7
2000-09-01,173.6,182.3,78.545,173.7,182.3
2000-10-01,173.9,182.6,78.652,174,182.8
2000-11-01,174.2,183.1,78.762,174.1,183
2000-12-01,174.6,183.3,78.883,174,182.8
2001-01-01,175.6,183.9,79.265,175.1,183.5
2001-02-01,176,184.4,79.388,175.8,184.4
2001-03-01,176.1,184.7,79.395,176.2,185.3
2001-04-01,176.4,185.1,79.534,176.9,185.6
2001-05-01,177.3,185.3,79.743,177.7,185.5
2001-06-01,177.7,186,79.885,178,185.9
2001-07-01,177.4,186.4,79.858,177.5,186.2
2001-08-01,177.4,186.7,79.848,177.5,186.6
2001-09-01,178.1,187.1,79.577,178.3,187.1
2001-10-01,177.6,187.4,79.857,177.7,187.6
2001-11-01,177.5,188.1,79.803,177.4,188.1
2001-12-01,177.4,188.4,79.721,176.7,187.8
2002-01-01,177.7,188.7,79.793,177.1,188.2
2002-02-01,178,189.1,79.926,177.8,189.2
2002-03-01,178.5,189.2,80.144,178.8,189.8
2002-04-01,179.3,189.7,80.479,179.8,190.3
2002-05-01,179.5,190,80.531,179.8,190.2
2002-06-01,179.6,190.2,80.632,179.9,190.1
2002-07-01,180,190.5,80.81,180.1,190.3
2002-08-01,180.5,191.1,80.969,180.7,191
2002-09-01,180.8,191.3,81.115,181,191.3
2002-10-01,181.2,191.5,81.262,181.3,191.8
2002-11-01,181.5,191.9,81.343,181.3,191.8
2002-12-01,181.8,192.1,81.421,180.9,191.4
2003-01-01,182.6,192.4,81.664,181.7,191.8
2003-02-01,183.6,192.5,82.009,183.1,192.5
2003-03-01,183.9,192.5,82.219,184.2,193
2003-04-01,183.2,192.5,82.08,183.8,193.1
2003-05-01,182.9,192.9,81.986,183.5,193.2
2003-06-01,183.1,193,82.074,183.7,193
2003-07-01,183.7,193.4,82.315,183.9,193.2
2003-08-01,184.5,193.6,82.593,184.6,193.5
2003-09-01,185.1,193.7,82.852,185.2,193.6
2003-10-01,184.9,194,82.862,185,194.3
2003-11-01,185,194,82.967,184.5,193.9
2003-12-01,185.5,194.2,83.15,184.3,193.6
2004-01-01,186.3,194.6,83.471,185.2,194
2004-02-01,186.7,194.9,83.649,186.2,194.9
2004-03-01,187.1,195.5,83.778,187.4,196.1
2004-04-01,187.4,195.9,83.934,188,196.5
2004-05-01,188.2,196.2,84.206,189.1,196.5
2004-06-01,188.9,196.6,84.447,189.7,196.6
2004-07-01,189.1,196.8,84.525,189.4,196.6
2004-08-01,189.2,196.9,84.569,189.5,196.8
2004-09-01,189.8,197.5,84.735,189.9,197.4
2004-10-01,190.8,197.9,85.099,190.9,198.2
2004-11-01,191.7,198.3,85.427,191,198.1
2004-12-01,191.7,198.6,85.473,190.3,197.8
2005-01-01,191.6,199,85.585,190.7,198.4
2005-02-01,192.4,199.4,85.823,191.8,199.5
2005-03-01,193.1,200.1,86.08,193.3,200.7
2005-04-01,193.7,200.2,86.321,194.6,200.9
2005-05-01,193.6,200.5,86.37,194.4,200.8
2005-06-01,193.7,200.6,86.423,194.5,200.6
2005-07-01,194.9,200.9,86.79,195.4,200.8
2005-08-01,196.1,201.1,87.14,196.4,201
2005-09-01,198.8,201.3,87.981,198.8,201.3
2005-10-01,199.1,202,88.121,199.2,202.3
2005-11-01,198.1,202.5,87.938,197.6,202.3
2005-12-01,198.1,202.8,87.938,196.8,202.1
2006-01-01,199.3,203.2,88.364,198.3,202.6
2006-02-01,199.4,203.6,88.417,198.7,203.6
2006-03-01,199.7,204.3,88.588,199.8,204.9
2006-04-01,200.7,204.8,88.999,201.5,205.5
2006-05-01,201.3,205.4,89.239,202.5,205.7
2006-06-01,201.8,205.9,89.459,202.9,205.9
2006-07-01,202.9,206.3,89.765,203.5,206.2
2006-08-01,203.8,206.8,90.047,203.9,206.7
2006-09-01,202.8,207.2,89.812,202.9,207.2
2006-10-01,201.9,207.6,89.599,201.8,207.8
2006-11-01,202,207.8,89.63,201.5,207.6
2006-12-01,203.1,208.1,89.949,201.8,207.3
2007-01-01,203.437,208.6,90.249,202.416,208.009
2007-02-01,204.226,209.135,90.529,203.499,209.112
2007-03-01,205.288,209.418,90.861,205.352,209.923
2007-04-01,205.904,209.747,91.074,206.686,210.311
2007-05-01,206.755,210.058,91.339,207.949,210.316
2007-06-01,207.234,210.392,91.532,208.352,210.474
2007-07-01,207.603,210.773,91.672,208.299,210.756
2007-08-01,207.667,211.119,91.734,207.917,211.111
2007-09-01,208.547,211.554,92.088,208.49,211.628
2007-10-01,209.19,212.077,92.367,208.936,212.318
2007-11-01,210.834,212.66,92.856,210.177,212.435
2007-12-01,211.445,213.168,93.072,210.036,212.356
2008-01-01,212.174,213.771,93.307,211.08,213.138
2008-02-01,212.687,213.939,93.492,211.693,213.866
2008-03-01,213.448,214.42,93.76,213.528,214.866
2008-04-01,213.942,214.56,93.934,214.823,215.059
2008-05-01,215.208,214.936,94.337,216.632,215.18
2008-06-01,217.463,215.424,95.021,218.815,215.553
2008-07-01,219.016,215.965,95.463,219.964,216.045
2008-08-01,218.69,216.393,95.386,219.086,216.476
2008-09-01,218.877,216.713,95.465,218.783,216.862
2008-10-01,216.995,216.788,94.835,216.573,217.023
2008-11-01,213.153,216.947,93.716,212.425,216.69
2008-12-01,211.398,216.925,93.192,210.228,216.1
2009-01-01,211.933,217.346,93.203,211.143,216.719
2009-02-01,212.705,217.792,93.369,212.193,217.685
2009-03-01,212.495,218.253,93.267,212.709,218.639
2009-04-01,212.709,218.706,93.401,213.24,219.143
2009-05-01,213.022,218.904,93.498,213.856,219.128
2009-06-01,214.79,219.112,94.053,215.693,219.283
2009-07-01,214.726,219.263,94.063,215.351,219.35
2009-08-01,215.445,219.496,94.336,215.834,219.596
2009-09-01,215.861,219.92,94.489,215.969,220.137
2009-10-01,216.509,220.501,94.847,216.177,220.731
2009-11-01,217.234,220.666,95.084,216.33,220.384
2009-12-01,217.347,220.881,95.14,215.949,220.025
2010-01-01,217.488,220.633,95.348,216.687,220.086
2010-02-01,217.281,220.731,95.345,216.741,220.602
2010-03-01,217.353,220.783,95.48,217.631,221.059
2010-04-01,217.403,220.822,95.532,218.009,221.166
2010-05-01,217.29,220.962,95.562,218.178,221.193
2010-06-01,217.199,221.194,95.522,217.965,221.265
2010-07-01,217.605,221.363,95.604,218.011,221.258
2010-08-01,217.923,221.509,95.735,218.312,221.551
2010-09-01,218.275,221.711,95.83,218.439,221.907
2010-10-01,219.035,221.83,96.135,218.711,222.079
2010-11-01,219.59,222.149,96.327,218.803,222.077
2010-12-01,220.472,222.343,96.545,219.179,221.795
2011-01-01,221.187,222.803,96.835,220.223,222.177
2011-02-01,221.898,223.213,97.105,221.309,223.011
2011-03-01,223.046,223.454,97.496,223.467,223.69
2011-04-01,224.093,223.727,97.908,224.906,224.118
2011-05-01,224.806,224.175,98.206,225.964,224.534
2011-06-01,224.806,224.697,98.186,225.722,224.891
2011-07-01,225.395,225.218,98.353,225.922,225.164
2011-08-01,226.106,225.862,98.584,226.545,225.874
2011-09-01,226.597,226.118,98.723,226.889,226.289
2011-10-01,226.75,226.506,98.725,226.421,226.743
2011-11-01,227.169,226.899,98.928,226.23,226.859
2011-12-01,227.223,227.405,98.984,225.672,226.74
2012-01-01,227.842,227.877,99.323,226.665,227.237
2012-02-01,228.329,228.034,99.545,227.663,227.865
2012-03-01,228.807,228.478,99.735,229.392,228.735
2012-04-01,229.187,228.905,99.866,230.085,229.303
2012-05-01,228.713,229.224,99.754,229.815,229.602
2012-06-01,228.524,229.623,99.704,229.478,229.879
2012-07-01,228.59,229.97,99.74,229.104,229.893
2012-08-01,229.918,230.233,100.075,230.379,230.196
2012-09-01,231.015,230.659,100.379,231.407,230.78
2012-10-01,231.638,231.024,100.677,231.317,231.276
2012-11-01,231.249,231.33,100.609,230.221,231.263
2012-12-01,231.221,231.725,100.593,229.601,231.033
2013-01-01,231.679,232.229,100.787,230.28,231.612
2013-02-01,232.937,232.569,101.156,232.166,232.432
2013-03-01,232.282,232.794,101.023,232.773,233.052
2013-04-01,231.797,232.832,100.944,232.531,233.236
2013-05-01,231.893,232.996,101.01,232.945,233.462
2013-06-01,232.445,233.35,101.228,233.504,233.64
2013-07-01,232.9,233.88,101.354,233.596,233.792
2013-08-01,233.456,234.336,101.51,233.877,234.258
2013-09-01,233.544,234.7,101.55,234.149,234.782
2013-10-01,233.669,234.921,101.722,233.546,235.162
2013-11-01,234.1,235.359,101.881,233.069,235.243
2013-12-01,234.719,235.759,102.084,233.049,235
2014-01-01,235.288,235.961,102.278,233.916,235.367
2014-02-01,235.547,236.185,102.338,234.781,236.075
2014-03-01,236.028,236.625,102.543,236.293,236.913
2014-04-01,236.468,237.072,102.742,237.072,237.509
2014-05-01,236.918,237.529,102.919,237.9,238.029
2014-06-01,237.231,237.837,103.035,238.343,238.157
2014-07-01,237.498,238.195,103.19,238.25,238.138
2014-08-01,237.46,238.405,103.177,237.852,238.296
2014-09-01,237.477,238.786,103.203,238.031,238.841
2014-10-01,237.43,239.191,103.177,237.433,239.413
2014-11-01,236.983,239.458,103.098,236.151,239.248
2014-12-01,236.252,239.584,102.94,234.812,238.775
2015-01-01,234.747,239.811,102.465,233.707,239.248
2015-02-01,235.342,240.172,102.634,234.722,240.083
2015-03-01,235.976,240.755,102.831,236.119,241.067
2015-04-01,236.222,241.346,102.91,236.599,241.802
2015-05-01,237.001,241.688,103.156,237.805,242.119
2015-06-01,237.657,242.064,103.356,238.638,242.354
2015-07-01,238.034,242.565,103.441,238.654,242.436
2015-08-01,238.033,242.817,103.442,238.316,242.651
2015-09-01,237.498,243.316,103.289,237.945,243.359
2015-10-01,237.733,243.768,103.274,237.838,243.985
2015-11-01,238.017,244.241,103.337,237.336,244.075
2015-12-01,237.761,244.547,103.253,236.525,243.779
2016-01-01,237.652,244.955,103.306,236.916,244.528
2016-02-01,237.336,245.51,103.242,237.111,245.68
2016-03-01,238.08,245.913,103.481,238.132,246.358
2016-04-01,238.992,246.551,103.823,239.261,246.992
2016-05-01,239.557,247.137,103.977,240.229,247.544
2016-06-01,240.222,247.54,104.175,241.018,247.794
2016-07-01,240.101,247.829,104.218,240.628,247.744
2016-08-01,240.545,248.423,104.374,240.849,248.278
2016-09-01,241.176,248.842,104.555,241.428,248.731
2016-10-01,241.741,249.142,104.786,241.729,249.218
2016-11-01,242.026,249.481,104.826,241.353,249.227
2016-12-01,242.637,249.92,105.017,241.432,249.134
2017-01-01,243.618,250.467,105.41,242.839,250.083
2017-02-01,244.006,250.998,105.502,243.603,251.143
2017-03-01,243.892,250.944,105.448,243.801,251.29
2017-04-01,244.193,251.227,105.732,244.524,251.642
2017-05-01,244.004,251.43,105.703,244.733,251.835
2017-06-01,244.163,251.746,105.818,244.955,252.014
2017-07-01,244.243,251.985,105.844,244.786,251.936
2017-08-01,245.183,252.535,106.074,245.519,252.46
2017-09-01,246.435,252.812,106.52,246.819,252.941
2017-10-01,246.626,253.526,106.692,246.663,253.638
2017-11-01,247.284,253.816,106.88,246.669,253.492
2017-12-01,247.805,254.344,106.995,246.524,253.558
2018-01-01,248.743,255.072,107.354,247.867,254.638
2018-02-01,249.439,255.568,107.574,248.991,255.783
2018-03-01,249.581,256.128,107.744,249.554,256.61
2018-04-01,250.146,256.603,108.008,250.546,257.025
2018-05-01,250.779,257.151,108.203,251.588,257.469
2018-06-01,251.118,257.449,108.341,251.989,257.697
2018-07-01,251.323,257.848,108.427,252.006,257.867
2018-08-01,251.749,258.028,108.491,252.146,258.012
2018-09-01,252.239,258.505,108.72,252.439,258.429
2018-10-01,252.862,258.997,108.947,252.885,259.063
2018-11-01,252.657,259.455,109.023,252.038,259.105
2018-12-01,252.551,259.934,108.99,251.233,259.083
2019-01-01,252.47,260.534,108.93,251.712,260.122
2019-02-01,253.135,260.885,109.036,252.776,261.114
2019-03-01,254.273,261.382,109.333,254.202,261.836
2019-04-01,255.163,261.958,109.759,255.548,262.332
2019-05-01,255.325,262.321,109.827,256.092,262.59
2019-06-01,255.361,262.945,109.92,256.143,263.177
2019-07-01,255.9,263.491,110.074,256.571,263.566
2019-08-01,256.179,264.135,110.133,256.558,264.169
2019-09-01,256.596,264.588,110.215,256.759,264.522
2019-10-01,257.305,265.019,110.479,257.346,265.059
2019-11-01,257.788,265.461,110.568,257.208,265.108
2019-12-01,258.263,265.742,110.789,256.974,264.935
2020-01-01,258.682,266.418,111.002,257.971,266.004
2020-02-01,259.007,267.083,111.071,258.678,267.268
2020-03-01,258.165,266.916,110.802,258.115,267.312
2020-04-01,256.094,265.771,110.213,256.389,266.089
2020-05-01,255.944,265.606,110.385,256.394,265.799
2020-06-01,257.217,266.088,110.918,257.797,266.302
2020-07-01,258.543,267.552,111.221,259.101,267.703
2020-08-01,259.58,268.662,111.563,259.918,268.756
2020-09-01,260.19,269.152,111.736,260.28,269.054
2020-10-01,260.352,269.332,111.775,260.388,269.328
2020-11-01,260.721,269.816,111.79,260.229,269.473
2020-12-01,261.564,269.984,112.22,260.474,269.226
2021-01-01,262.2,270.114,112.57,261.582,269.755
2021-02-01,263.346,270.522,112.878,263.014,270.696
2021-03-01,265.028,271.347,113.518,264.877,271.713
2021-04-01,266.727,273.669,114.161,267.054,273.968
2021-05-01,268.599,275.715,114.767,269.195,275.893
2021-06-01,270.955,277.922,115.388,271.696,278.218
2021-07-01,272.184,278.794,115.847,273.003,279.146
2021-08-01,273.092,279.306,116.29,273.567,279.507
2021-09-01,274.214,280.017,116.693,274.31,279.884
2021-10-01,276.59,281.705,117.429,276.589,281.617
2021-11-01,278.524,283.179,118.106,277.948,282.754
2021-12-01,280.126,284.77,118.709,278.802,283.908
2022-01-01,281.933,286.431,119.321,281.148,285.996
2022-02-01,284.182,287.878,119.96,283.716,288.059
2022-03-01,287.708,288.811,121.054,287.504,289.305
2022-04-01,288.663,290.455,121.318,289.109,290.846
2022-05-01,291.474,292.289,122.026,292.296,292.506
2022-06-01,295.328,294.354,123.187,296.311,294.68
2022-07-01,295.271,295.275,NA,296.276,295.646
1913-01-01,NA,NA,NA,9.8,NA
1913-02-01,NA,NA,NA,9.8,NA
1913-03-01,NA,NA,NA,9.8,NA
1913-04-01,NA,NA,NA,9.8,NA
1913-05-01,NA,NA,NA,9.7,NA
1913-06-01,NA,NA,NA,9.8,NA
1913-07-01,NA,NA,NA,9.9,NA
1913-08-01,NA,NA,NA,9.9,NA
1913-09-01,NA,NA,NA,10,NA
1913-10-01,NA,NA,NA,10,NA
1913-11-01,NA,NA,NA,10.1,NA
1913-12-01,NA,NA,NA,10,NA
1914-01-01,NA,NA,NA,10,NA
1914-02-01,NA,NA,NA,9.9,NA
1914-03-01,NA,NA,NA,9.9,NA
1914-04-01,NA,NA,NA,9.8,NA
1914-05-01,NA,NA,NA,9.9,NA
1914-06-01,NA,NA,NA,9.9,NA
1914-07-01,NA,NA,NA,10,NA
1914-08-01,NA,NA,NA,10.2,NA
1914-09-01,NA,NA,NA,10.2,NA
1914-10-01,NA,NA,NA,10.1,NA
1914-11-01,NA,NA,NA,10.2,NA
1914-12-01,NA,NA,NA,10.1,NA
1915-01-01,NA,NA,NA,10.1,NA
1915-02-01,NA,NA,NA,10,NA
1915-03-01,NA,NA,NA,9.9,NA
1915-04-01,NA,NA,NA,10,NA
1915-05-01,NA,NA,NA,10.1,NA
1915-06-01,NA,NA,NA,10.1,NA
1915-07-01,NA,NA,NA,10.1,NA
1915-08-01,NA,NA,NA,10.1,NA
1915-09-01,NA,NA,NA,10.1,NA
1915-10-01,NA,NA,NA,10.2,NA
1915-11-01,NA,NA,NA,10.3,NA
1915-12-01,NA,NA,NA,10.3,NA
1916-01-01,NA,NA,NA,10.4,NA
1916-02-01,NA,NA,NA,10.4,NA
1916-03-01,NA,NA,NA,10.5,NA
1916-04-01,NA,NA,NA,10.6,NA
1916-05-01,NA,NA,NA,10.7,NA
1916-06-01,NA,NA,NA,10.8,NA
1916-07-01,NA,NA,NA,10.8,NA
1916-08-01,NA,NA,NA,10.9,NA
1916-09-01,NA,NA,NA,11.1,NA
1916-10-01,NA,NA,NA,11.3,NA
1916-11-01,NA,NA,NA,11.5,NA
1916-12-01,NA,NA,NA,11.6,NA
1917-01-01,NA,NA,NA,11.7,NA
1917-02-01,NA,NA,NA,12,NA
1917-03-01,NA,NA,NA,12,NA
1917-04-01,NA,NA,NA,12.6,NA
1917-05-01,NA,NA,NA,12.8,NA
1917-06-01,NA,NA,NA,13,NA
1917-07-01,NA,NA,NA,12.8,NA
1917-08-01,NA,NA,NA,13,NA
1917-09-01,NA,NA,NA,13.3,NA
1917-10-01,NA,NA,NA,13.5,NA
1917-11-01,NA,NA,NA,13.5,NA
1917-12-01,NA,NA,NA,13.7,NA
1918-01-01,NA,NA,NA,14,NA
1918-02-01,NA,NA,NA,14.1,NA
1918-03-01,NA,NA,NA,14,NA
1918-04-01,NA,NA,NA,14.2,NA
1918-05-01,NA,NA,NA,14.5,NA
1918-06-01,NA,NA,NA,14.7,NA
1918-07-01,NA,NA,NA,15.1,NA
1918-08-01,NA,NA,NA,15.4,NA
1918-09-01,NA,NA,NA,15.7,NA
1918-10-01,NA,NA,NA,16,NA
1918-11-01,NA,NA,NA,16.3,NA
1918-12-01,NA,NA,NA,16.5,NA
1919-01-01,NA,NA,NA,16.5,NA
1919-02-01,NA,NA,NA,16.2,NA
1919-03-01,NA,NA,NA,16.4,NA
1919-04-01,NA,NA,NA,16.7,NA
1919-05-01,NA,NA,NA,16.9,NA
1919-06-01,NA,NA,NA,16.9,NA
1919-07-01,NA,NA,NA,17.4,NA
1919-08-01,NA,NA,NA,17.7,NA
1919-09-01,NA,NA,NA,17.8,NA
1919-10-01,NA,NA,NA,18.1,NA
1919-11-01,NA,NA,NA,18.5,NA
1919-12-01,NA,NA,NA,18.9,NA
1920-01-01,NA,NA,NA,19.3,NA
1920-02-01,NA,NA,NA,19.5,NA
1920-03-01,NA,NA,NA,19.7,NA
1920-04-01,NA,NA,NA,20.3,NA
1920-05-01,NA,NA,NA,20.6,NA
1920-06-01,NA,NA,NA,20.9,NA
1920-07-01,NA,NA,NA,20.8,NA
1920-08-01,NA,NA,NA,20.3,NA
1920-09-01,NA,NA,NA,20,NA
1920-10-01,NA,NA,NA,19.9,NA
1920-11-01,NA,NA,NA,19.8,NA
1920-12-01,NA,NA,NA,19.4,NA
1921-01-01,NA,NA,NA,19,NA
1921-02-01,NA,NA,NA,18.4,NA
1921-03-01,NA,NA,NA,18.3,NA
1921-04-01,NA,NA,NA,18.1,NA
1921-05-01,NA,NA,NA,17.7,NA
1921-06-01,NA,NA,NA,17.6,NA
1921-07-01,NA,NA,NA,17.7,NA
1921-08-01,NA,NA,NA,17.7,NA
1921-09-01,NA,NA,NA,17.5,NA
1921-10-01,NA,NA,NA,17.5,NA
1921-11-01,NA,NA,NA,17.4,NA
1921-12-01,NA,NA,NA,17.3,NA
1922-01-01,NA,NA,NA,16.9,NA
1922-02-01,NA,NA,NA,16.9,NA
1922-03-01,NA,NA,NA,16.7,NA
1922-04-01,NA,NA,NA,16.7,NA
1922-05-01,NA,NA,NA,16.7,NA
1922-06-01,NA,NA,NA,16.7,NA
1922-07-01,NA,NA,NA,16.8,NA
1922-08-01,NA,NA,NA,16.6,NA
1922-09-01,NA,NA,NA,16.6,NA
1922-10-01,NA,NA,NA,16.7,NA
1922-11-01,NA,NA,NA,16.8,NA
1922-12-01,NA,NA,NA,16.9,NA
1923-01-01,NA,NA,NA,16.8,NA
1923-02-01,NA,NA,NA,16.8,NA
1923-03-01,NA,NA,NA,16.8,NA
1923-04-01,NA,NA,NA,16.9,NA
1923-05-01,NA,NA,NA,16.9,NA
1923-06-01,NA,NA,NA,17,NA
1923-07-01,NA,NA,NA,17.2,NA
1923-08-01,NA,NA,NA,17.1,NA
1923-09-01,NA,NA,NA,17.2,NA
1923-10-01,NA,NA,NA,17.3,NA
1923-11-01,NA,NA,NA,17.3,NA
1923-12-01,NA,NA,NA,17.3,NA
1924-01-01,NA,NA,NA,17.3,NA
1924-02-01,NA,NA,NA,17.2,NA
1924-03-01,NA,NA,NA,17.1,NA
1924-04-01,NA,NA,NA,17,NA
1924-05-01,NA,NA,NA,17,NA
1924-06-01,NA,NA,NA,17,NA
1924-07-01,NA,NA,NA,17.1,NA
1924-08-01,NA,NA,NA,17,NA
1924-09-01,NA,NA,NA,17.1,NA
1924-10-01,NA,NA,NA,17.2,NA
1924-11-01,NA,NA,NA,17.2,NA
1924-12-01,NA,NA,NA,17.3,NA
1925-01-01,NA,NA,NA,17.3,NA
1925-02-01,NA,NA,NA,17.2,NA
1925-03-01,NA,NA,NA,17.3,NA
1925-04-01,NA,NA,NA,17.2,NA
1925-05-01,NA,NA,NA,17.3,NA
1925-06-01,NA,NA,NA,17.5,NA
1925-07-01,NA,NA,NA,17.7,NA
1925-08-01,NA,NA,NA,17.7,NA
1925-09-01,NA,NA,NA,17.7,NA
1925-10-01,NA,NA,NA,17.7,NA
1925-11-01,NA,NA,NA,18,NA
1925-12-01,NA,NA,NA,17.9,NA
1926-01-01,NA,NA,NA,17.9,NA
1926-02-01,NA,NA,NA,17.9,NA
1926-03-01,NA,NA,NA,17.8,NA
1926-04-01,NA,NA,NA,17.9,NA
1926-05-01,NA,NA,NA,17.8,NA
1926-06-01,NA,NA,NA,17.7,NA
1926-07-01,NA,NA,NA,17.5,NA
1926-08-01,NA,NA,NA,17.4,NA
1926-09-01,NA,NA,NA,17.5,NA
1926-10-01,NA,NA,NA,17.6,NA
1926-11-01,NA,NA,NA,17.7,NA
1926-12-01,NA,NA,NA,17.7,NA
1927-01-01,NA,NA,NA,17.5,NA
1927-02-01,NA,NA,NA,17.4,NA
1927-03-01,NA,NA,NA,17.3,NA
1927-04-01,NA,NA,NA,17.3,NA
1927-05-01,NA,NA,NA,17.4,NA
1927-06-01,NA,NA,NA,17.6,NA
1927-07-01,NA,NA,NA,17.3,NA
1927-08-01,NA,NA,NA,17.2,NA
1927-09-01,NA,NA,NA,17.3,NA
1927-10-01,NA,NA,NA,17.4,NA
1927-11-01,NA,NA,NA,17.3,NA
1927-12-01,NA,NA,NA,17.3,NA
1928-01-01,NA,NA,NA,17.3,NA
1928-02-01,NA,NA,NA,17.1,NA
1928-03-01,NA,NA,NA,17.1,NA
1928-04-01,NA,NA,NA,17.1,NA
1928-05-01,NA,NA,NA,17.2,NA
1928-06-01,NA,NA,NA,17.1,NA
1928-07-01,NA,NA,NA,17.1,NA
1928-08-01,NA,NA,NA,17.1,NA
1928-09-01,NA,NA,NA,17.3,NA
1928-10-01,NA,NA,NA,17.2,NA
1928-11-01,NA,NA,NA,17.2,NA
1928-12-01,NA,NA,NA,17.1,NA
1929-01-01,NA,NA,NA,17.1,NA
1929-02-01,NA,NA,NA,17.1,NA
1929-03-01,NA,NA,NA,17,NA
1929-04-01,NA,NA,NA,16.9,NA
1929-05-01,NA,NA,NA,17,NA
1929-06-01,NA,NA,NA,17.1,NA
1929-07-01,NA,NA,NA,17.3,NA
1929-08-01,NA,NA,NA,17.3,NA
1929-09-01,NA,NA,NA,17.3,NA
1929-10-01,NA,NA,NA,17.3,NA
1929-11-01,NA,NA,NA,17.3,NA
1929-12-01,NA,NA,NA,17.2,NA
1930-01-01,NA,NA,NA,17.1,NA
1930-02-01,NA,NA,NA,17,NA
1930-03-01,NA,NA,NA,16.9,NA
1930-04-01,NA,NA,NA,17,NA
1930-05-01,NA,NA,NA,16.9,NA
1930-06-01,NA,NA,NA,16.8,NA
1930-07-01,NA,NA,NA,16.6,NA
1930-08-01,NA,NA,NA,16.5,NA
1930-09-01,NA,NA,NA,16.6,NA
1930-10-01,NA,NA,NA,16.5,NA
1930-11-01,NA,NA,NA,16.4,NA
1930-12-01,NA,NA,NA,16.1,NA
1931-01-01,NA,NA,NA,15.9,NA
1931-02-01,NA,NA,NA,15.7,NA
1931-03-01,NA,NA,NA,15.6,NA
1931-04-01,NA,NA,NA,15.5,NA
1931-05-01,NA,NA,NA,15.3,NA
1931-06-01,NA,NA,NA,15.1,NA
1931-07-01,NA,NA,NA,15.1,NA
1931-08-01,NA,NA,NA,15.1,NA
1931-09-01,NA,NA,NA,15,NA
1931-10-01,NA,NA,NA,14.9,NA
1931-11-01,NA,NA,NA,14.7,NA
1931-12-01,NA,NA,NA,14.6,NA
1932-01-01,NA,NA,NA,14.3,NA
1932-02-01,NA,NA,NA,14.1,NA
1932-03-01,NA,NA,NA,14,NA
1932-04-01,NA,NA,NA,13.9,NA
1932-05-01,NA,NA,NA,13.7,NA
1932-06-01,NA,NA,NA,13.6,NA
1932-07-01,NA,NA,NA,13.6,NA
1932-08-01,NA,NA,NA,13.5,NA
1932-09-01,NA,NA,NA,13.4,NA
1932-10-01,NA,NA,NA,13.3,NA
1932-11-01,NA,NA,NA,13.2,NA
1932-12-01,NA,NA,NA,13.1,NA
1933-01-01,NA,NA,NA,12.9,NA
1933-02-01,NA,NA,NA,12.7,NA
1933-03-01,NA,NA,NA,12.6,NA
1933-04-01,NA,NA,NA,12.6,NA
1933-05-01,NA,NA,NA,12.6,NA
1933-06-01,NA,NA,NA,12.7,NA
1933-07-01,NA,NA,NA,13.1,NA
1933-08-01,NA,NA,NA,13.2,NA
1933-09-01,NA,NA,NA,13.2,NA
1933-10-01,NA,NA,NA,13.2,NA
1933-11-01,NA,NA,NA,13.2,NA
1933-12-01,NA,NA,NA,13.2,NA
1934-01-01,NA,NA,NA,13.2,NA
1934-02-01,NA,NA,NA,13.3,NA
1934-03-01,NA,NA,NA,13.3,NA
1934-04-01,NA,NA,NA,13.3,NA
1934-05-01,NA,NA,NA,13.3,NA
1934-06-01,NA,NA,NA,13.4,NA
1934-07-01,NA,NA,NA,13.4,NA
1934-08-01,NA,NA,NA,13.4,NA
1934-09-01,NA,NA,NA,13.6,NA
1934-10-01,NA,NA,NA,13.5,NA
1934-11-01,NA,NA,NA,13.5,NA
1934-12-01,NA,NA,NA,13.4,NA
1935-01-01,NA,NA,NA,13.6,NA
1935-02-01,NA,NA,NA,13.7,NA
1935-03-01,NA,NA,NA,13.7,NA
1935-04-01,NA,NA,NA,13.8,NA
1935-05-01,NA,NA,NA,13.8,NA
1935-06-01,NA,NA,NA,13.7,NA
1935-07-01,NA,NA,NA,13.7,NA
1935-08-01,NA,NA,NA,13.7,NA
1935-09-01,NA,NA,NA,13.7,NA
1935-10-01,NA,NA,NA,13.7,NA
1935-11-01,NA,NA,NA,13.8,NA
1935-12-01,NA,NA,NA,13.8,NA
1936-01-01,NA,NA,NA,13.8,NA
1936-02-01,NA,NA,NA,13.8,NA
1936-03-01,NA,NA,NA,13.7,NA
1936-04-01,NA,NA,NA,13.7,NA
1936-05-01,NA,NA,NA,13.7,NA
1936-06-01,NA,NA,NA,13.8,NA
1936-07-01,NA,NA,NA,13.9,NA
1936-08-01,NA,NA,NA,14,NA
1936-09-01,NA,NA,NA,14,NA
1936-10-01,NA,NA,NA,14,NA
1936-11-01,NA,NA,NA,14,NA
1936-12-01,NA,NA,NA,14,NA
1937-01-01,NA,NA,NA,14.1,NA
1937-02-01,NA,NA,NA,14.1,NA
1937-03-01,NA,NA,NA,14.2,NA
1937-04-01,NA,NA,NA,14.3,NA
1937-05-01,NA,NA,NA,14.4,NA
1937-06-01,NA,NA,NA,14.4,NA
1937-07-01,NA,NA,NA,14.5,NA
1937-08-01,NA,NA,NA,14.5,NA
1937-09-01,NA,NA,NA,14.6,NA
1937-10-01,NA,NA,NA,14.6,NA
1937-11-01,NA,NA,NA,14.5,NA
1937-12-01,NA,NA,NA,14.4,NA
1938-01-01,NA,NA,NA,14.2,NA
1938-02-01,NA,NA,NA,14.1,NA
1938-03-01,NA,NA,NA,14.1,NA
1938-04-01,NA,NA,NA,14.2,NA
1938-05-01,NA,NA,NA,14.1,NA
1938-06-01,NA,NA,NA,14.1,NA
1938-07-01,NA,NA,NA,14.1,NA
1938-08-01,NA,NA,NA,14.1,NA
1938-09-01,NA,NA,NA,14.1,NA
1938-10-01,NA,NA,NA,14,NA
1938-11-01,NA,NA,NA,14,NA
1938-12-01,NA,NA,NA,14,NA
1939-01-01,NA,NA,NA,14,NA
1939-02-01,NA,NA,NA,13.9,NA
1939-03-01,NA,NA,NA,13.9,NA
1939-04-01,NA,NA,NA,13.8,NA
1939-05-01,NA,NA,NA,13.8,NA
1939-06-01,NA,NA,NA,13.8,NA
1939-07-01,NA,NA,NA,13.8,NA
1939-08-01,NA,NA,NA,13.8,NA
1939-09-01,NA,NA,NA,14.1,NA
1939-10-01,NA,NA,NA,14,NA
1939-11-01,NA,NA,NA,14,NA
1939-12-01,NA,NA,NA,14,NA
1940-01-01,NA,NA,NA,13.9,NA
1940-02-01,NA,NA,NA,14,NA
1940-03-01,NA,NA,NA,14,NA
1940-04-01,NA,NA,NA,14,NA
1940-05-01,NA,NA,NA,14,NA
1940-06-01,NA,NA,NA,14.1,NA
1940-07-01,NA,NA,NA,14,NA
1940-08-01,NA,NA,NA,14,NA
1940-09-01,NA,NA,NA,14,NA
1940-10-01,NA,NA,NA,14,NA
1940-11-01,NA,NA,NA,14,NA
1940-12-01,NA,NA,NA,14.1,NA
1941-01-01,NA,NA,NA,14.1,NA
1941-02-01,NA,NA,NA,14.1,NA
1941-03-01,NA,NA,NA,14.2,NA
1941-04-01,NA,NA,NA,14.3,NA
1941-05-01,NA,NA,NA,14.4,NA
1941-06-01,NA,NA,NA,14.7,NA
1941-07-01,NA,NA,NA,14.7,NA
1941-08-01,NA,NA,NA,14.9,NA
1941-09-01,NA,NA,NA,15.1,NA
1941-10-01,NA,NA,NA,15.3,NA
1941-11-01,NA,NA,NA,15.4,NA
1941-12-01,NA,NA,NA,15.5,NA
1942-01-01,NA,NA,NA,15.7,NA
1942-02-01,NA,NA,NA,15.8,NA
1942-03-01,NA,NA,NA,16,NA
1942-04-01,NA,NA,NA,16.1,NA
1942-05-01,NA,NA,NA,16.3,NA
1942-06-01,NA,NA,NA,16.3,NA
1942-07-01,NA,NA,NA,16.4,NA
1942-08-01,NA,NA,NA,16.5,NA
1942-09-01,NA,NA,NA,16.5,NA
1942-10-01,NA,NA,NA,16.7,NA
1942-11-01,NA,NA,NA,16.8,NA
1942-12-01,NA,NA,NA,16.9,NA
1943-01-01,NA,NA,NA,16.9,NA
1943-02-01,NA,NA,NA,16.9,NA
1943-03-01,NA,NA,NA,17.2,NA
1943-04-01,NA,NA,NA,17.4,NA
1943-05-01,NA,NA,NA,17.5,NA
1943-06-01,NA,NA,NA,17.5,NA
1943-07-01,NA,NA,NA,17.4,NA
1943-08-01,NA,NA,NA,17.3,NA
1943-09-01,NA,NA,NA,17.4,NA
1943-10-01,NA,NA,NA,17.4,NA
1943-11-01,NA,NA,NA,17.4,NA
1943-12-01,NA,NA,NA,17.4,NA
1944-01-01,NA,NA,NA,17.4,NA
1944-02-01,NA,NA,NA,17.4,NA
1944-03-01,NA,NA,NA,17.4,NA
1944-04-01,NA,NA,NA,17.5,NA
1944-05-01,NA,NA,NA,17.5,NA
1944-06-01,NA,NA,NA,17.6,NA
1944-07-01,NA,NA,NA,17.7,NA
1944-08-01,NA,NA,NA,17.7,NA
1944-09-01,NA,NA,NA,17.7,NA
1944-10-01,NA,NA,NA,17.7,NA
1944-11-01,NA,NA,NA,17.7,NA
1944-12-01,NA,NA,NA,17.8,NA
1945-01-01,NA,NA,NA,17.8,NA
1945-02-01,NA,NA,NA,17.8,NA
1945-03-01,NA,NA,NA,17.8,NA
1945-04-01,NA,NA,NA,17.8,NA
1945-05-01,NA,NA,NA,17.9,NA
1945-06-01,NA,NA,NA,18.1,NA
1945-07-01,NA,NA,NA,18.1,NA
1945-08-01,NA,NA,NA,18.1,NA
1945-09-01,NA,NA,NA,18.1,NA
1945-10-01,NA,NA,NA,18.1,NA
1945-11-01,NA,NA,NA,18.1,NA
1945-12-01,NA,NA,NA,18.2,NA
1946-01-01,NA,NA,NA,18.2,NA
1946-02-01,NA,NA,NA,18.1,NA
1946-03-01,NA,NA,NA,18.3,NA
1946-04-01,NA,NA,NA,18.4,NA
1946-05-01,NA,NA,NA,18.5,NA
1946-06-01,NA,NA,NA,18.7,NA
1946-07-01,NA,NA,NA,19.8,NA
1946-08-01,NA,NA,NA,20.2,NA
1946-09-01,NA,NA,NA,20.4,NA
1946-10-01,NA,NA,NA,20.8,NA
1946-11-01,NA,NA,NA,21.3,NA
1946-12-01,NA,NA,NA,21.5,NA
