"date","CHNCPIALLMINMEI","USACPIALLMINMEI","JPNCPIALLMINMEI","GBRCPIALLMINMEI","INDCPIALLMINMEI","DEUCPIALLMINMEI","BRACPIALLMINMEI","FRACPIALLMINMEI","MEXCPIALLMINMEI","RUSCPIALLMINMEI"
1993-01-01,41.34688962,60.16446078,96.1058793586154,62.4,19.9828941,70.71538438,0.11734981,71.94,14.80506938,0.099166216
1993-02-01,41.58109523,60.37541611,96.2076864342072,62.7,19.9828941,71.27513677,0.146663794,72.19,14.92602776,0.123660272
1993-03-01,42.35070979,60.58637144,96.4113005853907,63,20.14872725,71.46172089,0.186644372,72.56,15.0130151,0.148515986
1993-04-01,43.57438783,60.75513571,97.123950114533,63.4,20.31456039,71.64830502,0.238438124,72.65,15.09958984,0.176288475
1993-05-01,44.22673964,60.83951784,97.123950114533,63.6,20.39747697,71.74159708,0.304461608,72.75,15.1859026,0.20819669
1993-06-01,44.16554824,60.92389997,97.123950114533,63.6,20.72914326,71.92818121,0.39601325,72.71,15.27107744,0.249627831
1993-07-01,43.85954048,60.92389997,97.3275642657165,63.4,20.97789298,72.30134947,0.517668535,72.77,15.34446359,0.305544465
1993-08-01,44.79949824,61.09266424,97.6329854924917,63.7,21.2266427,72.30134947,0.688292128,72.77,15.42659138,0.384986026
1993-09-01,45.97549489,61.21923744,97.7347925680835,64,21.47539242,72.2080574,0.933943568,73,15.54084495,0.473532812
1993-10-01,46.30958658,61.47238384,97.6329854924917,64,21.72414214,72.2080574,1.250737224,73.13,15.60440393,0.56587171
1993-11-01,46.71099656,61.5145749,97.123950114533,63.8,21.97289185,72.30134947,1.695499446,73.2,15.67323016,0.65867467
1993-12-01,48.12293699,61.5145749,97.123950114533,64,21.88997528,72.48793359,2.320121466,73.17,15.79273624,0.741009004
1994-01-01,50.07108392,61.68333917,97.2257571901247,64,21.80705871,72.86110185,3.278563644,73.26,15.91517148,0.873649616
1994-02-01,51.22790938,61.8942945,97.2257571901247,64.2,21.97289185,73.42085423,4.59894477,73.47,15.99702584,0.968178504
1994-03-01,51.83726868,62.10524983,97.7347925680835,64.4,22.138725,73.5141463,6.5650157,73.64,16.07928133,1.039920531
1994-04-01,53.03002974,62.18963197,97.938406719267,64.9,22.30455815,73.60743836,9.367026395,73.84,16.1580297,1.128209785
1994-05-01,53.64703497,62.23182303,98.0402137948588,65.1,22.55330787,73.79402249,13.49127431,74,16.23609858,1.206169081
1994-06-01,54.14696206,62.44277837,97.6329854924917,65.1,22.96789073,73.88731455,19.89016932,73.97,16.31734058,1.278539226
1994-07-01,54.38582977,62.61154263,97.123950114533,64.7,23.29955702,74.07389868,21.25068854,73.96,16.38970669,1.346685366
1994-08-01,56.35776843,62.86468903,97.6329854924917,65.1,23.54830674,74.26048281,21.64603724,73.95,16.46609731,1.40890223
1994-09-01,58.52680542,63.0334533,97.938406719267,65.2,23.87997303,74.07389868,21.97711858,74.18,16.58320473,1.521050848
1994-10-01,59.13734135,63.07564436,98.345635021634,65.1,23.96288961,73.98060662,22.55297272,74.34,16.67026084,1.749208475
1994-11-01,59.55652044,63.1600265,98.0402137948588,65.2,24.12872275,74.07389868,23.1865979,74.35,16.75937833,2.004767833
1994-12-01,60.39428539,63.1600265,97.8365996436752,65.5,23.96288961,74.26048281,23.58310665,74.33,16.9063684,2.334351665
1995-01-01,62.13821508,63.41317289,97.8365996436752,65.5,23.96288961,74.540359,23.98402364,74.52,17.54271466,2.749165956
1995-02-01,62.70296067,63.66631929,97.5311784169,65.7,24.12872275,74.91352725,24.22856445,74.75,18.28622001,3.052124044
1995-03-01,62.87860713,63.87727463,97.4293713413082,66,24.2945559,74.91352725,24.60419211,74.98,19.3642127,3.324983933
1995-04-01,64.00724579,64.08822996,97.7347925680835,66.4,24.46038905,75.00681932,25.20208741,75.07,20.90721961,3.606610073
1995-05-01,64.53738318,64.21480316,97.938406719267,66.7,24.87497191,75.00681932,25.87492264,75.18,21.78105533,3.892614251
1995-06-01,64.00170862,64.34137636,97.8365996436752,66.8,25.37247135,75.10011138,26.45959325,75.18,22.47233028,4.151862361
1995-07-01,63.468264,64.34137636,97.3275642657165,66.6,25.95288736,75.28669551,27.08393793,75.04,22.93045139,4.375232556
1995-08-01,64.52964495,64.51014062,97.4293713413082,66.9,26.11872051,75.28669551,27.35214398,75.4,23.31079997,4.57474316
1995-09-01,66.2523433,64.63671382,98.0402137948588,67.2,26.28455365,75.28669551,27.62290215,75.67,23.79298963,4.778776705
1995-10-01,66.29296002,64.84766915,97.7347925680835,67.1,26.4503868,75.10011138,28.01245055,75.75,24.28254721,5.004334965
1995-11-01,66.22685146,64.80547809,97.4293713413082,67.1,26.61621994,75.10011138,28.42427211,75.81,24.88131379,5.23253264
1995-12-01,66.49410819,64.76328702,97.4293713413082,67.5,26.28455365,75.37998757,28.86764732,75.88,25.6919491,5.399973684
1996-01-01,67.73065438,65.14300662,97.3275642657165,67.4,26.11872051,75.5665717,29.25441157,75.97,26.61555924,5.621912603
1996-02-01,68.53433603,65.35396195,97.123950114533,67.7,26.20163708,76.03303202,29.55579534,76.26,27.23675705,5.778763964
1996-03-01,69.04071059,65.69149048,97.3275642657165,67.9,26.4503868,76.03303202,29.65927276,76.75,27.83634229,5.940569355
1996-04-01,70.21594913,65.94463688,97.938406719267,68.3,26.86496966,76.03303202,30.03304433,76.84,28.62765727,6.068885654
1996-05-01,70.2812101,66.07121008,98.1420208704505,68.6,27.19663596,76.12632408,30.39939151,77,29.14946998,6.165987824
1996-06-01,69.50585616,66.11340115,97.8365996436752,68.7,27.61121882,76.21961615,30.76109845,76.91,29.62412798,6.238129882
1996-07-01,68.73612958,66.23997435,97.7347925680835,68.3,28.10871826,76.31290821,31.10262033,76.77,30.04524574,6.283044417
1996-08-01,69.75654646,66.36654755,97.6329854924917,68.7,28.44038455,76.31290821,31.23950749,76.62,30.44458719,6.269850023
1996-09-01,71.15501703,66.57750288,98.0402137948588,69,28.52330112,76.31290821,31.28637395,76.85,30.93136134,6.290540528
1996-10-01,70.9334675,66.78845821,98.2438279460422,69.1,28.68913427,76.31290821,31.38033887,77.05,31.31744052,6.366027015
1996-11-01,70.79650373,66.91503141,97.938406719267,69.2,28.93788399,76.21961615,31.48080012,76.98,31.7919348,6.485708323
1996-12-01,71.14869567,66.91503141,98.0402137948588,69.4,29.02080056,76.49949234,31.62882387,77.14,32.80985436,6.577805381
1997-01-01,71.72676317,67.12598674,97.938406719267,69.2,29.02080056,77.15253679,32.00213142,77.31,33.65356346,6.731726027
1997-02-01,72.37225887,67.33694208,97.7347925680835,69.3,29.02080056,77.24582885,32.1622198,77.47,34.21909252,6.835394608
1997-03-01,71.80233896,67.50570634,97.8365996436752,69.4,29.10371714,77.24582885,32.32625239,77.53,34.64495849,6.93314075
1997-04-01,72.46285949,67.59008847,99.7709340799186,69.7,29.35246686,77.15253679,32.61069928,77.56,35.019249,6.999698902
1997-05-01,72.24908413,67.54789741,99.9745482311021,70,29.18663371,77.33912091,32.74433828,77.67,35.33885315,7.065496071
1997-06-01,71.45201975,67.63227954,99.9745482311021,70.1,29.43538343,77.43241298,32.92113153,77.65,35.65239923,7.143216528
1997-07-01,70.59200537,67.71666167,99.567319928735,70,29.68413315,78.08545742,32.99351932,77.55,35.96299813,7.209648442
1997-08-01,71.0819206,67.84323487,99.6691270043268,70.3,29.76704972,78.17874949,32.98702298,77.75,36.28276601,7.199554934
1997-09-01,72.43580704,68.01199914,100.381776533469,70.5,29.93288287,77.99216536,33.00674401,77.89,36.73466532,7.177956269
1997-10-01,71.99746944,68.18076341,100.687197760244,70.6,30.26454916,77.8988733,33.08261199,77.85,37.02823613,7.190158795
1997-11-01,71.57526565,68.13857234,99.9745482311021,70.6,30.34746573,77.8988733,33.13875892,77.98,37.44247716,7.234018764
1997-12-01,71.43329102,68.05419021,99.7709340799186,70.7,30.84496517,78.08545742,33.28121438,78.02,37.96707331,7.303465344
1998-01-01,71.94194343,68.18076341,99.6691270043268,70.4,31.83996405,78.08545742,33.51740275,77.78,38.7930994,7.41374767
1998-02-01,72.29988673,68.3073366,99.567319928735,70.6,31.6741309,78.27204155,33.67169083,78.07,39.47225821,7.479730025
1998-03-01,72.30495537,68.4339098,99.9745482311021,70.8,31.50829775,78.17874949,33.78607281,78.2,39.93463634,7.527600297
1998-04-01,72.24547042,68.560483,100.178162382286,71.2,31.75704747,78.27204155,33.86704505,78.36,40.30827193,7.556205178
1998-05-01,71.52659364,68.6870562,100.483583609061,71.5,32.25454691,78.36533362,34.03641392,78.38,40.62934966,7.593986204
1998-06-01,70.52314337,68.77143834,100.076355306694,71.4,33.08371264,78.45862568,34.04314227,78.44,41.10957454,7.600061393
1998-07-01,69.60371732,68.85582047,99.4655128531433,71.2,34.07871152,78.73850187,34.00230813,78.18,41.50596882,7.612981497
1998-08-01,70.08677361,68.9402026,99.3637057775516,71.4,34.24454466,78.55191774,33.82899506,78.23,41.90498281,7.892377918
1998-09-01,71.34927032,69.02458473,100.178162382286,71.7,34.82496068,78.36533362,33.75451916,78.2,42.58463281,10.92541875
1998-10-01,71.20549694,69.193349,100.890811911428,71.7,35.90287613,78.27204155,33.76124751,78.16,43.1948606,11.42143276
1998-11-01,70.71636237,69.193349,100.789004835836,71.8,36.31745899,78.27204155,33.72064539,78.11,43.95981479,12.069028
1998-12-01,70.71895798,69.15115793,100.381776533469,72,35.57120983,78.36533362,33.83201122,78.19,45.03242071,13.47024215
1999-01-01,71.07864015,69.3199222,99.8727411555103,71.8,34.82496068,78.27204155,34.06889562,77.97,46.16960725,14.59904844
1999-02-01,71.35998815,69.40430433,99.4655128531433,71.9,34.41037781,78.36533362,34.42665835,78.21,46.79007979,15.20198915
1999-03-01,71.00346596,69.61525966,99.567319928735,72.3,34.32746124,78.36533362,34.80530217,78.47,47.22478727,15.62612464
1999-04-01,70.65606999,70.12155246,100.076355306694,72.6,34.41037781,78.73850187,35.00019238,78.69,47.6581849,16.09959622
1999-05-01,69.95300857,70.12155246,100.076355306694,72.8,34.7420441,78.73850187,35.10529388,78.7,47.94487899,16.45700725
1999-06-01,69.04215776,70.12155246,99.7709340799186,72.7,34.82496068,78.83179394,35.17188137,78.69,48.25989865,16.77133609
1999-07-01,68.62926479,70.33250779,99.3637057775516,72.4,35.15662697,79.20496219,35.55516543,78.48,48.57884788,17.24428777
1999-08-01,69.17564592,70.50127206,99.6691270043268,72.6,35.32246011,79.11167013,35.75423185,78.61,48.8522797,17.44432151
1999-09-01,70.77847605,70.83880059,99.9745482311021,72.8,35.57120983,78.925086,35.86513366,78.74,49.324318,17.70249747
1999-10-01,70.77826397,70.96537379,100.178162382286,72.8,36.23454242,78.83179394,36.29203601,78.79,49.63671795,17.94502168
1999-11-01,70.07991468,71.00756486,99.567319928735,72.9,36.31745899,79.01837806,36.63680606,78.82,50.07813843,18.16574545
1999-12-01,70.01176852,71.00756486,99.2618987019598,73.1,35.73704298,79.29825425,36.85652156,79.17,50.57981216,18.39463384
2000-01-01,70.93648233,71.21852019,99.160091626368,72.6,35.73704298,79.48483838,37.08505353,79.17,51.25897096,18.82322881
2000-02-01,71.859508,71.64043086,98.8546703995928,72.8,35.65412641,79.57813045,37.13331205,79.27,51.71365371,19.01899039
2000-03-01,70.86145962,72.23110579,99.0582845507763,73,35.9857927,79.57813045,37.21498033,79.64,52.00034779,19.14071193
2000-04-01,70.44410183,72.27329685,99.2618987019598,73.3,36.31745899,79.57813045,37.37135652,79.64,52.29621085,19.31106427
2000-05-01,70.02296123,72.35767899,99.3637057775516,73.5,36.48329214,79.48483838,37.37506871,79.8,52.49170643,19.64900789
2000-06-01,69.38736818,72.73739858,99.160091626368,73.6,36.64912528,79.85800664,37.46114522,80,52.80263279,20.15005759
2000-07-01,68.97241154,72.90616285,98.8546703995928,73.3,36.897875,80.23117489,38.0643768,79.87,53.00860719,20.51074362
2000-08-01,69.3831725,72.90616285,99.160091626368,73.3,36.73204186,80.04459077,38.5629709,80.02,53.29988576,20.71174891
2000-09-01,70.77847605,73.28588245,99.0582845507763,73.8,36.81495843,80.23117489,38.65159954,80.43,53.68923959,20.985144
2000-10-01,70.77826397,73.41245565,99.0582845507763,73.8,37.22954129,80.13788283,38.70565837,80.33,54.05894561,21.42793053
2000-11-01,70.9909536,73.45464671,98.752863324001,74,37.31245787,80.23117489,38.82955286,80.51,54.52116001,21.75363508
2000-12-01,71.06194479,73.41245565,98.8546703995928,74,36.98079157,80.88421934,39.05854885,80.47,55.11141254,22.11039469
2001-01-01,71.78772066,73.87655738,98.8546703995928,73.5,36.897875,80.60434315,39.28128051,80.13,55.41693577,22.72064159
2001-02-01,71.859508,74.17189484,98.5492491728175,73.7,36.73204186,81.07080347,39.46201797,80.35,55.38025988,23.23867221
2001-03-01,71.42835132,74.34065911,98.4474420972258,73.9,36.897875,81.07080347,39.61189781,80.71,55.73113677,23.67091152
2001-04-01,71.57120806,74.63599657,98.5492491728175,74.4,37.14662472,81.44397172,39.84158984,81.1,56.01226399,24.09462083
2001-05-01,71.21335142,74.97352511,98.6510562484093,74.9,37.39537444,81.72384791,40.00492639,81.6,56.14079332,24.52350508
2001-06-01,70.35879178,75.10009831,98.4474420972258,75,37.89287388,81.81713998,40.21304129,81.65,56.27357967,24.92078587
2001-07-01,70.00699721,74.88914297,98.1420208704505,74.5,38.39037332,81.91043204,40.74782928,81.48,56.12736732,25.0329294
2001-08-01,70.07700483,74.88914297,98.4474420972258,74.8,38.63912304,81.72384791,41.03297221,81.48,56.45990627,25.0354327
2001-09-01,70.70769764,75.2266715,98.345635021634,75,38.55620646,81.72384791,41.14781823,81.63,56.98548481,25.18564529
2001-10-01,70.9198208,74.97352511,98.345635021634,74.9,38.80495618,81.63055585,41.48934011,81.68,57.24303467,25.46016883
2001-11-01,70.77798074,74.84695191,97.8365996436752,74.9,39.13662247,81.44397172,41.78399553,81.46,57.45866922,25.80642712
2001-12-01,70.84875915,74.55161444,97.7347925680835,75,38.88787275,82.19030823,42.05568176,81.56,57.5382428,26.21932996
2002-01-01,71.06130505,74.72037871,97.5311784169,74.8,38.72203961,82.2836003,42.27446921,81.94,58.06938821,27.02950725
2002-02-01,71.84297963,75.01571617,97.0221430389412,75,38.63912304,82.56347649,42.42666918,82.04,58.0320574,27.34304954
2002-03-01,70.90902123,75.43762684,97.2257571901247,75.2,38.80495618,82.75006062,42.6811865,82.4,58.32890285,27.63835447
2002-04-01,70.69629356,75.8595375,97.5311784169,75.6,38.88787275,82.65676855,43.02270838,82.71,58.64752461,27.95895938
2002-05-01,70.48420492,75.8595375,97.8365996436752,75.8,39.13662247,82.75006062,43.11296111,82.81,58.76639378,28.4314658
2002-06-01,69.84984697,75.90172857,97.7347925680835,75.8,39.46828877,82.75006062,43.29393058,82.8,59.05292413,28.58215257
2002-07-01,69.3608984,75.9861107,97.3275642657165,75.6,39.88287163,82.84335268,43.80922956,82.8,59.22244772,28.78794406
2002-08-01,69.56898089,76.2392571,97.6329854924917,75.8,40.13162135,82.75006062,44.09390846,82.99,59.44762589,28.81385321
2002-09-01,70.26467045,76.3658303,97.6329854924917,76,40.21453792,82.75006062,44.41130108,83.14,59.80519226,28.92910863
2002-10-01,70.40520002,76.4924035,97.4293713413082,76.1,40.38037107,82.65676855,44.99318754,83.27,60.06878664,29.23865009
2002-11-01,70.33479503,76.4924035,97.4293713413082,76.1,40.54620422,82.37689236,46.35208269,83.27,60.5546041,29.70939235
2002-12-01,70.54579934,76.32363923,97.4293713413082,76.3,40.13162135,83.12322887,47.32537364,83.41,60.81819848,30.166917
2003-01-01,71.32180288,76.66116776,97.123950114533,75.9,40.04870478,83.12322887,48.39030939,83.57,61.0640623,30.89092301
2003-02-01,71.96369897,77.25184269,96.8185288877577,76.1,40.13162135,83.58968919,49.15014917,84.15,61.2336847,31.39444505
2003-03-01,71.53191733,77.71594443,97.123950114533,76.4,40.38037107,83.68298125,49.75477283,84.49,61.62021099,31.72408672
2003-04-01,71.38885345,77.54718016,97.4293713413082,76.8,40.87787051,83.40310506,50.23735809,84.37,61.72541234,32.04767241
2003-05-01,70.88913139,77.42060696,97.6329854924917,76.8,40.96078708,83.21652094,50.54384614,84.27,61.526239,32.30405379
2003-06-01,70.03846164,77.50498909,97.3275642657165,76.7,41.2095368,83.49639713,50.46797817,84.43,61.57706662,32.56248622
2003-07-01,69.68826925,77.58937123,97.123950114533,76.6,41.54120309,83.68298125,50.56890345,84.34,61.66631046,32.79367987
2003-08-01,70.176087,77.88470869,97.3275642657165,76.8,41.37536995,83.68298125,50.74082445,84.54,61.85129934,32.65922578
2003-09-01,71.01820051,78.13785509,97.4293713413082,77,41.37536995,83.58968919,51.13663717,84.86,62.21950405,32.77026715
2003-10-01,71.65736429,78.05347296,97.4293713413082,77.1,41.70703624,83.58968919,51.28489294,85.04,62.44763731,33.09796982
2003-11-01,72.37393784,77.84251763,96.9203359633495,77.1,41.78995281,83.40310506,51.45936607,85.14,62.9659608,33.41571033
2003-12-01,72.80818123,77.75813549,97.0221430389412,77.3,41.62411966,84.05614951,51.72687607,85.23,63.23664741,33.78328314
2004-01-01,73.60907139,78.13785509,96.8185288877577,77,41.78995281,84.05614951,52.11990465,85.23,63.62967491,34.3744906
2004-02-01,73.46185339,78.55976576,96.8185288877577,77.2,41.78995281,84.24273364,52.43776129,85.59,64.01029101,34.71479806
2004-03-01,73.68223898,79.06605855,97.0221430389412,77.3,41.78995281,84.52260983,52.68415819,85.93,64.22719491,34.97515904
2004-04-01,74.05064999,79.31920495,97.0221430389412,77.6,41.78995281,84.80248602,52.87904839,86.15,64.324122,35.32141312
2004-05-01,73.97659958,79.78330668,97.123950114533,77.9,42.1216191,84.98907015,53.14864651,86.47,64.16277386,35.58279157
2004-06-01,73.45876318,80.03645308,97.3275642657165,77.9,42.4532854,84.98907015,53.52589826,86.5,64.26561113,35.86033735
2004-07-01,73.31184532,79.90987988,97.0221430389412,77.7,42.86786826,85.17565428,54.01289175,86.36,64.43405149,36.19025245
2004-08-01,73.82502879,79.95207095,97.123950114533,77.9,43.28245113,85.26894634,54.38550326,86.55,64.83180714,36.34225151
2004-09-01,74.63710391,80.12083521,97.4293713413082,77.9,43.3653677,85.08236221,54.56508066,86.63,65.36786119,36.49852319
2004-10-01,74.63710391,80.54274588,97.938406719267,78.1,43.61411742,85.17565428,54.80521324,86.85,65.82058159,36.91460636
2004-11-01,74.41319269,80.58493695,97.7347925680835,78.3,43.53120084,84.98907015,55.18339303,86.9,66.38204945,37.32435849
2004-12-01,74.48760594,80.28959948,97.2257571901247,78.6,43.19953455,85.92199079,55.65785787,87,66.51916581,37.74985618
2005-01-01,74.93453148,80.45836375,97.0221430389412,78.3,43.61411742,85.26894634,55.98058677,86.52,66.52152989,38.73890241
2005-02-01,76.28335281,80.92246548,96.7167218121659,78.5,43.53120084,85.64211459,56.31097207,87.05,66.74316194,39.21539091
2005-03-01,75.59680286,81.55533147,97.0221430389412,78.8,43.53120084,86.01528285,56.65435004,87.6,67.04399051,39.74087714
2005-04-01,75.37001208,82.10381534,97.123950114533,79.1,43.86286714,85.82869872,57.14714384,87.77,67.2827621,40.18597497
2005-05-01,75.21927197,82.01943321,97.2257571901247,79.4,43.69703399,86.01528285,57.4271825,87.83,67.11373073,40.50746277
2005-06-01,74.61751843,82.06162427,96.8185288877577,79.4,43.86286714,86.10857491,57.4155819,87.93,67.04930968,40.76671053
2005-07-01,74.61751843,82.44134387,96.7167218121659,79.5,44.60911629,86.48174317,57.55919742,87.8,67.31172202,40.9542374
2005-08-01,74.76675289,82.86325453,96.8185288877577,79.7,44.77494944,86.57503523,57.65710654,88.14,67.39210058,40.89690147
2005-09-01,75.29012013,83.87584013,97.123950114533,79.9,44.94078259,86.6683273,57.85895711,88.48,67.66219617,40.99914372
2005-10-01,75.59128119,84.0446044,97.123950114533,80,45.43828202,86.76161936,58.29281982,88.46,67.82827245,41.22463901
2005-11-01,75.36450732,83.36954733,96.7167218121659,80,45.85286489,86.48174317,58.61346061,88.28,68.31645398,41.52970134
2005-12-01,75.665965,83.0320188,96.8185288877577,80.3,45.60411517,87.13478762,58.82435965,88.39,68.73607733,41.87024489
2006-01-01,76.64962265,83.6648848,96.9203359633495,80,45.5211986,86.85491142,59.17144982,88.3,69.13915215,42.88769184
2006-02-01,77.03287038,83.83364906,96.6149147365742,80.2,45.5211986,87.22807968,59.41413453,88.64,69.24494451,43.59962753
2006-03-01,76.33957493,84.29775079,96.8185288877577,80.4,45.5211986,87.22807968,59.6695799,88.89,69.33182428,43.95714447
2006-04-01,76.492254,85.01499892,97.0221430389412,80.9,45.90372968,87.50795587,59.79486646,89.27,69.43347951,44.11099448
2006-05-01,76.41576157,85.43690959,97.3275642657165,81.3,46.28626076,87.50795587,59.85472559,89.65,69.12437668,44.32272725
2006-06-01,76.03368272,85.60567385,97.3275642657165,81.5,47.05132292,87.69454,59.72897501,89.65,69.18406958,44.44683089
2006-07-01,75.80558216,85.85882025,97.0221430389412,81.5,47.433854,88.06770825,59.84242895,89.5,69.37378661,44.74462465
2006-08-01,76.03299859,86.02758452,97.7347925680835,81.8,47.433854,87.88112413,59.87235852,89.8,69.72780687,44.82963944
2006-09-01,76.41316385,85.60567385,97.7347925680835,81.9,47.81638508,87.60124794,59.9981091,89.6,70.43171026,44.86998612
2006-10-01,76.48957666,85.14157212,97.5311784169,82,48.58144724,87.69454,60.19601546,89.4,70.73963106,44.99562208
2006-11-01,76.71904548,85.01499892,97.0221430389412,82.2,48.58144724,87.69454,60.38255323,89.5,71.11079086,45.2790945
2006-12-01,77.79311212,85.14157212,97.123950114533,82.6,48.58144724,88.34758445,60.6723364,89.71,71.52213995,45.63679934
2007-01-01,78.33766419,85.40146909,96.9203359633495,82.1,48.58144724,88.34758445,60.93938238,89.4,71.8915267,46.40349757
2007-02-01,79.1210403,85.85839834,96.4113005853907,82.4,48.96397832,88.7207527,61.20758842,89.57,72.09247309,46.91857639
2007-03-01,78.88367754,86.6401988,96.7167218121659,82.8,48.58144724,88.90733683,61.43403228,89.95,72.24850205,47.195396
2007-04-01,78.80479382,87.20302763,97.0221430389412,83.1,48.96397832,89.37379715,61.58762432,90.39,72.20535768,47.46440975
2007-05-01,79.04120824,87.7359008,97.3275642657165,83.3,49.3465094,89.37379715,61.76000934,90.61,71.85311047,47.76343553
2007-06-01,79.35737299,87.9059308,97.123950114533,83.5,49.72904048,89.37379715,61.93285839,90.72,71.93939922,48.21718817
2007-07-01,80.07158907,87.88356953,97.0221430389412,83.1,50.49410265,89.84025747,62.08157818,90.49,72.24495594,48.63667771
2007-08-01,81.03244844,87.72239966,97.5311784169,83.4,50.87663373,89.7469654,62.37344946,90.86,72.5392833,48.68045072
2007-09-01,81.27554565,87.96415447,97.5311784169,83.5,50.87663373,89.93354953,62.48574334,90.96,73.10252422,49.06502628
2007-10-01,81.51937279,88.15232663,97.7347925680835,83.8,51.25916481,90.12013366,62.67320915,91.19,73.38739528,49.86969271
2007-11-01,82.09000784,88.67591776,97.6329854924917,84.1,51.25916481,90.58659398,62.91125361,91.69,73.90512774,50.48308993
2007-12-01,82.91090833,88.61642836,97.7347925680835,84.5,51.25916481,91.14634636,63.37690199,92.03,74.21068446,51.05354885
2008-01-01,83.90583901,89.05690309,97.6329854924917,84.1,51.25916481,90.86647017,63.71911991,91.92,74.5546574,52.23288583
2008-02-01,86.08739118,89.31553433,97.4293713413082,84.6,51.64169589,91.23963842,64.03140826,92.12,74.77628945,52.85968046
2008-03-01,85.48477878,90.0897404,97.8365996436752,84.9,52.40675805,91.70609874,64.33882435,92.81,75.31825369,53.49399662
2008-04-01,85.57026356,90.63611471,97.7347925680835,85.6,52.78928913,91.51951462,64.69264288,93.12,75.48964914,54.25361137
2008-05-01,85.22798272,91.3993511,98.5492491728175,86.1,53.17182021,92.079267,65.20376563,93.62,75.40808855,54.98603513
2008-06-01,85.05752679,92.32038208,99.0582845507763,86.6,53.55435129,92.26585113,65.6863509,93.96,75.72014648,55.51939967
2008-07-01,85.1425846,92.80515744,99.2618987019598,86.6,54.70194453,92.82560351,66.03436912,93.76,76.1421339,55.80254861
2008-08-01,85.05744154,92.43471987,99.567319928735,87.1,55.46700669,92.54572732,66.2192828,93.73,76.58185188,56.00343778
2008-09-01,85.05744154,92.30688094,99.567319928735,87.5,55.84953777,92.45243525,66.39143581,93.67,77.10372148,56.45146528
2008-10-01,84.8022695,91.37445837,99.4655128531433,87.3,56.61459994,92.26585113,66.69026746,93.62,77.6291372,56.96517362
2008-11-01,84.12385163,89.62437294,98.5492491728175,87.3,56.61459994,91.79939081,66.93040003,93.18,78.51152826,57.43798456
2008-12-01,83.9556038,88.69743521,98.1420208704505,87.1,56.23206886,92.17255906,67.11786584,92.95,79.05526556,57.83430665
2009-01-01,84.71120387,89.08348346,97.6329854924917,86.6,56.61459994,91.70609874,67.4398987,92.57,79.23848139,59.20497972
2009-02-01,84.71120387,89.52648966,97.3275642657165,87.2,56.61459994,92.26585113,67.81088613,92.92,79.41342295,60.18186188
2009-03-01,84.45707036,89.74419556,97.6329854924917,87.3,56.61459994,92.079267,67.94638122,93.09,79.87028048,60.97024427
2009-04-01,84.28815601,89.96823013,97.7347925680835,87.5,57.3796621,92.17255906,68.2725903,93.24,80.14983237,61.39093896
2009-05-01,84.03529213,90.2281271,97.5311784169,87.9,57.76219318,92.079267,68.5934631,93.38,79.91637995,61.74086731
2009-06-01,83.61511537,91.00317699,97.3275642657165,88.1,58.52725534,92.35914319,68.84032402,93.5,80.06354363,62.11131252
2009-07-01,83.61511537,90.85888354,97.0221430389412,88,61.2049729,92.35914319,69.00551667,93.08,80.28162957,62.50261379
2009-08-01,84.03319098,91.06266639,97.3275642657165,88.3,61.97003507,92.54572732,69.10899409,93.56,80.47371067,62.50261379
2009-09-01,84.36931477,91.11962433,97.3275642657165,88.3,62.35256615,92.26585113,69.27488277,93.33,80.87737651,62.483863
2009-10-01,84.28702166,91.20738175,96.9203359633495,88.4,63.11762831,92.26585113,69.46884493,93.42,81.1220583,62.483863
2009-11-01,84.54066479,91.27193408,96.7167218121659,88.6,64.26522155,92.17255906,69.75375584,93.55,81.54286368,62.6650662
2009-12-01,85.3861419,91.11118612,96.5131076609824,88.9,64.64775263,92.91889557,70.01175335,93.8,81.88033542,62.92199298
2010-01-01,85.89342816,91.42255619,96.6149147365742,88.8,65.79534587,92.35914319,70.53679684,93.59,82.77040973,63.95391366
2010-02-01,86.92913761,91.44533936,96.6149147365742,89,65.03028371,92.73231145,71.08689764,94.11,83.24913495,64.50391732
2010-03-01,86.31616671,91.82083986,96.8185288877577,89.4,65.03028371,93.19877176,71.45649299,94.57,83.84015375,64.910292
2010-04-01,86.49230778,91.98032209,96.8185288877577,89.9,65.03028371,93.29206383,71.86390632,94.81,83.57301326,65.09853184
2010-05-01,86.40776006,92.05162499,96.8185288877577,90.1,65.79534587,93.19877176,72.17294649,94.92,83.04641551,65.4240245
2010-06-01,85.88638252,91.96175802,96.6149147365742,90.2,66.56040803,93.19877176,72.17294649,94.91,83.02041068,65.6791782
2010-07-01,86.231619,91.98116591,96.1058793586154,90,68.09053236,93.38535589,72.18013887,94.64,83.20067141,65.91562324
2010-08-01,86.74595091,92.10816102,96.2076864342072,90.4,68.09053236,93.47864796,72.20890838,94.86,83.43175976,66.27815917
2010-09-01,87.26732845,92.16174367,96.4113005853907,90.4,68.47306344,93.38535589,72.53372538,94.79,83.86911367,66.8348957
2010-10-01,87.88029935,92.27650337,96.7167218121659,90.6,69.2381256,93.47864796,73.07779387,94.91,84.38684614,67.16907018
2010-11-01,88.84555238,92.31531915,96.4113005853907,90.9,69.62065668,93.57194002,73.68427362,95.02,85.06297165,67.71313965
2010-12-01,89.28942786,92.47395756,96.2076864342072,91.7,70.76824992,94.1316924,74.14852992,95.45,85.48436805,68.44444156
2011-01-01,90.18422446,92.9144323,96.1058793586154,91.8,71.91584316,93.94510828,74.76405815,95.22,85.90081742,70.06657482
2011-02-01,91.33716847,93.37262728,96.1058793586154,92.3,70.76824992,94.50486066,75.36218546,95.67,86.22306975,70.61309411
2011-03-01,91.1538313,94.28311049,96.3094935097989,92.6,70.76824992,95.06461304,75.95752863,96.45,86.38848119,71.05089529
2011-04-01,91.24549989,94.89023994,96.4113005853907,93.3,71.150781,95.06461304,76.54243125,96.78,86.38162476,71.35641414
2011-05-01,91.33716847,95.33662142,96.4113005853907,93.5,71.53331208,95.06461304,76.90228209,96.83,85.74483357,71.69892493
2011-06-01,91.61217423,95.23451904,96.3094935097989,93.5,72.29837424,95.15790511,77.01759213,96.91,85.7405483,71.86383246
2011-07-01,92.01404931,95.31890118,96.3094935097989,93.5,73.82849857,95.34448923,77.14079058,96.48,86.15193426,71.85664607
2011-08-01,92.27545286,95.58175152,96.4113005853907,93.9,74.21102965,95.4377813,77.42616552,96.98,86.28820586,71.68419012
2011-09-01,92.71112544,95.72688879,96.4113005853907,94.5,75.35862289,95.62436542,77.83659501,96.91,86.49989822,71.65551645
2011-10-01,92.79825996,95.5294346,96.5131076609824,94.5,75.74115397,95.62436542,78.17138853,97.14,87.08355206,71.99946293
2011-11-01,92.62399092,95.44884966,95.9022652074319,94.7,76.12368505,95.81094955,78.57787381,97.41,88.02545451,72.30186067
2011-12-01,92.88539447,95.21342351,96.0040722830236,95,75.35862289,95.99753368,78.97067038,97.8,88.74880816,72.61998886
2012-01-01,94.27954673,95.6323808,96.2076864342072,94.7,75.74115397,95.90424162,79.41288553,97.46,89.37702881,72.9830888
2012-02-01,94.19241222,96.05344764,96.4113005853907,95.2,76.12368505,96.55728606,79.77018424,97.86,89.55872427,73.25312623
2012-03-01,94.36668125,96.78293118,96.8185288877577,95.4,76.88874721,97.11703845,79.937697,98.67,89.61014752,73.67799436
2012-04-01,94.27954673,97.07531527,96.9203359633495,95.9,78.41887153,96.93045432,80.44928379,98.8,89.32903378,73.90639614
2012-05-01,94.01814319,96.96139939,96.6149147365742,95.9,78.80140261,96.93045432,80.73883495,98.75,89.04706298,74.2907094
2012-06-01,93.49533609,96.8192155,96.1058793586154,95.6,79.56646478,96.74387019,80.80333432,98.78,89.45759189,74.95189672
2012-07-01,93.5824706,96.66142091,95.8004581318402,95.7,81.0965891,97.11703845,81.15088852,98.35,89.95982559,75.87380505
2012-08-01,94.19299749,97.19935701,96.0040722830236,96.1,81.86165126,97.4902067,81.48359394,99,90.22979763,75.94967885
2012-09-01,94.4821061,97.63308117,96.1058793586154,96.4,82.24418234,97.58349876,81.94808226,98.76,90.62747073,76.36740209
2012-10-01,94.38338609,97.59510921,96.1058793586154,96.8,83.0092445,97.58349876,82.43159557,98.94,91.08599466,76.71869214
2012-11-01,94.54095028,97.13269512,95.8004581318402,97,83.39177558,97.67679083,82.92624547,98.79,91.70478772,76.97953569
2012-12-01,95.23660908,96.87111051,95.8004581318402,97.3,83.77430666,97.95666702,83.58144777,99.1,91.91562302,77.39522518
2013-01-01,96.18855208,97.15758785,95.9022652074319,97,84.53936882,97.4902067,84.3002214,98.6,92.28587039,78.14595887
2013-02-01,97.24626653,97.95331137,95.6986510562484,97.5,85.30443099,98.04995908,84.80600788,98.88,92.74010906,78.58357624
2013-03-01,96.37188925,98.20941114,95.9022652074319,97.8,85.68696207,98.5164194,85.20460475,99.63,93.42061001,78.8507604
2013-04-01,96.56241888,98.10730876,96.2076864342072,98,86.45202423,98.04995908,85.67326928,99.48,93.4823179,79.25289927
2013-05-01,95.98406062,98.28197977,96.3094935097989,98.2,87.21708639,98.42312734,85.99019787,99.54,93.17120727,79.77596841
2013-06-01,95.98406062,98.51782784,96.3094935097989,98,88.36467963,98.5164194,86.21385758,99.7,93.1146417,80.11102748
2013-07-01,96.07897287,98.55664362,96.5131076609824,98,89.89480395,98.98287972,86.23961093,99.4,93.08378775,80.7679379
2013-08-01,96.56227785,98.67520051,96.8185288877577,98.4,90.65986611,98.98287972,86.44656577,99.86,93.34861746,80.88101301
2013-09-01,97.33187089,98.78996021,97.123950114533,98.7,91.04239719,98.98287972,86.74910961,99.63,93.70000964,81.05086314
2013-10-01,97.4296037,98.53554808,97.2257571901247,98.8,92.18999044,98.79629559,87.24352749,99.5,94.14567777,81.51285306
2013-11-01,97.33180037,98.3342967,97.2257571901247,98.8,92.9550526,98.98287972,87.71474416,99.46,95.02330116,81.96932504
2013-12-01,97.62380008,98.32585848,97.3275642657165,99.2,91.42492828,99.35604798,88.52168241,99.8,95.56838756,82.3873686
2014-01-01,98.6,98.69165503,97.2257571901247,98.7,90.65986611,98.79629559,89.00844389,99.24,96.42287049,82.87345407
2014-02-01,99.1,99.05660775,97.2257571901247,99.1,91.04239719,99.26275591,89.62258004,99.79,96.6671309,83.45356825
2014-03-01,98.6,99.69453668,97.4293713413082,99.3,91.42492828,99.54263211,90.44715121,100.24,96.93196062,84.30479465
2014-04-01,98.2,100.0232051,99.4655128531433,99.6,92.57252152,99.35604798,91.05316694,100.2,96.75112221,85.0635378
2014-05-01,98.3,100.3725471,99.8727411555103,99.6,93.33758368,99.26275591,91.47194886,100.22,96.44172568,85.82910964
2014-06-01,98.2,100.5594535,99.7709340799186,99.8,94.10264584,99.54263211,91.83783202,100.18,96.60885123,86.36125012
2014-07-01,98.2,100.5202158,99.8727411555103,99.6,96.39783232,99.8225083,91.8471125,99.86,96.87453799,86.78442024
2014-08-01,98.4,100.3522954,100.076355306694,99.9,96.7803634,99.8225083,92.07680453,100.3,97.22250196,86.99270285
2014-09-01,98.9,100.4278174,100.279969457877,100,96.7803634,99.8225083,92.601616,99.92,97.65188605,87.55815542
2014-10-01,98.9,100.1755148,99.9745482311021,100.1,96.7803634,99.54263211,92.99046836,99.95,98.19183013,88.27613229
2014-11-01,98.6,99.63462536,99.6691270043268,99.9,96.7803634,99.54263211,93.46470119,99.78,98.98374811,89.40606679
2014-12-01,99,99.06968698,99.6691270043268,99.9,96.7803634,99.54263211,94.19368335,99.86,99.46884073,91.74850574
2015-01-01,99.3,98.6034757,99.567319928735,99.2,97.16289449,98.5164194,95.3616325,98.86,99.37885005,95.28082321
2015-02-01,100.5,99.03171502,99.3637057775516,99.5,96.7803634,99.21653609,96.5249414,99.52,99.56740195,97.39605748
2015-03-01,99.9,99.62112422,99.6691270043268,99.6,97.16289449,99.71661944,97.79915211,100.17,99.97278853,98.57454978
2015-04-01,99.7,99.82364134,100.178162382286,99.9,97.92795665,100.2167028,98.49356447,100.28,99.7139582,99.02799271
2015-05-01,99.5,100.3324656,100.483583609061,100.1,98.69301881,100.4167361,99.22231462,100.52,99.21600977,99.37459068
2015-06-01,99.5,100.6839172,100.178162382286,100.1,99.84061205,100.4167361,100.0062837,100.44,99.38227826,99.5634024
2015-07-01,99.9,100.6906678,100.076355306694,100,100.6056742,100.6167695,100.6262201,100.03,99.52797746,100.3599096
2015-08-01,100.4,100.548062,100.178162382286,100.3,100.9882053,100.6167695,100.8475597,100.35,99.73795571,100.7111693
2015-09-01,100.5,100.3915331,100.279969457877,100.2,101.7532675,100.4167361,101.3920922,99.95,100.1116313,101.285223
2015-10-01,100.1,100.3463887,100.279969457877,100.3,102.9008607,100.4167361,102.2233917,100.01,100.6267208,102.0347336
2015-11-01,100.1,100.1345895,99.8727411555103,100.3,103.2833918,99.71661944,103.2558458,99.82,101.1760925,102.7999941
2015-12-01,100.6,99.79241995,99.8727411555103,100.4,102.9008607,99.71661944,104.2470017,100.04,101.5883355,103.5915541
2016-01-01,101.1,99.95738702,99.4655128531433,99.9,102.9008607,99.01650275,105.570863,99.08,101.9757239,104.586033
2016-02-01,102.7,100.0396596,99.567319928735,100.1,102.1357985,99.31655276,106.5209527,99.33,102.4222491,105.244925
2016-03-01,102.2,100.4704304,99.6691270043268,100.4,102.5183296,100.0166694,106.9789447,100.02,102.5730906,105.7290517
2016-04-01,102,100.9467675,99.8727411555103,100.6,103.6659229,100.1166861,107.6315949,100.09,102.2482671,106.1942595
2016-05-01,101.6,101.3551771,99.9745482311021,100.8,105.1960472,100.6167695,108.4710148,100.5,101.7923144,106.629656
2016-06-01,101.4,101.6880646,99.8727411555103,101,105.9611093,100.7167861,108.8505867,100.63,101.9045885,107.0135227
2016-07-01,101.6,101.5235194,99.6691270043268,100.9,107.1087026,101.1168528,109.4166963,100.25,102.1702752,107.5913957
2016-08-01,101.7,101.6167617,99.6691270043268,101.2,106.3436404,101.0168361,109.8981215,100.58,102.4582454,107.6021549
2016-09-01,102.4,101.8610479,99.7709340799186,101.5,105.9611093,101.0168361,109.9860541,100.34,103.0838949,107.7850785
2016-10-01,102.3,101.9880431,100.381776533469,101.6,106.3436404,101.2168695,110.2721251,100.37,103.7095444,108.2485544
2016-11-01,102.4,101.8294046,100.381776533469,101.8,105.9611093,100.5167528,110.4707275,100.35,104.5203175,108.724848
2016-12-01,102.6,101.8627356,100.178162382286,102.2,105.1960472,101.2168695,110.8020409,100.65,105.0019819,109.1597474
2017-01-01,103.7,102.4563639,99.9745482311021,101.8,104.8135161,100.6167695,111.2231429,100.41,106.7872256,109.8365378
2017-02-01,103.5,102.7787036,99.8727411555103,102.4,104.8135161,101.2168695,111.5901861,100.53,107.4043046,110.0781782
2017-03-01,103.2,102.8622419,99.8727411555103,102.7,105.1960472,101.4169028,111.8690647,101.17,108.0633792,110.2212799
2017-04-01,103.2,103.1672834,100.279969457877,103.2,105.9611093,101.8169695,112.0256729,101.26,108.1962225,110.5850101
2017-05-01,103.3,103.2554627,100.381776533469,103.5,106.3436404,101.8169695,112.3729951,101.31,108.0668074,110.9941746
2017-06-01,103.1,103.3491269,100.279969457877,103.5,107.1087026,102.1170195,112.1145336,101.32,108.3384935,111.6712391
2017-07-01,103,103.277824,100.076355306694,103.5,109.021358,102.5170862,112.3836677,100.97,108.7481654,111.749409
2017-08-01,103.5,103.5870845,100.279969457877,104,109.021358,102.6171029,112.5971188,101.49,109.2855383,111.1459621
2017-09-01,104.1,104.1355683,100.585390684653,104.3,109.021358,102.7171195,112.7771603,101.33,109.6275029,110.9792432
2017-10-01,104.2,104.0697503,100.585390684653,104.4,109.7864201,102.5170862,113.2509291,101.43,110.3174314,111.2012017
2017-11-01,104.2,104.0722817,100.890811911428,104.7,110.1689512,102.1170195,113.5680897,101.53,111.4547422,111.4458443
2017-12-01,104.5,104.0111047,101.196233138203,105,109.4038891,102.6171029,114.0678438,101.85,112.1138168,111.9139169
2018-01-01,105.2,104.5777307,101.298040213795,104.5,110.1689512,102.0170028,114.3986932,101.75,112.7094694,112.26085
2018-02-01,106.5,105.0519583,101.298040213795,104.9,109.7864201,102.3170528,114.7648083,101.72,113.1388535,112.4965978
2018-03-01,105.3,105.289494,100.99261898702,105.1,109.7864201,102.9171529,114.8680537,102.75,113.5048156,112.8228379
2018-04-01,105.1,105.7080294,100.890811911428,105.5,110.1689512,103.1171862,115.120715,102.92,113.1199983,113.2515647
2018-05-01,104.9,106.1476603,101.094426062611,105.9,110.5514823,103.9173196,115.5812591,103.36,112.9365887,113.6819207
2018-06-01,104.9,106.3168465,100.99261898702,105.9,111.3165445,104.0173362,117.0375993,103.37,113.3728292,114.2389621
2018-07-01,105.2,106.324019,100.99261898702,105.9,115.1418553,104.4174029,117.4238995,103.28,113.9804806,114.5474073
2018-08-01,105.9,106.3830864,101.60346144057,106.5,115.1418553,104.5174196,117.318334,103.78,114.6454783,114.558862
2018-09-01,106.6,106.5067063,101.705268516162,106.6,115.1418553,104.7174529,117.8814275,103.56,115.1303361,114.7421562
2018-10-01,106.8,106.6948784,102.010689742937,106.7,115.5243864,104.9174862,118.4118073,103.67,115.7269964,115.1437537
2018-11-01,106.4,106.3375201,101.807075591754,106.9,115.5243864,104.2173696,118.1630902,103.45,116.7115429,115.7194725
2018-12-01,106.5,105.997882,101.501654364978,107.1,115.1418553,104.2173696,118.3403475,103.47,117.5295265,116.6915161
2019-01-01,107,106.1999772,101.501654364978,106.4,117.4370418,103.4172362,118.7189913,103.01,117.6299206,117.8701004
2019-02-01,108.1,106.6488902,101.501654364978,106.8,117.4370418,103.8173029,119.2294181,103.06,117.5968362,118.3887288
2019-03-01,107.7,107.2505348,101.501654364978,107,118.2021039,104.2173696,120.1235929,103.89,118.0497504,118.7675728
2019-04-01,107.8,107.8184265,101.807075591754,107.6,119.3496972,105.2175363,120.8082607,104.22,118.1124967,119.1119987
2019-05-01,107.8,108.0479459,101.807075591754,107.9,120.1147593,105.4175696,120.9653329,104.33,117.7725258,119.5169795
2019-06-01,107.7,108.0694634,101.60346144057,107.9,120.8798215,105.7176196,120.9773976,104.58,117.8478214,119.5647863
2019-07-01,108.1,108.2500411,101.60346144057,108,122.0274147,106.217703,121.2073216,104.38,118.290468,119.8039159
2019-08-01,108.9,108.2445563,101.807075591754,108.3,122.4099458,106.0176696,121.3407286,104.86,118.2710737,119.5163865
2019-09-01,109.8,108.3293603,101.908882667345,108.4,123.175008,106.0176696,121.2922381,104.5,118.5813827,119.3251603
2019-10-01,110.8,108.5770219,102.214303894121,108.3,124.3226012,106.1176863,121.4135804,104.46,119.2213949,119.480283
2019-11-01,111.2,108.5187982,102.316110969712,108.5,125.4701945,105.3175529,122.0328208,104.52,120.1831246,119.8148278
2019-12-01,111.2,108.4200711,102.316110969712,108.5,126.2352566,105.8176363,123.4362623,104.98,120.8539396,120.2461612
2020-01-01,112.8,108.8407161,102.316110969712,108.3,126.2352566,105.2175363,123.6954199,104.54,121.4391915,120.7271458
2020-02-01,113.7,109.1390069,102.112496818529,108.6,125.4701945,105.6176029,124.0046921,104.53,121.9434436,121.1255454
2020-03-01,112.3,108.9014712,102.112496818529,108.6,124.7051323,105.7176196,124.0914646,104.59,121.8852606,121.7917359
2020-04-01,111.3,108.1732534,102.010689742937,108.6,125.8527255,106.1176863,123.7067885,104.56,120.6497289,122.8026073
2020-05-01,110.4,108.1753629,101.908882667345,108.6,126.2352566,106.0176696,123.2367319,104.71,121.1140516,123.1341743
2020-06-01,110.4,108.7673036,101.705268516162,108.8,127.0003188,106.6177696,123.5571406,104.79,121.7768807,123.4050695
2020-07-01,110,109.3174751,101.807075591754,109.2,128.5304431,106.1176863,124.0019079,105.19,122.5766108,123.8369873
2020-08-01,111.5,109.6621761,101.908882667345,108.8,129.2955053,106.0176696,124.2995795,105.09,123.0591869,123.7874525
2020-09-01,111.7,109.8149078,101.705268516162,109.2,130.1178589,105.8176363,125.0951491,104.55,123.3409748,123.7008012
2020-10-01,111.4,109.8604741,101.60346144057,109.2,131.660323,105.9176529,126.1709895,104.51,124.0939305,124.2327147
2020-11-01,110.7,109.7933903,101.298040213795,109.1,132.101027,105.0175029,127.2939283,104.73,124.1874795,125.114767
2020-12-01,111.5,109.8967585,101.094426062611,109.4,130.889091,105.5175863,129.0124422,104.96,124.6609288,126.1532195
2021-01-01,112.55,110.3642355,101.60346144057,109.3,130.2280349,106.3177196,129.3349391,105.12,125.7321793,126.9984461
2021-02-01,113.2192765,110.9684115,101.60346144057,109.4,131.109443,107.0178363,130.4472053,105.12,126.5273461,127.989034
2021-03-01,112.6615461,111.7544311,101.705268516162,109.7,131.770499,107.5179197,131.6603969,105.75,127.5734981,128.8337616
2021-04-01,112.3269078,112.6729306,100.890811911428,110.4,132.321379,108.2180363,132.0685062,105.86,127.9910462,129.5809974
2021-05-01,112.2153617,113.5762414,101.196233138203,111,132.872259,108.7181197,133.1647636,106.2,128.252299,130.5398968
2021-06-01,111.7691774,114.6314399,101.298040213795,111.4,134.084195,109.1181864,133.8705446,106.34,128.9356632,131.4406221
2021-07-01,112.1038157,115.1828772,101.501654364978,111.4,135.2961311,110.1183531,135.1556598,106.4,129.6931822,131.848088
2021-08-01,112.2153617,115.4208348,101.501654364978,112.1,135.5164831,110.1183531,136.3314974,107.05,129.9407449,132.0722298
2021-09-01,112.2153617,115.7343144,101.908882667345,112.4,135.8470111,110.1183531,137.9128922,106.81,130.7416159,132.8646631
2021-10-01,112.9961843,116.6958488,101.705268516162,113.4,137.6098271,110.7184531,139.6367424,107.25,131.836824,134.3394609
2021-11-01,113.4423687,117.2692254,101.908882667345,114.1,138.4912351,110.5184197,140.9633879,107.64,133.3461578,135.6291197
2021-12-01,113.1077304,117.6295371,101.908882667345,114.7,138.1607071,111.1185198,141.9923618,107.85,133.8298747,136.7412785
2022-01-01,113.6654609,118.6193395,102.112496818529,114.6,137.8301791,111.5185864,142.7593939,108.12,134.621619,138.0950172
2022-02-01,114.3347374,119.7028061,102.519725120896,115.4,137.7200031,112.5187531,144.2001894,108.94,135.7385031,139.7107289
2022-03-01,114.3347374,121.3010037,102.926953423263,116.5,138.8217631,115.3192199,146.5372477,110.49,137.0824148,150.3469968
2022-04-01,114.7809217,121.9781703,103.33418172563,119,140.6947552,116.2193699,148.090569,110.97,137.823962,NA
2022-05-01,114.5578295,123.3227996,NA,119.7,142.1270432,117.3195533,148.7866055,111.72,138.0669613,NA
2022-06-01,114.5578295,125.0167709,NA,120.5,142.3473952,117.4195699,149.7847217,112.55,139.2329017,NA
1955-01-01,NA,NA,NA,NA,NA,NA,NA,NA,NA,NA
1955-02-01,NA,NA,NA,NA,NA,NA,NA,NA,NA,NA
1955-03-01,NA,NA,NA,NA,NA,NA,NA,NA,NA,NA
1955-04-01,NA,NA,NA,NA,NA,NA,NA,NA,NA,NA
1955-05-01,NA,NA,NA,NA,NA,NA,NA,NA,NA,NA
1955-06-01,NA,NA,NA,NA,NA,NA,NA,NA,NA,NA
1955-07-01,NA,NA,NA,NA,NA,NA,NA,NA,NA,NA
1955-08-01,NA,NA,NA,NA,NA,NA,NA,NA,NA,NA
1955-09-01,NA,NA,NA,NA,NA,NA,NA,NA,NA,NA
1955-10-01,NA,NA,NA,NA,NA,NA,NA,NA,NA,NA
1955-11-01,NA,NA,NA,NA,NA,NA,NA,NA,NA,NA
1955-12-01,NA,NA,NA,NA,NA,NA,NA,NA,NA,NA
1956-01-01,NA,NA,NA,NA,NA,NA,NA,NA,NA,NA
1956-02-01,NA,NA,NA,NA,NA,NA,NA,NA,NA,NA
1956-03-01,NA,NA,NA,NA,NA,NA,NA,NA,NA,NA
1956-04-01,NA,NA,NA,NA,NA,NA,NA,NA,NA,NA
1956-05-01,NA,NA,NA,NA,NA,NA,NA,NA,NA,NA
1956-06-01,NA,NA,NA,NA,NA,NA,NA,NA,NA,NA
1956-07-01,NA,NA,NA,NA,NA,NA,NA,NA,NA,NA
1956-08-01,NA,NA,NA,NA,NA,NA,NA,NA,NA,NA
1956-09-01,NA,NA,NA,NA,NA,NA,NA,NA,NA,NA
1956-10-01,NA,NA,NA,NA,NA,NA,NA,NA,NA,NA
1956-11-01,NA,NA,NA,NA,NA,NA,NA,NA,NA,NA
1956-12-01,NA,NA,NA,NA,NA,NA,NA,NA,NA,NA
1957-01-01,NA,NA,NA,NA,NA,NA,NA,NA,NA,NA
1957-02-01,NA,NA,NA,NA,NA,NA,NA,NA,NA,NA
1957-03-01,NA,NA,NA,NA,NA,NA,NA,NA,NA,NA
1957-04-01,NA,NA,NA,NA,NA,NA,NA,NA,NA,NA
1957-05-01,NA,NA,NA,NA,NA,NA,NA,NA,NA,NA
1957-06-01,NA,NA,NA,NA,NA,NA,NA,NA,NA,NA
1957-07-01,NA,NA,NA,NA,NA,NA,NA,NA,NA,NA
1957-08-01,NA,NA,NA,NA,NA,NA,NA,NA,NA,NA
1957-09-01,NA,NA,NA,NA,NA,NA,NA,NA,NA,NA
1957-10-01,NA,NA,NA,NA,NA,NA,NA,NA,NA,NA
1957-11-01,NA,NA,NA,NA,NA,NA,NA,NA,NA,NA
1957-12-01,NA,NA,NA,NA,NA,NA,NA,NA,NA,NA
1958-01-01,NA,NA,NA,NA,NA,NA,NA,NA,NA,NA
1958-02-01,NA,NA,NA,NA,NA,NA,NA,NA,NA,NA
1958-03-01,NA,NA,NA,NA,NA,NA,NA,NA,NA,NA
1958-04-01,NA,NA,NA,NA,NA,NA,NA,NA,NA,NA
1958-05-01,NA,NA,NA,NA,NA,NA,NA,NA,NA,NA
1958-06-01,NA,NA,NA,NA,NA,NA,NA,NA,NA,NA
1958-07-01,NA,NA,NA,NA,NA,NA,NA,NA,NA,NA
1958-08-01,NA,NA,NA,NA,NA,NA,NA,NA,NA,NA
1958-09-01,NA,NA,NA,NA,NA,NA,NA,NA,NA,NA
1958-10-01,NA,NA,NA,NA,NA,NA,NA,NA,NA,NA
1958-11-01,NA,NA,NA,NA,NA,NA,NA,NA,NA,NA
1958-12-01,NA,NA,NA,NA,NA,NA,NA,NA,NA,NA
1959-01-01,NA,NA,NA,NA,NA,NA,NA,NA,NA,NA
1959-02-01,NA,NA,NA,NA,NA,NA,NA,NA,NA,NA
1959-03-01,NA,NA,NA,NA,NA,NA,NA,NA,NA,NA
1959-04-01,NA,NA,NA,NA,NA,NA,NA,NA,NA,NA
1959-05-01,NA,NA,NA,NA,NA,NA,NA,NA,NA,NA
1959-06-01,NA,NA,NA,NA,NA,NA,NA,NA,NA,NA
1959-07-01,NA,NA,NA,NA,NA,NA,NA,NA,NA,NA
1959-08-01,NA,NA,NA,NA,NA,NA,NA,NA,NA,NA
1959-09-01,NA,NA,NA,NA,NA,NA,NA,NA,NA,NA
1959-10-01,NA,NA,NA,NA,NA,NA,NA,NA,NA,NA
1959-11-01,NA,NA,NA,NA,NA,NA,NA,NA,NA,NA
1959-12-01,NA,NA,NA,NA,NA,NA,NA,NA,NA,NA
1960-01-01,NA,12.36198247,18.1259763289028,5.611996913,1.678984274,22.96373215,NA,9.79745746,NA,NA
1960-02-01,NA,12.40417354,18.1443224587941,5.611996913,1.678984274,22.8332564,NA,9.820049599,NA,NA
1960-03-01,NA,12.40417354,18.0892840691202,5.601783998,1.66441608,22.8332564,NA,9.820049599,NA,NA
1960-04-01,NA,12.44636461,18.1993608484346,5.632422744,1.678984274,22.96373215,NA,9.835111024,NA,NA
1960-05-01,NA,12.44636461,18.3644760172561,5.632422744,1.689910419,23.02897002,NA,9.812518886,NA,NA
1960-06-01,NA,12.48855567,18.2910914978911,5.66306149,1.704478612,23.02897002,NA,9.804988173,NA,NA
1960-07-01,NA,12.48855567,18.2727453679998,5.673274405,1.733614998,23.02897002,NA,9.842641737,NA,NA
1960-08-01,NA,12.48855567,18.4195144068633,5.637529201,1.733614998,23.02897002,NA,9.933010292,NA,NA
1960-09-01,NA,12.48855567,18.5662834459937,5.642635659,1.719046805,22.96373215,NA,9.948071718,NA,NA
1960-10-01,NA,12.57293781,18.6580140955169,5.688593778,1.719046805,23.02897002,NA,9.963133143,NA,NA
1960-11-01,NA,12.57293781,18.4011682771722,5.714126066,1.704478612,23.0942079,NA,9.993255995,NA,NA
1960-12-01,NA,12.57293781,18.5479373163026,5.729445438,1.704478612,23.0942079,NA,10.01584813,NA,NA
1961-01-01,NA,12.57293781,18.8047831346474,5.734551896,1.689910419,23.28992152,NA,10.02337885,NA,NA
1961-02-01,NA,12.57293781,18.8965137841706,5.734551896,1.689910419,23.28992152,NA,10.03090956,NA,NA
1961-03-01,NA,12.57293781,18.8598215242545,5.754977726,1.704478612,23.28992152,NA,10.02337885,NA,NA
1961-04-01,NA,12.57293781,19.0432828230341,5.785616472,1.704478612,23.28992152,NA,10.01584813,NA,NA
1961-05-01,NA,12.57293781,18.9515521737778,5.800935845,1.704478612,23.48563515,NA,9.993255995,NA,NA
1961-06-01,NA,12.57293781,18.9515521737778,5.852000421,1.719046805,23.6161109,NA,9.970663856,NA,NA
1961-07-01,NA,12.65731994,19.2634363817297,5.852000421,1.748183192,23.6161109,NA,10.04597099,NA,NA
1961-08-01,NA,12.61512887,19.4102054208601,5.908171455,1.759109337,23.6161109,NA,10.10621669,NA,NA
1961-09-01,NA,12.65731994,19.5202822003414,5.89795854,1.759109337,23.6161109,NA,10.15893168,NA,NA
1961-10-01,NA,12.65731994,19.9422431877746,5.908171455,1.759109337,23.6161109,NA,10.27189237,NA,NA
1961-11-01,NA,12.65731994,20.0339738370309,5.969448946,1.759109337,23.74658665,NA,10.37732235,NA,NA
1961-12-01,NA,12.65731994,20.2174351360774,5.979661861,1.759109337,23.74658665,NA,10.41497592,NA,NA
1962-01-01,NA,12.65731994,20.3458580452498,6.000087692,1.748183192,24.00753815,NA,10.48275233,NA,NA
1962-02-01,NA,12.69951101,20.2724735256846,6.006087779,1.748183192,24.07277603,NA,10.49342723,NA,NA
1962-03-01,NA,12.69951101,20.3091657853337,6.03008813,1.748183192,24.13801391,NA,10.55747664,NA,NA
1962-04-01,NA,12.74170207,20.5293193440293,6.114089358,1.759109337,24.20325178,NA,10.57882644,NA,NA
1962-05-01,NA,12.74170207,20.6393961235106,6.132089621,1.77367753,24.20325178,NA,10.61085114,NA,NA
1962-06-01,NA,12.74170207,20.5660116039454,6.174090235,1.788245723,24.20325178,NA,10.65355074,NA,NA
1962-07-01,NA,12.78389314,20.767819032683,6.150089884,1.813740061,24.26848966,NA,10.69625034,NA,NA
1962-08-01,NA,12.78389314,20.767819032683,6.096089095,1.828308255,24.13801391,NA,10.68557544,NA,NA
1962-09-01,NA,12.8260842,20.6944345131178,6.090089007,1.828308255,24.13801391,NA,10.72827504,NA,NA
1962-10-01,NA,12.8260842,20.8595496819393,6.084088919,1.842876448,24.20325178,NA,10.74962485,NA,NA
1962-11-01,NA,12.8260842,20.7861651623741,6.10808927,1.828308255,24.26848966,NA,10.81367425,NA,NA
1962-12-01,NA,12.8260842,21.2081261498073,6.138089709,1.802813916,24.39896541,NA,10.85637385,NA,NA
1963-01-01,NA,12.8260842,21.5567026176753,6.162090059,1.788245723,24.72515478,NA,10.94177306,NA,NA
1963-02-01,NA,12.8260842,21.6542442584994,6.216090849,1.77367753,24.92086841,NA,11.00582246,NA,NA
1963-03-01,NA,12.86827527,21.7517858993234,6.222090936,1.788245723,24.92086841,NA,11.03784716,NA,NA
1963-04-01,NA,12.86827527,21.8493275401031,6.240091199,1.802813916,24.98610629,NA,11.05919696,NA,NA
1963-05-01,NA,12.86827527,22.0200254115008,6.234091112,1.813740061,24.92086841,NA,11.10189656,NA,NA
1963-06-01,NA,12.91046634,22.1907232829428,6.234091112,1.842876448,24.79039266,NA,11.17662087,NA,NA
1963-07-01,NA,12.9526574,22.0444108217068,6.198090586,1.857444641,24.79039266,NA,11.21932047,NA,NA
1963-08-01,NA,12.9526574,21.9712545911331,6.180090323,1.872012834,24.72515478,NA,11.26202007,NA,NA
1963-09-01,NA,12.9526574,22.4101919747525,6.198090586,1.882938979,24.79039266,NA,11.33674438,NA,NA
1963-10-01,NA,12.99484847,22.3370357441345,6.222090936,1.897507173,24.98610629,NA,11.35809418,NA,NA
1963-11-01,NA,12.99484847,22.2394941033105,6.240091199,1.897507173,25.05134416,NA,11.39011888,NA,NA
1963-12-01,NA,13.03703954,22.3370357441345,6.252091375,1.926643559,25.24705779,NA,11.41146868,NA,NA
1964-01-01,NA,13.03703954,22.3614211543405,6.282091813,1.926643559,25.37753354,NA,11.45416828,NA,NA
1964-02-01,NA,13.03703954,22.3370357441345,6.288091901,1.952137897,25.44277141,NA,11.46484318,NA,NA
1964-03-01,NA,13.03703954,22.4345773849142,6.312092252,1.966706091,25.44277141,NA,11.47551808,NA,NA
1964-04-01,NA,13.03703954,22.7028168971359,6.366093041,1.981274284,25.44277141,NA,11.48619298,NA,NA
1964-05-01,NA,13.03703954,22.8003585379599,6.42009383,2.021336815,25.44277141,NA,11.49686788,NA,NA
1964-06-01,NA,13.0792306,22.7515877175479,6.444094181,2.061399347,25.37753354,NA,11.51821768,NA,NA
1964-07-01,NA,13.12142167,22.6296606665622,6.444094181,2.11967212,25.44277141,NA,11.55024239,NA,NA
1964-08-01,NA,13.0792306,22.8735147685336,6.468094532,2.145166458,25.44277141,NA,11.57159219,NA,NA
1964-09-01,NA,13.12142167,23.1661396909613,6.468094532,2.18522899,25.44277141,NA,11.62496669,NA,NA
1964-10-01,NA,13.12142167,23.5806916643748,6.474094619,2.243501763,25.50800929,NA,11.65699139,NA,NA
1964-11-01,NA,13.16361274,23.3856083827711,6.528095409,2.243501763,25.63848504,NA,11.65699139,NA,NA
1964-12-01,NA,13.16361274,23.3856083827711,6.552095759,2.254427908,25.83419867,NA,11.65699139,NA,NA
1965-01-01,NA,13.16361274,23.8977019970085,6.570096022,2.268996101,25.89943654,NA,11.7210408,NA,NA
1965-02-01,NA,13.16361274,23.8489311765965,6.570096022,2.228933569,25.89943654,NA,11.7317157,NA,NA
1965-03-01,NA,13.2058038,23.9952436377882,6.594096373,2.18522899,26.02991229,NA,11.7637404,NA,NA
1965-04-01,NA,13.24799487,24.5073372518039,6.720098215,2.199797183,26.09515017,NA,11.7850902,NA,NA
1965-05-01,NA,13.24799487,24.3610247908339,6.744098566,2.214365376,26.16038804,NA,11.8171149,NA,NA
1965-06-01,NA,13.332377,24.3122539704219,6.762098829,2.243501763,26.35610167,NA,12.00926311,NA,NA
1965-07-01,NA,13.332377,24.1903269193919,6.762098829,2.309058632,26.42133954,NA,11.9025141,NA,NA
1965-08-01,NA,13.332377,24.3122539704219,6.774099004,2.338195019,26.42133954,NA,11.8704894,NA,NA
1965-09-01,NA,13.332377,24.6536497132173,6.780099092,2.367331405,26.42133954,NA,11.9025141,NA,NA
1965-10-01,NA,13.37456807,24.9706600456293,6.786099179,2.367331405,26.5518153,NA,11.92386391,NA,NA
1965-11-01,NA,13.37456807,24.7268059437466,6.816099618,2.37825755,26.68229105,NA,11.94521371,NA,NA
1965-12-01,NA,13.41675914,24.8975038151,6.846100056,2.37825755,26.8127668,NA,11.98791331,NA,NA
1966-01-01,NA,13.41675914,25.1413579169826,6.858100232,2.37825755,26.94324255,NA,12.03061291,NA,NA
1966-02-01,NA,13.50114127,25.3364411986307,6.864100319,2.392825744,27.00848042,NA,12.05196271,NA,NA
1966-03-01,NA,13.54333233,25.4339828394547,6.876100495,2.392825744,27.0737183,NA,12.07331251,NA,NA
1966-04-01,NA,13.62771447,25.7266077619268,6.960101722,2.407393937,27.26943193,NA,12.11601212,NA,NA
1966-05-01,NA,13.62771447,25.5559098905735,7.008102424,2.487519,27.26943193,NA,12.15871172,NA,NA
1966-06-01,NA,13.66990553,25.6046807108081,7.026102687,2.545791773,27.26943193,NA,12.14803682,NA,NA
1966-07-01,NA,13.7120966,25.6778369416922,6.996102249,2.585854304,27.26943193,NA,12.19073642,NA,NA
1966-08-01,NA,13.79647873,25.4827536600442,7.038102862,2.611348643,27.20419405,NA,12.20141132,NA,NA
1966-09-01,NA,13.79647873,25.7753785821614,7.026102687,2.625916836,27.20419405,NA,12.23343602,NA,NA
1966-10-01,NA,13.88086087,25.9460764538696,7.04410295,2.640485029,27.26943193,NA,12.25478582,NA,NA
1966-11-01,NA,13.88086087,25.7509931722215,7.086103564,2.669621416,27.53038343,NA,12.28681052,NA,NA
1966-12-01,NA,13.88086087,25.9948472741042,7.098103739,2.709683947,27.5956213,NA,12.31883523,NA,NA
1967-01-01,NA,13.88086087,26.2874721965763,7.110103915,2.709683947,27.66085918,NA,12.37220973,NA,NA
1967-02-01,NA,13.88086087,26.409399247695,7.116104002,2.72425214,27.66085918,NA,12.38288463,NA,NA
1967-03-01,NA,13.92305193,26.4581700679296,7.116104002,2.749746479,27.72609705,NA,12.41490933,NA,NA
1967-04-01,NA,13.965243,26.5313262984589,7.170104792,2.778882865,27.72609705,NA,12.42558423,NA,NA
1967-05-01,NA,14.00743407,26.3606284271056,7.164104704,2.83351359,27.79133493,NA,12.44693403,NA,NA
1967-06-01,NA,14.04962513,26.214315966047,7.194105142,2.902712508,27.79133493,NA,12.44693403,NA,NA
1967-07-01,NA,14.0918162,26.1899305557523,7.152104529,2.928206846,27.79133493,NA,12.47895873,NA,NA
1967-08-01,NA,14.13400727,26.409399247695,7.134104266,2.957343233,27.66085918,NA,12.52165834,NA,NA
1967-09-01,NA,14.17619833,26.823951220931,7.128104178,2.942775039,27.66085918,NA,12.56435794,NA,NA
1967-10-01,NA,14.2183894,27.2872740147565,7.182104967,2.982837571,27.72609705,NA,12.62840734,NA,NA
1967-11-01,NA,14.26058046,27.2628886044618,7.224105581,2.971911426,27.79133493,NA,12.72448145,NA,NA
1967-12-01,NA,14.30277153,27.4579718861098,7.272106282,2.942775039,27.79133493,NA,12.73515635,NA,NA
1968-01-01,NA,14.38715366,27.6774405780526,7.296106633,3.026542151,28.05228643,NA,12.86325515,NA,NA
1968-02-01,NA,14.42934473,27.7993676291714,7.332107159,2.982837571,28.11752431,NA,12.87393005,NA,NA
1968-03-01,NA,14.4715358,27.8481384494059,7.35610751,2.928206846,28.11752431,NA,12.88460495,NA,NA
1968-04-01,NA,14.51372686,27.9212946799353,7.488109439,2.942775039,28.11752431,NA,12.91662966,NA,NA
1968-05-01,NA,14.55591793,27.9212946799353,7.494109527,2.917280701,28.11752431,NA,12.95932926,NA,NA
1968-06-01,NA,14.64030006,27.6774405780526,7.524109965,2.942775039,28.11752431,NA,13.00202886,NA,NA
1968-07-01,NA,14.7246822,27.6774405780526,7.530110053,2.928206846,28.11752431,NA,13.04472846,NA,NA
1968-08-01,NA,14.76687326,27.9212946799353,7.542110229,2.993763716,28.05228643,NA,13.10877787,NA,NA
1968-09-01,NA,14.80906433,28.555315345114,7.548110316,3.011973957,28.05228643,NA,13.19417707,NA,NA
1968-10-01,NA,14.89344646,28.5797007554088,7.584110842,3.026542151,28.11752431,NA,13.33295078,NA,NA
1968-11-01,NA,14.93563753,28.6528569859381,7.602111105,2.960985281,28.31323793,NA,13.37565038,NA,NA
1968-12-01,NA,14.97782859,28.5309299351742,7.704112596,2.87721817,28.37847581,NA,13.40767508,NA,NA
1969-01-01,NA,15.02001966,28.6284715759982,7.74611321,2.859007928,28.44371368,NA,13.55712369,0.013227881,NA
1969-02-01,NA,15.10440179,28.6284715759982,7.788113824,2.844439735,28.57418943,NA,13.59982329,0.013275358,NA
1969-03-01,NA,15.23097499,28.9210964981154,7.818114262,2.859007928,28.63942731,NA,13.66387269,0.013288461,NA
1969-04-01,NA,15.31535713,29.2137214205875,7.90211549,2.87721817,28.63942731,NA,13.7279221,0.013324477,NA
1969-05-01,NA,15.35754819,29.2381068308823,7.890115315,2.909996604,28.70466518,NA,13.7919715,0.013324477,NA
1969-06-01,NA,15.44193033,29.2868776511168,7.926115841,2.993763716,28.70466518,NA,13.8346711,0.01337196,NA
1969-07-01,NA,15.52631246,29.6526588041182,7.926115841,3.011973957,28.70466518,NA,13.89872051,0.013422717,NA
1969-08-01,NA,15.61069459,29.9208983166505,7.908115578,3.011973957,28.63942731,NA,13.93074521,0.013437457,NA
1969-09-01,NA,15.65288566,30.1403670082384,7.932115929,3.011973957,28.63942731,NA,14.00546951,0.013563527,NA
1969-10-01,NA,15.73726779,30.2866794696519,7.992116805,2.993763716,28.70466518,NA,14.09086872,0.013705974,NA
1969-11-01,NA,15.82164992,30.1647524185331,8.010117069,2.979195522,28.76990306,NA,14.15491812,0.013707611,NA
1969-12-01,NA,15.90603206,30.3598357001812,8.064117858,2.979195522,28.96561669,NA,14.19761772,0.013810762,NA
1970-01-01,NA,15.94822312,30.8475439043014,8.130118822,2.979195522,29.29180606,NA,14.31504163,0.013915549,NA
1970-02-01,NA,16.03260526,30.8475439043014,8.172119436,2.979195522,29.35704394,NA,14.35890794,0.013913912,NA
1970-03-01,NA,16.11698739,31.1529651310766,8.220120138,3.011973957,29.48751969,NA,14.40277426,0.013954846,NA
1970-04-01,NA,16.24356059,31.4583863578519,8.346121979,3.044752392,29.61799544,NA,14.47588479,0.013972855,NA
1970-05-01,NA,16.28575165,31.3565792822601,8.37012233,3.077530827,29.61799544,NA,14.53437321,0.014002329,NA
1970-06-01,NA,16.37013379,31.3565792822601,8.394122681,3.11395131,29.68323332,NA,14.59286164,0.014087471,NA
1970-07-01,NA,16.45451592,31.3565792822601,8.454123558,3.128519503,29.68323332,NA,14.62210585,0.014156236,NA
1970-08-01,NA,16.45451592,31.2547722066684,8.44812347,3.146729745,29.68323332,NA,14.68059427,0.014221727,NA
1970-09-01,NA,16.53889805,31.7638075846271,8.490124084,3.161297938,29.68323332,NA,14.7390827,0.014256112,NA
1970-10-01,NA,16.62328019,32.2728429625859,8.580125399,3.17950818,29.81370907,NA,14.79757112,0.014261024,NA
1970-11-01,NA,16.70766232,32.2728429625859,8.640126276,3.17950818,29.94418482,NA,14.85605954,0.01433798,NA
1970-12-01,NA,16.79204445,32.4764571137694,8.700127153,3.128519503,30.13989844,NA,14.89992586,0.014459139,NA
1971-01-01,NA,16.79204445,32.7818783405447,8.820128907,3.095741069,30.46608782,NA,14.9876585,0.014601586,NA
1971-02-01,NA,16.83423552,32.7818783405447,8.868129608,3.095741069,30.72703932,NA,15.06076903,0.014662166,NA
1971-03-01,NA,16.87642659,32.8836854161364,8.940130661,3.095741069,30.85751507,NA,15.11925745,0.014717834,NA
1971-04-01,NA,16.91861765,33.2909137185034,9.132133467,3.095741069,31.0532287,NA,15.20699008,0.014793153,NA
1971-05-01,NA,17.00299978,33.3927207940952,9.192134344,3.095741069,31.11846658,NA,15.30934482,0.014824264,NA
1971-06-01,NA,17.12957298,33.494527869687,9.258135308,3.146729745,31.24894233,NA,15.36783325,0.014891392,NA
1971-07-01,NA,17.17176405,33.494527869687,9.312136098,3.197718421,31.37941808,NA,15.44094378,0.014879933,NA
1971-08-01,NA,17.21395512,33.494527869687,9.318136185,3.263275291,31.37941808,NA,15.4994322,0.015015825,NA
1971-09-01,NA,17.21395512,34.308984474421,9.330136361,3.296053726,31.44465595,NA,15.57254273,0.015064945,NA
1971-10-01,NA,17.25614618,34.4107915500127,9.38413715,3.296053726,31.5751317,NA,15.66027536,0.015079685,NA
1971-11-01,NA,17.25614618,34.1053703232375,9.438137939,3.314263968,31.64036958,NA,15.71876379,0.015104242,NA
1971-12-01,NA,17.34052832,34.1053703232375,9.486138641,3.281485533,31.77084533,NA,15.79187432,0.015176287,NA
1972-01-01,NA,17.34052832,34.1053703232375,9.54013943,3.263275291,32.16227258,NA,15.83574064,0.015243415,NA
1972-02-01,NA,17.42491045,34.308984474421,9.588140131,3.24506505,32.29274833,NA,15.92347327,0.015290897,NA
1972-03-01,NA,17.46710152,34.6144057011962,9.61814057,3.263275291,32.48846196,NA,15.9965838,0.015374403,NA
1972-04-01,NA,17.50929258,35.0216340035632,9.708141885,3.281485533,32.61893771,NA,16.05507222,0.015471005,NA
1972-05-01,NA,17.55148365,35.123441079155,9.756142587,3.296053726,32.61893771,NA,16.14280486,0.01550211,NA
1972-06-01,NA,17.59367472,35.123441079155,9.822143551,3.379820837,32.74941346,NA,16.23053749,0.01561672,NA
1972-07-01,NA,17.67805685,35.123441079155,9.85214399,3.449019755,33.01036496,NA,16.36213645,0.015675668,NA
1972-08-01,NA,17.72024791,35.4288623059303,9.93014513,3.48179819,33.01036496,NA,16.44986908,0.015778819,NA
1972-09-01,NA,17.76243898,35.6324764571138,9.984145919,3.500008432,33.33655434,NA,16.55222382,0.015850858,NA
1972-10-01,NA,17.84682111,35.8360906082973,10.12214794,3.514576625,33.46703009,NA,16.69844488,0.015862318,NA
1972-11-01,NA,17.88901218,35.7342835327055,10.15814846,3.532786866,33.66274372,NA,16.80079962,0.015965469,NA
1972-12-01,NA,17.93120325,36.0397047594808,10.21214925,3.532786866,33.79321947,NA,16.88853226,0.016019505,NA
1973-01-01,NA,17.97339431,36.345125986256,10.27815022,3.532786866,34.18464672,NA,16.88853226,0.016252,NA
1973-02-01,NA,18.09996751,36.6505472130313,10.34415118,3.583775543,34.38036035,NA,16.93239857,0.016386262,NA
1973-03-01,NA,18.26873178,37.5668108933571,10.40415206,3.634764219,34.64131185,NA,17.02013121,0.016530347,NA
1973-04-01,NA,18.39530498,38.2794604224994,10.60215495,3.718531331,34.83702547,NA,17.13710806,0.016792316,NA
1973-05-01,NA,18.52187818,38.8903028760499,10.68015609,3.835076877,35.09797698,NA,17.29795122,0.016970786,NA
1973-06-01,NA,18.64845138,38.9921099516416,10.73415688,3.918843988,35.2936906,NA,17.42955017,0.017109953,NA
1973-07-01,NA,18.69064244,39.2975311784169,10.78215758,4.08637821,35.42416635,NA,17.57577123,0.017548755,NA
1973-08-01,NA,19.02817098,39.6029524051922,10.81215802,4.155577129,35.42416635,NA,17.69274808,0.017830375,NA
1973-09-01,NA,19.07036204,40.7228302367015,10.90815942,4.17378737,35.42416635,NA,17.85359124,0.018254437,NA
1973-10-01,NA,19.23912631,40.926444387885,11.12416258,4.272122675,35.68511785,NA,18.04367862,0.018488575,NA
1973-11-01,NA,19.36569951,41.2318656146602,11.20816381,4.355889786,36.14178298,NA,18.20452178,0.018716165,NA
1973-12-01,NA,19.49227271,42.555357597353,11.29216504,4.374100027,36.46797236,NA,18.32149863,0.01944313,NA
1974-01-01,NA,19.66103697,44.3878849580046,11.50816819,4.439656897,36.72892386,NA,18.62856285,0.020138989,NA
1974-02-01,NA,19.91418337,45.8131840162891,11.70380705,4.490645574,37.05511324,NA,18.87713865,0.020594162,NA
1974-03-01,NA,20.16732977,46.1186052430644,11.80738057,4.625401361,37.12035111,NA,19.09647024,0.020752987,NA
1974-04-01,NA,20.2517119,47.2384830745737,12.21016645,4.760157149,37.38130262,NA,19.40353446,0.021034601,NA
1974-05-01,NA,20.5048583,47.4420972257572,12.38278898,4.945901613,37.57701624,NA,19.63748816,0.021199974,NA
1974-06-01,NA,20.67362257,47.7475184525324,12.50937883,5.062447159,37.70749199,NA,19.85681974,0.02140955,NA
1974-07-01,NA,20.84238683,48.6637821328582,12.62446051,5.23362343,37.83796774,NA,20.10539554,0.021719001,NA
1974-08-01,NA,21.09553323,49.172817510817,12.63596868,5.401157653,37.90320562,NA,20.26623871,0.021948228,NA
1974-09-01,NA,21.34867963,49.8854670399593,12.77406669,5.619680551,37.96844349,NA,20.4855703,0.0221971,NA
1974-10-01,NA,21.55963496,51.0053448714686,13.02724639,5.634248745,38.229395,NA,20.73414609,0.022637533,NA
1974-11-01,NA,21.72839923,51.4125731738356,13.25740976,5.568691875,38.4903465,NA,20.92423347,0.023266265,NA
1974-12-01,NA,21.89716349,51.5143802494273,13.45304862,5.484924764,38.55558437,NA,21.09969874,0.023448009,NA
1975-01-01,NA,21.98154563,52.1252227029779,13.79829366,5.484924764,38.94701163,NA,21.33365243,0.023747638,NA
1975-02-01,NA,22.15030989,52.2270297785696,14.02845703,5.466714522,39.14272525,NA,21.4944956,0.023878619,NA
1975-03-01,NA,22.23469203,52.6342580809366,14.30465306,5.401157653,39.33843888,NA,21.66996087,0.024029252,NA
1975-04-01,NA,22.31907416,53.5505217612624,14.85704514,5.433936087,39.66462826,NA,21.86004825,0.024232279,NA
1975-05-01,NA,22.44564736,53.8559429880377,15.47848622,5.499492957,39.86034188,NA,22.02089141,0.024556471,NA
1975-06-01,NA,22.61441162,53.8559429880377,15.77769859,5.517703199,40.18653126,NA,22.18173457,0.024973984,NA
1975-07-01,NA,22.86755802,54.0595571392212,15.93881295,5.452146329,40.18653126,NA,22.34257774,0.025173737,NA
1975-08-01,NA,22.90974909,53.8559429880377,16.03087829,5.401157653,40.12129338,NA,22.4887988,0.025391503,NA
1975-09-01,NA,23.03632229,55.0776278951387,16.16897631,5.368379218,40.31700701,NA,22.67888617,0.025576516,NA
1975-10-01,NA,23.16289549,55.8920844998728,16.39913967,5.317390541,40.38224488,NA,22.85435144,0.025707503,NA
1975-11-01,NA,23.33165975,55.6884703486892,16.59477853,5.2991803,40.51272064,NA,23.0005725,0.02588761,NA
1975-12-01,NA,23.41604189,55.6884703486892,16.80192556,5.14621427,40.64319639,NA,23.13217145,0.026098823,NA
1976-01-01,NA,23.45823295,56.7065411046068,17.02058076,5.015100531,40.96938576,NA,23.38074725,0.026603115,NA
1976-02-01,NA,23.54261509,57.1137694069738,17.23923595,4.880344743,41.23033727,NA,23.54159042,0.02710086,NA
1976-03-01,NA,23.58480615,57.3173835581573,17.3313013,4.811145825,41.36081302,NA,23.7462999,0.027366103,NA
1976-04-01,NA,23.66918829,58.6408755408501,17.66503818,4.862134502,41.55652664,NA,23.95100938,0.02755767,NA
1976-05-01,NA,23.83795255,58.8444896920336,17.86067704,4.880344743,41.62176452,NA,24.11185255,0.027750874,NA
1976-06-01,NA,23.96452575,58.9462967676254,17.95274238,4.894912937,41.68700239,NA,24.21420729,0.02786221,NA
1976-07-01,NA,24.09109895,59.3535250699924,17.98726689,4.996890289,41.62176452,NA,24.44816098,0.028097985,NA
1976-08-01,NA,24.21767215,58.9462967676254,18.24044659,5.015100531,41.75224027,NA,24.62362625,0.028366503,NA
1976-09-01,NA,24.30205428,60.4734029015016,18.48211812,5.080657401,41.81747814,NA,24.88682416,0.02933416,NA
1976-10-01,NA,24.42862748,60.7788241282769,18.815855,5.113435836,41.88271602,NA,25.12077785,0.030986211,NA
1976-11-01,NA,24.47081855,60.7788241282769,19.08054286,5.14621427,42.01319177,NA,25.32548733,0.032386116,NA
1976-12-01,NA,24.55520068,61.4914736574192,19.33372256,5.14621427,42.14366752,NA,25.41321997,0.033198223,NA
1977-01-01,NA,24.68177388,62.000509035378,19.84008196,5.164424512,42.60033265,NA,25.4863305,0.034255934,NA
1977-02-01,NA,24.93492028,62.407737337745,20.03572082,5.215413188,42.79604628,NA,25.66179577,0.035012373,NA
1977-03-01,NA,25.10368455,62.7131585645202,20.23135968,5.248191623,42.86128415,NA,25.89574946,0.035623091,NA
1977-04-01,NA,25.31463988,63.7312293204378,20.74922725,5.266401865,43.05699778,NA,26.23205789,0.036161769,NA
1977-05-01,NA,25.44121308,64.3420717739883,20.91034161,5.350168976,43.18747353,NA,26.48063369,0.036479406,NA
1977-06-01,NA,25.60997734,64.1384576228048,21.1289968,5.382947411,43.38318715,NA,26.68534318,0.036926394,NA
1977-07-01,NA,25.73655054,63.9348434716213,21.15201314,5.466714522,43.31794928,NA,26.91929687,0.037343913,NA
1977-08-01,NA,25.82093268,64.036650547213,21.25558665,5.499492957,43.31794928,NA,27.06551793,0.038110175,NA
1977-09-01,NA,25.90531481,65.0547213031306,21.37066833,5.568691875,43.38318715,NA,27.29947162,0.038786389,NA
1977-10-01,NA,25.98969694,65.4619496054976,21.46273368,5.550481633,43.38318715,NA,27.51880321,0.039082743,NA
1977-11-01,NA,26.11627014,64.7493000763553,21.56630719,5.550481633,43.44842503,NA,27.62115795,0.03951008,NA
1977-12-01,NA,26.20065227,64.6474930007636,21.68138888,5.550481633,43.57890078,NA,27.69426848,0.040056943,NA
1978-01-01,NA,26.36941654,64.8511071519471,21.80797873,5.466714522,43.90509016,NA,27.82586743,0.040947644,NA
1978-02-01,NA,26.53818081,65.2583354543141,21.93456858,5.382947411,44.03556591,NA,28.03057691,0.041535442,NA
1978-03-01,NA,26.74913614,65.7673708322728,22.07266659,5.401157653,44.16604166,NA,28.27915271,0.041967689,NA
1978-04-01,NA,26.96009147,66.4800203614151,22.3948953,5.415725846,44.36175529,NA,28.58621694,0.042434328,NA
1978-05-01,NA,27.21323787,66.8872486637821,22.52148515,5.433936087,44.42699316,NA,28.86403695,0.042850205,NA
1978-06-01,NA,27.50857533,66.5818274370069,22.69410768,5.499492957,44.55746891,NA,29.08336853,0.043439639,NA
1978-07-01,NA,27.71953067,66.7854415881904,22.79768119,5.550481633,44.49223104,NA,29.43429908,0.044176433,NA
1978-08-01,NA,27.84610387,66.9890557393739,22.94728738,5.568691875,44.42699316,NA,29.60976435,0.044616872,NA
1978-09-01,NA,28.0570592,67.7017052685162,23.03935272,5.652458986,44.36175529,NA,29.79985172,0.045126076,NA
1978-10-01,NA,28.3102056,67.8035123441079,23.14292624,5.721657904,44.42699316,NA,30.07767173,0.04567294,NA
1978-11-01,NA,28.4367788,67.1926698905574,23.30404059,5.721657904,44.55746891,NA,30.2385149,0.046142847,NA
1978-12-01,NA,28.563352,67.0908628149656,23.49967945,5.634248745,44.68794466,NA,30.38473596,0.046534167,NA
1979-01-01,NA,28.81649839,67.1926698905574,23.8449245,5.586902117,45.14460979,NA,30.66255597,0.048186218,NA
1979-02-01,NA,29.15402693,66.9890557393739,24.04056335,5.53591344,45.27508554,NA,30.86726545,0.048878803,NA
1979-03-01,NA,29.44936439,67.5998981929244,24.23620221,5.586902117,45.53603704,NA,31.14508546,0.049541914,NA
1979-04-01,NA,29.78689292,68.4143547976584,24.65049627,5.670669228,45.73175067,NA,31.45214968,0.049985628,NA
1979-05-01,NA,30.16661252,69.025197251209,24.84613513,5.703447663,45.86222642,NA,31.78845812,0.050640559,NA
1979-06-01,NA,30.50414105,69.1270043268007,25.27193735,5.805425016,46.12317792,NA,32.05165602,0.051202157,NA
1979-07-01,NA,30.84166958,69.7378467803512,26.36521333,5.940180803,46.38412942,NA,32.47569709,0.051822697,NA
1979-08-01,NA,31.13700705,69.025197251209,26.57236036,6.056726349,46.4493673,NA,32.81200553,0.052606973,NA
1979-09-01,NA,31.47453558,69.9414609315348,26.83704823,6.107715026,46.64508092,NA,33.08982554,0.053252076,NA
1979-10-01,NA,31.72768198,70.7559175362688,27.11324426,6.140493461,46.7103188,NA,33.4846224,0.054182074,NA
1979-11-01,NA,32.02301945,70.4504963094935,27.35491579,6.191482137,46.9712703,NA,33.70395398,0.054879571,NA
1979-12-01,NA,32.36054798,70.9595316874523,27.55055465,6.29345949,47.10174605,1.76754e-10,33.96715189,0.055850496,NA
1980-01-01,NA,32.82464971,71.5703741410028,28.22953658,6.242470814,47.36269755,1.88447e-10,34.62514665,0.058573355,NA
1980-02-01,NA,33.28875144,72.1812165945533,28.63232246,6.20605033,47.94983843,1.97148e-10,34.99271721,0.059927415,NA
1980-03-01,NA,33.79504424,72.5884448969204,29.02360018,6.275249248,48.14555206,2.09052e-10,35.39704483,0.061160316,NA
1980-04-01,NA,34.17476384,73.9119368796131,30.01330265,6.308027683,48.40650356,2.20103e-10,35.8381295,0.06222948,NA
1980-05-01,NA,34.51229237,74.5227793331637,30.28949868,6.428215278,48.66745506,2.32655e-10,36.13218594,0.06324462,NA
1980-06-01,NA,34.89201197,74.8282005599389,30.57720289,6.493772147,48.79793081,2.44998e-10,36.38948533,0.064498804,NA
1980-07-01,NA,34.89201197,74.9300076355307,30.83038259,6.628527935,48.86316869,2.58584e-10,36.90408412,0.066299851,NA
1980-08-01,NA,35.14515836,74.7263934843472,30.8994316,6.679516611,48.92840656,2.71373e-10,37.27165468,0.067673556,NA
1980-09-01,NA,35.44049583,75.9480783914482,31.09507046,6.763283723,48.92840656,2.82853e-10,37.60246818,0.068425089,NA
1980-10-01,NA,35.77802436,76.1516925426317,31.29070932,6.828840592,48.99364444,3.09669e-10,38.00679579,0.069461506,NA
1980-11-01,NA,36.07336183,76.2534996182235,31.54388902,6.912607704,49.31983382,3.30334e-10,38.26409519,0.070666575,NA
1980-12-01,NA,36.41089036,76.04988546704,31.71651154,6.865261076,49.71126107,3.52183e-10,38.63166574,0.072520016,NA
1981-01-01,NA,36.70622782,76.864342071774,31.9121504,6.912607704,50.1679262,3.76263e-10,39.07275042,0.074856467,NA
1981-02-01,NA,37.08594742,76.7625349961822,32.1998546,7.032795298,50.55935345,4.00349e-10,39.44032097,0.076695174,NA
1981-03-01,NA,37.33909382,76.9661491473657,32.68319767,7.065573733,50.9507807,4.20253e-10,39.80789153,0.078335759,NA
1981-04-01,NA,37.59224022,77.5769916009163,33.62686746,7.182119279,51.2117322,4.4741e-10,40.35924737,0.080102427,NA
1981-05-01,NA,37.88757768,78.2896411300586,33.84552266,7.284096632,51.47268371,4.72284e-10,40.72681793,0.081314039,NA
1981-06-01,NA,38.22510622,78.3914482056503,34.04116151,7.386073985,51.66839733,4.98344e-10,41.13114555,0.082450338,NA
1981-07-01,NA,38.64701688,78.1878340544668,34.1907677,7.520829772,51.99458671,5.29519e-10,41.82952961,0.083902636,NA
1981-08-01,NA,38.94235435,77.8824128276915,34.4439474,7.637375319,52.12506246,5.5862e-10,42.34412839,0.085631644,NA
1981-09-01,NA,39.32207394,79.0022906592008,34.63958626,7.670153753,52.38601396,5.87986e-10,42.82197012,0.087224753,NA
1981-10-01,NA,39.40645608,79.3077118859761,34.9503068,7.739352671,52.64696546,6.17841e-10,43.37332595,0.089160062,NA
1981-11-01,NA,39.53302928,79.2059048103843,35.31856818,7.772131106,52.90791697,6.50411e-10,43.74089651,0.090875967,NA
1981-12-01,NA,39.65960248,79.3077118859761,35.53722338,7.739352671,53.03839272,6.88951e-10,43.9981959,0.093322117,NA
1982-01-01,NA,39.78617568,79.3077118859761,35.74437041,7.72114243,53.49505784,7.36936e-10,44.47603763,0.097958996,NA
1982-02-01,NA,39.91274887,79.2059048103843,35.75587858,7.706574237,53.56029572,7.85844e-10,44.9171223,0.101808331,NA
1982-03-01,NA,39.87055781,79.3077118859761,36.06659912,7.688363995,53.56029572,8.30736e-10,45.46847814,0.105526672,NA
1982-04-01,NA,40.03932207,79.9185543395266,36.79161371,7.72114243,53.75600935,8.79644e-10,45.98307692,0.11124582,NA
1982-05-01,NA,40.41904167,80.2239755663019,37.05630158,7.772131106,54.1474366,9.38215e-10,46.35064748,0.117498733,NA
1982-06-01,NA,40.92533447,80.2239755663019,37.15987509,7.906886894,54.73457748,1.00487e-09,46.68146099,0.123158932,NA
1982-07-01,NA,41.1362898,79.7149401883431,37.17138326,8.041642682,54.79981535,1.06876e-09,46.82848921,0.129505174,NA
1982-08-01,NA,41.22067193,80.3257826418936,37.18289143,8.209176904,54.73457748,1.1326e-09,46.97551743,0.144037989,NA
1982-09-01,NA,41.30505407,81.5474675489946,37.15987509,8.227387146,54.9302911,1.19014e-09,47.15930271,0.151726831,NA
1982-10-01,NA,41.43162727,81.7510817001782,37.34400579,8.260165581,55.1912426,1.24301e-09,47.4166021,0.159592499,NA
1982-11-01,NA,41.34724513,81.0384321710359,37.52813648,8.343932692,55.32171836,1.30875e-09,47.85768677,0.167661194,NA
1982-12-01,NA,41.17848087,80.9366250954441,37.45908747,8.362142933,55.45219411,1.41091e-09,48.26201439,0.185565246,NA
1983-01-01,NA,41.262863,81.0384321710359,37.50512014,8.32572245,55.71314561,1.53282e-09,48.73985612,0.205756629,NA
1983-02-01,NA,41.30505407,80.7330109442606,37.6662345,8.41313161,55.71314561,1.65327e-09,49.07066962,0.216798692,NA
1983-03-01,NA,41.30505407,81.1402392466276,37.7352835,8.445910045,55.71314561,1.7747e-09,49.54851134,0.227292254,NA
1983-04-01,NA,41.60039153,81.5474675489946,38.26465924,8.547887398,55.84362136,1.89147e-09,50.17338129,0.241682622,NA
1983-05-01,NA,41.85353793,82.3619241537287,38.4257736,8.766410296,55.97409711,2.01409e-09,50.5041948,0.252164725,NA
1983-06-01,NA,41.98011113,81.8528887757699,38.51783894,8.966722954,56.16981074,2.21309e-09,50.79825125,0.261713556,NA
1983-07-01,NA,42.1488754,81.5474675489946,38.72498597,9.101478742,56.36552436,2.43613e-09,51.23933592,0.274653262,NA
1983-08-01,NA,42.2754486,81.3438533978112,38.89760849,9.236234529,56.56123799,2.6581e-09,51.53339236,0.285313829,NA
1983-09-01,NA,42.48640393,82.2601170781369,39.07023101,9.32000164,56.69171374,2.9319e-09,51.93771998,0.29409476,NA
1983-10-01,NA,42.61297713,82.9727666072792,39.20832903,9.38555851,56.69171374,3.19185e-09,52.34204759,0.303853161,NA
1983-11-01,NA,42.69735926,82.5655383049122,39.34642705,9.436547187,56.82218949,3.42755e-09,52.56258993,0.321698276,NA
1983-12-01,NA,42.73955033,82.2601170781369,39.45000057,9.403768752,56.95266524,3.72496e-09,52.74637521,0.335461555,NA
1984-01-01,NA,42.99269673,82.5655383049122,39.42698423,9.47296767,57.14837887,4.08512e-09,53.11394577,0.356772866,NA
1984-02-01,NA,43.20365206,83.074573682871,39.58809858,9.436547187,57.34409249,4.47324e-09,53.44475927,0.375602003,NA
1984-03-01,NA,43.28803419,83.1763807584627,39.71468843,9.38555851,57.40933037,4.87308e-09,53.81232983,0.391655888,NA
1984-04-01,NA,43.49898952,83.3799949096462,40.24406417,9.403768752,57.47456824,5.33812e-09,54.14314333,0.408598837,NA
1984-05-01,NA,43.62556272,83.9908373631968,40.39367036,9.454757428,57.53980612,5.82123e-09,54.43719978,0.42214763,NA
1984-06-01,NA,43.75213592,83.3799949096462,40.49724387,9.655070086,57.73551975,6.40802e-09,54.69449917,0.43742543,NA
1984-07-01,NA,43.92090019,83.5836090608297,40.4512112,9.84081455,57.67028187,7.03118e-09,55.06206973,0.451765048,NA
1984-08-01,NA,44.08966445,82.8709595316875,40.83098075,9.859024791,57.53980612,7.68854e-09,55.35612618,0.464606515,NA
1984-09-01,NA,44.30061979,84.1944515143803,40.91153793,9.910013468,57.605044,8.5918e-09,55.61342557,0.478446751,NA
1984-10-01,NA,44.42719299,84.703486892339,41.16471763,9.961002144,57.93123337,9.48854e-09,55.98099613,0.495163753,NA
1984-11-01,NA,44.42719299,84.296258589972,41.29130748,10.00834877,57.99647125,1.04873e-08,56.16478141,0.512157458,NA
1984-12-01,NA,44.42719299,84.4998727411555,41.25678297,9.891803226,58.06170912,1.17434e-08,56.27505257,0.533909208,NA
1985-01-01,NA,44.51157512,84.703486892339,41.40638916,9.891803226,58.3878985,1.31244e-08,56.56910902,0.573514252,NA
1985-02-01,NA,44.72253045,84.3980656655638,41.72420136,9.84081455,58.64885,1.45504e-08,56.86316547,0.597340478,NA
1985-03-01,NA,44.89129472,84.703486892339,42.13281704,9.859024791,58.84456363,1.6029e-08,57.26749308,0.620487221,NA
1985-04-01,NA,45.10225005,85.3143293458895,43.04085189,9.993780579,58.9098015,1.73427e-08,57.6718207,0.639579965,NA
1985-05-01,NA,45.27101432,85.4161364214813,43.22245886,10.09211588,58.9098015,1.85906e-08,57.96587714,0.654731689,NA
1985-06-01,NA,45.39758751,85.4161364214813,43.31326234,10.19409324,58.9098015,2.01697e-08,58.18641948,0.671129411,NA
1985-07-01,NA,45.48196965,85.6197505726648,43.22245886,10.34705927,58.9098015,2.22498e-08,58.40696182,0.694502101,NA
1985-08-01,NA,45.56635178,85.4161364214813,43.35866409,10.39804794,58.71408788,2.49308e-08,58.48047593,0.724864498,NA
1985-09-01,NA,45.69292498,85.517943497073,43.31326234,10.41261614,58.77932575,2.77024e-08,58.55399004,0.753813887,NA
1985-10-01,NA,45.86168925,86.3324001018071,43.40406583,10.51459349,58.84456363,3.06434e-08,58.73777532,0.782448913,NA
1985-11-01,NA,45.98826245,85.6197505726648,43.54027106,10.5983606,58.9098015,3.49252e-08,58.84804649,0.81854846,NA
1985-12-01,NA,46.11483564,85.7215576482566,43.5856728,10.5983606,58.97503938,4.01895e-08,58.9215606,0.874272886,NA
1986-01-01,NA,46.24140884,86.0269788750318,43.67647628,10.58015036,59.17075301,4.59657e-08,58.95831765,0.951567317,NA
1986-02-01,NA,46.11483564,85.9251717994401,43.85808325,10.64934928,59.10551513,5.18108e-08,58.81128943,0.993872295,NA
1986-03-01,NA,45.90388031,85.8233647238483,43.903485,10.73311639,58.9098015,5.42823e-08,58.95831765,1.040067536,NA
1986-04-01,NA,45.81949818,86.1287859506236,44.35750242,10.8168835,58.9098015,5.47057e-08,59.17885999,1.094367494,NA
1986-05-01,NA,45.94607138,86.3324001018071,44.40290416,10.95163929,58.9098015,5.54711e-08,59.32588821,1.155182336,NA
1986-06-01,NA,46.19921778,85.9251717994401,44.40290416,11.06818483,58.9098015,5.61767e-08,59.50967349,1.229333115,NA
1986-07-01,NA,46.19921778,85.7215576482566,44.26669894,11.2393611,58.71408788,5.71375e-08,59.5831876,1.2906719,NA
1986-08-01,NA,46.28359991,85.517943497073,44.40290416,11.30491797,58.51837425,5.91677e-08,59.65670172,1.393573953,NA
1986-09-01,NA,46.49455524,85.9251717994401,44.62991288,11.37411689,58.58361213,6.01828e-08,59.87724405,1.477175329,NA
1986-10-01,NA,46.53674631,86.0269788750318,44.72071636,11.52344087,58.3878985,6.13281e-08,60.02427227,1.561611726,NA
1986-11-01,NA,46.57893738,85.6197505726648,45.0839303,11.63998642,58.32266063,6.46719e-08,60.09778639,1.667117116,NA
1986-12-01,NA,46.62112844,85.4161364214813,45.22013553,11.57442955,58.3878985,7.22063e-08,60.1713005,1.798804834,NA
1987-01-01,NA,46.91646591,85.110715194706,45.4017425,11.57442955,58.71408788,8.17437e-08,60.72265634,1.944452309,NA
1987-02-01,NA,47.08523017,85.110715194706,45.58334947,11.54165111,58.77932575,9.20736e-08,60.8329275,2.084758854,NA
1987-03-01,NA,47.29618551,85.4161364214813,45.67415295,11.54165111,58.77932575,1.07148e-07,60.90644162,2.222534113,NA
1987-04-01,NA,47.5493319,86.2305930262153,46.21897386,11.62541822,58.9098015,1.27612e-07,61.23725512,2.416994895,NA
1987-05-01,NA,47.71809617,86.3324001018071,46.26437561,11.82573088,58.9098015,1.54987e-07,61.34752629,2.599208555,NA
1987-06-01,NA,47.88686044,86.2305930262153,46.26437561,12.02968559,58.97503938,1.85537e-07,61.45779745,2.787242877,NA
1987-07-01,NA,48.01343364,85.8233647238483,46.21897386,12.17900957,58.97503938,2.02625e-07,61.60482568,3.012987861,NA
1987-08-01,NA,48.26658003,85.8233647238483,46.35517909,12.38296427,58.9098015,2.12493e-07,61.7518539,3.259238598,NA
1987-09-01,NA,48.51972643,86.6378213285824,46.49138432,12.53228826,58.84456363,2.29028e-07,61.78861096,3.473956266,NA
1987-10-01,NA,48.64629963,86.6378213285824,46.71839303,12.61605537,58.9098015,2.54725e-07,61.93563918,3.763459986,NA
1987-11-01,NA,48.6884907,86.2305930262153,46.94540174,12.69982248,58.9098015,2.93135e-07,62.00915329,4.061980408,NA
1987-12-01,NA,48.6884907,86.1287859506236,46.9,12.65247585,58.97503938,3.34612e-07,62.04591035,4.661927497,NA
1988-01-01,NA,48.8150639,85.8233647238483,46.9,12.66704404,59.23599088,3.97819e-07,62.15618152,5.382772381,NA
1988-02-01,NA,48.9416371,85.7215576482566,47,12.60148717,59.36646663,4.60276e-07,62.26645268,5.831735976,NA
1988-03-01,NA,49.15259243,86.0269788750318,47.2,12.66704404,59.36646663,5.41287e-07,62.45023796,6.13036774,NA
1988-04-01,NA,49.40573883,86.4342071773988,47.8,12.83457827,59.49694238,6.45699e-07,62.74429441,6.319055349,NA
1988-05-01,NA,49.57450309,86.5360142529906,48,12.96933405,59.62741813,7.58177e-07,62.89132263,6.441317032,NA
1988-06-01,NA,49.78545843,86.3324001018071,48.2,13.15507852,59.69265601,9.24976e-07,63.07510791,6.57272313,NA
1988-07-01,NA,49.99641376,86.2305930262153,48.2,13.37360142,59.69265601,1.12764e-06,63.29565025,6.682431509,NA
1988-08-01,NA,50.20736909,86.4342071773988,48.5,13.45736853,59.62741813,1.37109e-06,63.47943553,6.743907824,NA
1988-09-01,NA,50.54489762,87.1468567065411,48.7,13.55934588,59.69265601,1.74746e-06,63.62646375,6.782463349,NA
1988-10-01,NA,50.71366189,87.5540850089081,49,13.8470677,59.75789388,2.19516e-06,63.77349198,6.83419763,NA
1988-11-01,NA,50.75585296,87.2486637821329,49.3,13.92998427,59.95360751,2.80849e-06,63.84700609,6.925656483,NA
1988-12-01,NA,50.84023509,86.9432425553576,49.3,13.76415112,60.08408326,3.61453e-06,63.95727726,7.070157837,NA
1989-01-01,NA,51.09338149,86.8414354797658,49.5,13.68123455,60.60598626,4.96961e-06,64.21457665,7.243231995,NA
1989-02-01,NA,51.30433682,86.5360142529906,49.7,13.68123455,60.80169989,5.80352e-06,64.39836193,7.341526642,NA
1989-03-01,NA,51.59967428,86.9432425553576,50,13.76415112,60.86693777,6.19931e-06,64.58214721,7.421113316,NA
1989-04-01,NA,51.93720282,88.4703486892339,50.5,13.8470677,61.25836502,6.71572e-06,64.98647482,7.532093893,NA
1989-05-01,NA,52.23254028,88.9793840671927,50.9,14.01290084,61.32360289,7.91917e-06,65.24377421,7.635767124,NA
1989-06-01,NA,52.35911348,88.9793840671927,51,14.09581742,61.38884077,1.0188e-05,65.31728832,7.728501443,NA
1989-07-01,NA,52.48568668,88.7757699160092,51,14.26165056,61.32360289,1.30142e-05,65.5010736,7.805808972,NA
1989-08-01,NA,52.57006881,88.6739628404174,51.1,14.42748371,61.32360289,1.74012e-05,65.61134477,7.880174243,NA
1989-09-01,NA,52.73883308,89.4884194451514,51.5,14.59331685,61.38884077,2.39372e-05,65.75837299,7.955538277,NA
1989-10-01,NA,52.99197948,90.099261898702,51.9,14.59331685,61.5845544,3.3457e-05,66.05242944,8.073195829,NA
1989-11-01,NA,53.11855268,89.1829982183762,52.1,14.59331685,61.71503015,4.94561e-05,66.16270061,8.18651613,NA
1989-12-01,NA,53.20293481,89.2848052939679,52.2,14.51040028,61.91074377,7.4926e-05,66.23621472,8.462798524,NA
1990-01-01,NA,53.75141867,89.692033596335,52.4,14.42748371,62.23693315,0.000125538,66.42,8.871228714,NA
1990-02-01,NA,54.00456507,89.7938406719267,52.9,14.51040028,62.49788465,0.000220609,66.56,9.072111057,NA
1990-03-01,NA,54.29990254,90.099261898702,53.1,14.67623343,62.49788465,0.000402368,66.72,9.23204575,NA
1990-04-01,NA,54.38428467,90.913718503436,54.4,14.92498315,62.6283604,0.000464816,67.09,9.37255369,NA
1990-05-01,NA,54.51085787,91.320946805803,55,15.09081629,62.75883615,0.000500095,67.19,9.536111766,NA
1990-06-01,NA,54.80619534,91.0155255790278,55.2,15.33956601,62.82407403,0.000558856,67.18,9.746141791,NA
1990-07-01,NA,55.01715067,90.8119114278442,55.2,15.6712323,62.82407403,0.000631061,67.2,9.923880665,NA
1990-08-01,NA,55.52344347,91.1173326546195,55.7,15.75414888,63.01978766,0.000712341,67.64,10.09297123,NA
1990-09-01,NA,55.9875452,91.8299821837618,56.2,15.83706545,63.21550128,0.00081499,68.12,10.23684385,NA
1990-10-01,NA,56.32507373,92.8480529396793,56.7,16.16873174,63.67216641,0.000932022,68.42,10.38401076,NA
1990-11-01,NA,56.45164693,92.7462458640876,56.9,16.41748146,63.54169066,0.001088695,68.31,10.65971027,NA
1990-12-01,NA,56.45164693,92.6444387884958,57,16.50039803,63.60692853,0.001289451,68.26,10.99567775,NA
1991-01-01,NA,56.78917546,93.2552812420463,57,16.74914775,63.99835579,0.001557012,68.64,11.27594374,NA
1991-02-01,NA,56.87355759,92.9498600152711,57.2,16.74914775,64.27823198,0.001879632,68.82,11.4727901,NA
1991-03-01,NA,56.95793973,93.4588953932298,57.5,16.66623118,64.27823198,0.002103739,68.95,11.63640384,NA
1991-04-01,NA,57.04232186,93.9679307711886,58.7,16.74914775,64.55810817,0.0022087,69.16,11.7583004,NA
1991-05-01,NA,57.21108612,94.4769661491474,59.2,16.9149809,64.7446923,0.002372847,69.38,11.87324492,NA
1991-06-01,NA,57.37985039,94.0697378467804,59.5,17.32956376,65.11786055,0.002638345,69.55,11.99783159,NA
1991-07-01,NA,57.46423252,93.9679307711886,59.3,17.74414663,65.86419706,0.002965737,69.73,12.10385765,NA
1991-08-01,NA,57.63299679,94.1715449223721,59.9,17.99289635,65.86419706,0.003429294,69.81,12.18809594,NA
1991-09-01,NA,57.88614319,94.3751590735556,60.1,18.32456264,65.86419706,0.003965319,69.92,12.30951277,NA
1991-10-01,NA,57.97052532,95.3932298294732,60.4,18.49039579,66.89040977,0.004767486,70.28,12.45267971,NA
1991-11-01,NA,58.13928959,95.4950369050649,60.5,18.65622893,67.17028596,0.005969383,70.55,12.76188362,NA
1991-12-01,NA,58.18148065,95.0878086026979,60.7,18.65622893,67.26357802,0.007384684,70.32,13.06227386,NA
1992-01-01,NA,58.26586279,94.8841944515144,60.5,18.90497865,67.63674628,0.009300292,70.44,13.29968145,0.010433531
1992-02-01,NA,58.47681812,94.7823873759226,60.8,18.98789523,68.00991453,0.011562117,70.74,13.45725677,0.014398273
1992-03-01,NA,58.77215558,95.2914227538814,61.1,18.98789523,68.28979072,0.014036444,70.97,13.59421174,0.018703357
1992-04-01,NA,58.85653772,96.3094935097989,61.8,19.15372837,68.56966691,0.016833907,71.12,13.71539607,0.022761985
1992-05-01,NA,58.94091985,96.3094935097989,62.2,19.40247809,68.75625104,0.021018819,71.35,13.80582669,0.025470661
1992-06-01,NA,59.15187518,96.3094935097989,62.2,19.56831124,68.94283517,0.025266786,71.31,13.89926996,0.030335558
1992-07-01,NA,59.27844838,95.4950369050649,62,20.06581067,69.1294193,0.03078254,71.27,13.98703176,0.033551127
1992-08-01,NA,59.44721265,95.8004581318402,62.1,20.06581067,69.1294193,0.037597802,71.23,14.07295976,0.036436524
1992-09-01,NA,59.61597691,96.3094935097989,62.3,20.14872725,69.1294193,0.046858121,71.43,14.19537698,0.040626724
1992-10-01,NA,59.82693225,96.3094935097989,62.5,20.23164382,69.1294193,0.058685092,71.63,14.297593,0.049930244
1992-11-01,NA,59.91131438,96.2076864342072,62.5,20.23164382,69.40929549,0.071883393,71.7,14.41638522,0.062962037
1992-12-01,NA,59.86912331,96.2076864342072,62.6,20.14872725,69.50258755,0.090026737,71.66,14.62166047,0.078828471
