"igae..1...date.sq.","igae..1...values.sq.","igae..2...values.sq.","igae..3...values.sq.","igae..4...values.sq.","igae..5...values.sq.","igae..6...values.sq.","igae..7...values.sq.","igae..8...values.sq.","igae..9...values.sq.","igae..10...values.sq.","igae..11...values.sq.","igae..12...values.sq.","igae..13...values.sq.","igae..14...values.sq.","igae..15...values.sq.","igae..16...values.sq.","igae..17...values.sq."
2021-10-01,107.366277961771,115.953691901871,98.384950489949,74.901411454326,109.26738240393,88.712967044707,112.099398213115,111.871773497307,121.885766510567,114.563268029626,129.979175480763,120.647270186539,58.255704404914,104.010911846269,95.250260588305,98.003445164139,104.732063196511
2021-09-01,107.58886670386,117.341063238527,97.777096937056,74.743233064412,108.010712618126,89.888907470949,110.134484142413,112.411577014482,121.923206570516,114.400361926546,129.361415637155,121.247870104443,59.821489013972,104.753195607667,94.862151685318,94.227227212641,106.009128831763
2021-08-01,107.981544776236,118.99544422773,98.87858226287,74.707623719749,109.549195383555,91.259599767259,112.10974287595,112.686292205235,118.589355670074,116.190320660885,126.601081345139,121.376254089412,71.765375688529,103.283916436652,94.7166043675,90.142964454039,105.932465251099
2021-07-01,109.299752890069,120.162812638631,98.462717822782,74.857227725093,112.379998277225,89.682415354886,112.763738869876,114.609192358225,126.54556029545,116.811039525802,128.438337630951,120.947143273736,102.123123948565,104.770502971414,97.977298734249,89.754313945443,106.089603087675
2021-06-01,109.160765413932,118.758883129376,97.559132720829,75.135819998204,110.454949271424,89.081220011524,111.341279011695,115.05170068488,123.184360221348,110.973986356204,130.07391632249,121.14478179878,119.752153467388,104.673828833666,92.952754211851,87.521841760084,106.033636511987
2021-05-01,110.258014162856,121.47197709391,98.43151064513,75.519023043905,111.223615831276,91.233643943267,111.319500802399,115.923121074967,118.979043373314,115.852620797836,128.163920117254,121.323424230446,135.723567921714,106.489488048932,89.353643968858,86.730946554671,107.905159612847
2021-04-01,109.789311216304,114.367376657666,98.624375853316,75.110325960777,110.352943538845,90.194342381093,112.6329084738,115.494247236801,116.447694655933,115.495955426954,126.434439344113,120.833931477866,130.062752442091,105.542606152542,93.131418150923,83.715664753686,106.507502564995
2021-03-01,110.493988249766,117.334926265452,98.239114841137,74.439193966086,111.177896553737,89.927460974931,111.811334418203,116.013895100399,124.484157768371,112.441595075099,122.361898765107,121.509770871058,129.116860673833,104.121530689948,90.235531824329,77.818910920632,106.401247296178
2021-02-01,107.046719471762,116.384461520507,97.851249393366,76.592780960626,106.232786161842,89.637750842876,109.011608774313,112.178683041092,118.566131907138,110.972757063302,116.797884479229,118.854775314604,124.574063208133,103.632985818554,87.772949307442,70.606343817678,106.111550440293
2021-01-01,108.033364468771,116.446689999377,97.647848100757,74.551155323106,109.616434462934,87.394447517938,111.220948677891,112.987346350868,119.642330627872,111.187741488627,112.849990911111,119.657095385015,124.265916854686,103.582629453374,86.870611261732,70.611810321964,105.294951854146
2020-12-01,108.223441012412,112.915513298375,97.746176777452,73.972283778113,110.653893465095,85.873891516387,113.195022306094,114.183600036368,120.323754160644,112.283110014704,121.092710750801,119.491828206446,123.305398670206,103.193773295946,86.22887211913,72.138010479169,103.834117719605
2020-11-01,107.701216367625,116.766980317647,97.573209452239,74.094610179294,109.463302884534,87.568651912862,110.898438557527,112.733760726374,116.465170344774,114.373420829663,119.636248423613,119.617707177406,118.945667449195,102.637834156537,87.136570681798,69.39185375961,104.890441176308
2020-10-01,107.0308960282,119.844396607676,96.815578642537,74.169104453046,111.953860479311,86.134621238424,110.302717115088,111.920158902515,114.908378164695,111.332892311196,114.99365463801,119.762359999661,121.285763171778,103.131908791365,87.265656273577,66.898352669138,104.563583531368
2020-09-01,106.161423298154,119.359420378959,96.089090182514,73.382175094215,112.385114835916,82.441310574843,110.682737670581,111.09927677393,112.912927331945,107.892396323026,115.28684006803,119.323395347602,117.509549840484,102.554497367155,85.65411557294,65.812739861088,105.211992367029
2020-08-01,103.955069521725,116.863183085999,94.136239046634,73.387137188396,115.674560246137,84.995127536272,105.687419395221,108.862167909124,111.981117725918,105.405892077454,109.849881565887,118.631866777543,117.553946205338,102.680877638122,84.19927646691,53.724168102055,105.45700865569
2020-07-01,101.326304813568,121.306475680962,90.769468902116,72.406472682657,108.194377249147,77.575017037117,104.044427374628,105.987011921092,106.279607438077,106.836175515977,107.665995067208,118.665132431606,118.410230678,101.243886204593,83.9641334769,45.876443948158,107.052674213656
2020-06-01,96.276037054811,109.224446251477,85.756112909135,71.463633051263,102.480550053196,77.413762514474,95.353147397175,101.38184212184,104.191086602029,92.521228744288,101.499928772365,117.803969256224,108.738041336016,102.665064629716,74.992459865748,36.142342583004,103.799021739586
2020-05-01,87.615097516994,113.100871610696,72.056451453027,69.160613787863,101.318827942169,63.361583158699,74.729085313091,94.691650693605,83.84815465694,76.867644530122,92.697758147402,117.777311866131,115.892986320015,102.138929556705,70.506124311659,30.164707905391,104.796538901099
2020-04-01,90.559832015988,114.825612749959,73.145530251571,71.556989400936,112.203178814974,63.715619233672,75.326380799063,98.374923362637,99.938365741267,78.104645210013,93.513601256984,117.86017161191,115.656183041157,102.696371955795,72.768896508893,30.806885132866,105.229920847803
2020-03-01,109.371552448442,123.258871691161,97.776329794272,76.027436097605,112.667288161188,95.840286187913,107.38865934033,114.860460824058,112.536453585025,111.618087319545,128.831086849997,122.548110453882,114.782917904512,103.161216027317,96.746314106921,85.355663002354,113.685334956708
2020-02-01,111.707740106646,113.788653725895,101.851742856647,76.295316437444,115.39598793369,95.530375101415,113.765667234028,118.026040614216,114.739221963636,113.96131541251,132.285167030373,122.903838742811,118.800256739366,104.263239522379,110.094282664789,126.275179332273,112.792862774265
2020-01-01,113.39610489019,116.177021544446,102.586985167013,77.599304546308,112.45271276604,98.328625695746,114.307201466777,118.777694379909,116.970129734724,114.23866700598,132.925800839136,122.484076333119,119.214435465429,103.611411597487,109.798610061683,124.468014461283,105.915629966338
2019-12-01,112.10352581677,115.504435428943,101.205403961239,75.505154446755,117.940555808941,98.563681575844,112.331260777713,118.158993469677,115.522784121847,114.113811628354,132.232100868155,120.322393374845,118.241930196062,105.049487991213,108.952173047302,121.706058385532,106.317267979253
2019-11-01,112.068078675443,112.85599902474,101.295870344244,76.034401151917,118.839976993725,96.41486613723,112.12418692229,118.182145776891,118.431500444588,113.438517400561,132.83647901358,122.634310239564,121.026259488697,104.354463407869,106.507375445223,120.728484949922,105.902575464976
2019-10-01,112.517408876824,113.87001924603,100.10599784407,74.81461112254,118.632935195134,94.845720605836,111.960852574716,118.832880301219,120.511126293585,113.275414637634,133.716806300623,121.753536689895,120.32101256329,104.491821062904,106.194797284968,120.07658283768,106.72347082043
2019-09-01,113.206185211286,115.518424171841,102.567705973055,75.349822839839,119.490966271538,98.475836386465,115.551124215802,118.808433886063,121.131628917403,115.313060904923,134.506559739876,120.447758638609,117.456420292866,104.410115702902,106.901286491024,119.376077563906,105.070866619906
2019-08-01,113.179339766849,112.581484227151,102.697739952614,76.279208285052,118.685455341303,98.96197160273,114.620129597479,118.808455537739,121.895872716895,114.608232410813,135.668595961478,121.035127386167,117.321345834948,102.799903398602,108.858491145557,119.831493832337,105.033758755879
2019-07-01,112.516480381659,113.760676843157,102.52834371226,73.953481897199,116.710167888255,100.195425142791,115.349138504942,118.047111481382,124.380327273824,113.901495987673,134.539363837299,121.632368215609,115.935004637648,105.294870656269,105.4415280209,118.236499130601,104.941073358415
2019-06-01,112.749264360952,113.726750268348,102.941453841445,74.62243724423,117.440892083038,102.954822315753,115.439497176727,117.95371872465,122.224892288372,115.160006982001,132.488404365652,122.092501149603,115.427060249354,104.455236150682,106.335235720249,118.388621826932,105.207286838242
2019-05-01,112.278471482385,114.612744284551,101.783577636505,72.224675627439,116.130724423009,98.68901114448,115.144498592879,117.978248645035,123.754779586568,113.94379420014,132.256772346004,121.71185012185,125.771547702072,104.18797074075,106.851415381226,117.882873617626,105.489965061388
2019-04-01,112.755991575083,115.605308932063,103.140704801591,73.575646320261,116.373258105027,104.764254843453,114.672068210307,117.559771584137,123.445660413374,112.672354552887,131.914970025175,121.663904977696,114.488554271842,104.303478689046,105.581863829222,116.153630801583,106.143606703019
2019-03-01,112.297009732596,116.438755459847,102.351974112647,74.145404974896,114.755935149574,103.78018127135,113.501846372645,117.517781907558,118.067682858381,114.180674877102,132.15485391302,121.427917652145,116.789818585974,104.149891469831,104.559278993245,119.170102539631,105.835020802055
2019-02-01,113.228105520823,124.914897011053,104.420719037062,73.757572834465,114.958933390723,107.124233437478,114.37994735547,118.146832054913,123.625713462125,114.699935851624,130.987993407568,121.731290397578,116.060806214798,104.062123127544,106.963462498177,123.981378359806,105.807661031601
2019-01-01,113.35473989342,115.923807020514,103.619002627438,72.706292740868,115.02818112108,109.53263048542,113.537874772576,118.213373618239,122.232635710869,112.840687688493,131.674954617788,122.134883338006,114.458309035122,104.528643234106,106.929465998371,119.443481635928,106.539734403326
2018-12-01,112.563017780188,118.286396110641,102.474745912808,74.835956447944,113.833976249707,103.338679116879,113.466822326933,117.729319090958,121.433280508703,112.429358224913,131.909222569679,121.613704445794,114.502631056071,102.652243422299,107.495118993216,117.385203921375,103.610412707344
2018-11-01,113.141271068616,119.255991001122,103.006571131832,74.95228294579,118.02707233313,100.692720572495,114.574589144165,118.373681754379,122.934373274653,115.168649494884,131.545853535346,121.173071470084,116.558726692333,104.532146306681,107.071447291451,117.206074001206,106.935210400104
2018-10-01,113.089920979502,106.224671510618,103.758966199995,76.256042044342,116.042843576154,105.907034424365,113.683554307901,118.153381926615,124.669775362653,113.584164939755,131.781880787947,120.690684254556,114.87271776426,104.448168839981,104.067187477495,116.97756626875,106.842920940381
2018-09-01,113.342106963161,111.382296312327,104.616843787837,77.371027706614,118.605419665509,106.49849469935,115.166696226394,118.115609953398,125.723969750168,116.704648444877,129.361609829905,120.366374231867,116.751977234495,104.156243851817,105.081818762879,115.956248055748,106.020455369446
2018-08-01,113.620842794301,113.728415712296,104.004117161882,77.824780330448,118.360918209589,102.742807112147,114.514899826485,118.60073542773,124.86440437097,115.881979163836,132.760927232847,120.633323971599,116.200388064599,104.79051132707,105.61857106586,116.2957188568,106.59832762151
2018-07-01,113.174531638885,112.064110314955,104.961446962116,77.650572256462,120.703015351771,109.273842032787,114.035331502544,117.900677742515,122.540991350018,115.878296296865,133.08981476325,120.118753552111,114.107307460923,103.845950833148,105.238925906989,116.815039179179,108.452170380016
2018-06-01,113.026947944307,112.262562409546,105.067901727686,78.260294369271,118.412638429051,108.685124281808,114.640595223481,117.397874783693,122.947629314399,114.868482437126,132.180235673537,118.581324178136,115.180702841004,103.260083329332,105.175081783151,115.691266854661,112.153120602602
2018-05-01,112.966945476026,116.874734795591,105.43600305674,79.193215087516,115.670154984941,108.932976915656,114.550754377961,117.169209856214,124.435950450986,114.112297744618,134.81002163047,118.624461346712,112.031531907055,103.520629831895,105.825314487751,115.909557886513,109.965634986448
2018-04-01,112.798155184356,116.136963309156,104.249580042629,79.638406996833,119.898204519988,107.403272743037,112.117131483805,117.156242150249,120.000905815302,112.622181582184,130.98691475846,119.935408789372,117.531114456943,103.00153910117,104.968209564718,118.359640659381,109.795167861285
2018-03-01,113.151415307812,115.621953235661,104.893831592055,78.721022008148,116.684537789036,108.517031625966,114.496749512014,117.498564871231,123.094590598474,118.95681769475,130.999196738122,118.276511721061,110.780204972003,103.237272466767,106.377258338238,117.894585623295,109.601469092413
2018-02-01,112.271569794328,116.69081140446,104.595221588471,78.464314447741,119.300376888569,107.792457956608,112.658098095552,116.643532154394,122.663793449558,113.717930794256,129.864221082883,118.374423288127,110.585028060967,102.89753306188,106.127916793915,123.166142801388,109.07177867644
2018-01-01,111.813739489913,116.741094514461,104.517052576712,80.579887023557,118.439892933881,108.290872194036,112.120643490827,115.348610285236,116.362662760255,113.734803805174,129.002437477836,117.607471466489,109.174293773668,102.569467768731,105.896112105836,121.148555347253,108.48877622926
2017-12-01,113.103992014784,113.808705729868,105.126340350925,80.19500901392,109.723828909754,110.506916119153,112.97181642248,117.179624377802,122.2190034615,115.344344464183,128.211336605365,118.31555361129,117.819010093792,102.521490445283,104.477718161029,115.738606885664,108.077121369209
2017-11-01,111.757386766197,116.453836758657,104.136702899282,80.127843140116,111.947636595862,107.735568702017,112.606880170638,115.628809369145,121.67860539013,113.076124632653,127.798576370888,116.998117148696,110.234163389473,102.89136103469,105.681027792039,114.468706068723,106.876732388525
2017-10-01,111.080585589024,112.53413792833,103.877394469666,79.932947722549,106.060213237594,107.58579394837,112.527192728792,114.783357490147,120.285651916367,114.152762511636,127.1568916643,116.2714834278,109.101854465558,102.274234353312,105.221041014322,113.580509839894,103.131766544603
2017-09-01,109.544363749453,112.407303750209,101.951416128935,75.148879589903,109.231259369648,108.136224295201,109.887696432336,113.644320578977,118.432786960949,112.235917192675,125.864495427634,116.649854315908,108.796040942075,102.628000422624,104.351889138908,114.179728600268,105.720320577573
2017-08-01,110.955500381573,111.157103886655,103.727304215279,81.194510186406,108.334528102292,105.77842131261,112.17304552394,114.725268585931,121.34629411298,111.099158440557,127.224576726805,116.880340963762,110.445223007174,102.72263471413,105.36344946504,115.255497703923,104.592255865389
2017-07-01,109.934826769316,110.990332162373,103.325025560448,83.491254549909,108.487904109607,104.762019950357,111.628963710115,113.705432441424,118.164693816705,111.157404131678,126.809792077222,115.498248965302,107.81100511302,103.346086639188,104.346732129866,115.273361406272,104.404308425632
2017-06-01,111.009362599656,116.749600684801,104.001178280595,84.270617767149,110.761894496607,106.314937210228,111.417172047833,114.272767750223,119.283685528308,113.008043387401,127.13330174392,116.164262607374,109.640676645886,103.021276829903,102.402868623006,116.910229876974,104.174997597518
2017-05-01,109.719011731209,107.073382232244,103.659846201727,84.623588115614,111.147521220925,103.462067588566,111.425096445356,113.554055017637,116.968528955431,110.763388855226,125.875624495245,116.574786913566,110.232595618863,102.705679932251,105.848727765205,117.028674312802,103.548010762984
2017-04-01,110.511032483418,110.479922005383,103.847176466633,84.637133178028,108.809423420349,103.900841007179,112.185967951183,114.001171743348,116.797332458248,114.233824445164,127.944450774767,116.592676631738,108.246146956424,102.599177589463,105.797712739348,115.029486124156,103.172085410115
2017-03-01,110.364795031759,109.25876628732,104.833984431275,84.723946510834,111.541179909357,106.499191119115,112.33576812993,113.449889972563,117.126399542481,109.282735583259,124.737202717435,117.13779928599,109.323676365396,102.653427151098,105.779806111123,115.260533131798,102.793257389731
2017-02-01,109.856904282046,105.173101147135,103.977099541988,84.083937144711,109.044934478035,104.710742640384,111.767117301977,113.412282334659,116.112716503588,110.339618176154,125.20540023207,116.840978049821,108.71007094316,101.910632781281,105.269788255051,116.761616257478,104.200948794012
2017-01-01,110.434291867392,116.148197394675,104.481283152575,85.548223416662,110.340193104265,105.737161101867,111.970337391114,113.317580908704,115.639496061446,108.700885773646,125.792222328205,117.136406456593,107.446626914327,103.256624339908,105.462098759684,113.391089748449,105.06469447683
2016-12-01,110.353445149601,111.199053349091,104.381640421729,86.006353980472,110.604238641206,106.226244705484,111.259394206099,113.335115002906,117.599656553525,111.079485588334,124.17775053869,116.306960083969,106.403395391684,101.481721877117,107.95704514,117.785550391867,105.136032877606
2016-11-01,109.636235936916,108.507588369976,105.055974198827,86.875401504755,109.330332390226,111.684411512589,110.013425777766,112.291360684056,114.154595970608,109.916878982319,120.053463645727,116.181425983669,107.660293325763,101.390977670958,105.144007340805,114.878938281289,106.063629406912
2016-10-01,109.342860332171,108.868783239075,103.964742956442,88.390368105819,110.443817710841,106.285109055068,109.190388845667,112.219701465151,113.651955033573,112.157520098543,121.362427771678,115.536861912225,106.269764853871,101.310561188653,105.813579491084,115.002207784569,105.808305845101
2016-09-01,108.938640097965,110.035645774662,103.632208116708,88.054812063207,109.388022508469,105.609860204655,108.377957032303,111.600108485918,114.925267919433,108.99005814661,121.832927097693,114.104418767796,103.827576287339,101.235880615645,103.933204223826,117.590257899003,104.853647538616
2016-08-01,108.235472330114,113.880964599475,103.608779777525,88.257688784348,110.411609690194,104.861174219772,108.921868820082,110.697071167574,112.775138818179,108.358203698377,120.089097070833,114.913678061022,103.041014634321,101.064120817723,105.47739403097,109.339989750231,104.956148707653
2016-07-01,108.217615773899,106.97747414944,103.666745390156,89.879543395422,111.448109191094,105.191159708369,108.4205139572,110.828152445448,113.074528453625,108.219528583475,120.856717105531,114.408206940997,104.80740151976,101.233386909514,106.815299852725,110.215133792117,105.036866573416
2016-06-01,108.296484881063,111.550064487569,103.480855140572,89.427710137554,110.824135769241,105.813569188037,108.165184897963,110.457053777091,114.270374851207,107.625046659738,119.80995268999,114.229389447838,103.603592205464,101.24851114497,105.767562248743,109.891135579794,103.824804320714
2016-05-01,107.674947145044,105.270533702785,103.946307292017,89.871531160423,110.65939479147,107.565148501143,107.856849755356,110.093775555059,113.274007456724,106.738247892107,118.982015240872,114.088601612208,103.652060754035,101.565601194506,105.007590142047,107.639232165439,104.229905035407
2016-04-01,107.339697856421,107.038788581282,103.379587295063,90.466896444616,109.413261533045,106.58075173806,107.16651328327,109.560916575147,113.721356821369,106.222279585384,118.270472735451,113.161308043103,104.470869487451,101.143277414201,104.898329450863,108.430234569291,104.022936453945
2016-03-01,107.228031668743,103.806437806984,103.863174319133,92.418995038737,109.345137502898,106.601827667531,107.366415401036,109.280514874477,112.32456597165,106.925308811812,118.035768347961,112.810996717378,103.651550201904,100.578088111928,103.739861581021,109.673276696021,101.890852655072
2016-02-01,107.466585228585,108.878582870495,104.570352459285,93.213837907725,109.670006408231,107.047896875529,108.189852728156,109.248543723971,111.963922375463,106.477397844137,117.698536924882,112.725699584491,102.212371951952,101.244716418597,104.85747547834,109.422042507895,103.728292913696
2016-01-01,107.027898694386,105.50918993972,104.220082581231,91.908034919532,108.584682481219,106.114875711486,108.572985928867,108.752717727813,110.833743373869,106.864293140337,116.794263051006,111.751210726546,103.516544087625,100.053205477794,104.391333841743,110.809321072814,103.547795298441
2015-12-01,106.476398172898,107.170557658791,103.890880512188,92.764002714416,111.040741488562,104.167389694559,108.087051021833,107.549116597207,107.963359927263,102.435642526632,115.873682582142,111.497506651108,102.020719862683,100.81462734678,106.421265908787,111.311772244749,105.531353600118
2015-11-01,106.294873693673,100.363166891621,103.543760503571,92.744097835465,111.607178595184,105.31205452744,107.436758089537,108.060004039262,110.697867889382,103.108875955916,115.625822745867,111.284489196762,101.857340718953,100.216810332726,104.856216397738,111.135525221018,101.274501880756
2015-10-01,106.747061459429,105.575165903961,103.983476731286,93.217780077343,112.269659637158,102.503095047389,108.654838226266,108.340798516563,111.924379646782,105.874782355396,114.866193134963,111.001901680298,103.188088342207,100.023267278726,105.855995305385,111.704432277638,102.446518912796
2015-09-01,107.663228427719,107.096460879516,106.115304620807,93.476712379921,111.43174071424,109.195710292882,108.587798954591,108.267994565414,113.27405049637,107.42459781114,114.373323264357,110.065872186669,103.46771674043,99.65395346835,105.032588642863,108.106773282317,103.133232098984
2015-08-01,106.642357952135,106.027055795644,104.618497543553,93.987037066253,110.935549413406,108.335197550543,107.101110952499,107.812855146348,111.279081654532,107.032562050595,114.055206131057,109.325835143353,101.980571590874,99.23590487149,103.048788454054,110.111063821967,103.520985178953
2015-07-01,106.476772936293,102.319538137593,104.452107256571,93.503093491685,109.246537782654,108.672898029842,106.743426719207,107.757655332042,115.745367014098,107.086917602463,112.35803572686,108.9918221674,102.838737698696,99.115774649225,102.406411110937,109.600536116299,102.985011990424
2015-06-01,105.60763687241,97.610548830779,103.267928272495,93.487079408005,107.923311103238,104.239005070861,106.550862487868,107.401398162322,112.386288974627,105.397592767818,112.248821632693,108.870643284474,104.563151645787,99.364137908909,101.974772528604,108.901262165443,104.046300910733
2015-05-01,105.195079442568,111.221445856521,102.727666964059,92.713867875789,107.752659435247,103.024721872436,106.62634859723,106.455462838544,110.94512258223,105.653313532186,110.998986015163,108.68572267925,101.815133281457,98.945333793888,100.106640401514,109.088790316672,104.304963119374
2015-04-01,106.151901234684,105.98013030956,103.892940946699,92.631578958067,109.402060446501,107.13504710934,107.789215833637,107.01936800428,112.760285948078,107.403847983256,110.67410805846,108.243372023047,101.193078351438,99.338797801642,101.485934623225,108.815008910378,104.875221248964
2015-03-01,104.548938711498,104.634769054362,102.703966019803,95.672675298221,109.002615162527,102.1126842395,105.507696802126,105.778092755444,109.344970395789,103.557699394836,109.781574924184,106.914095839103,100.824037734158,99.753682204337,101.880447841199,106.841113741204,106.589911716845
2015-02-01,104.453599531017,104.964379064931,103.205800981052,97.052629365538,108.489298125648,100.858475322492,106.669832875063,105.222282042332,108.429927413176,102.658029622797,109.289153975305,105.918584071805,101.052089707789,99.192048389273,101.507891018912,105.960715338994,108.891945758721
2015-01-01,104.107139832997,105.724883527831,102.620034143849,95.07289416416,109.559302676518,103.07562089911,105.414735332386,105.031173721459,109.565618204294,104.878900180191,108.522984543278,105.615308254454,101.094587780721,99.35514065364,101.448385171243,105.424929030839,104.178617892184
2014-12-01,104.102894138974,105.474635183124,103.468264696576,95.567233765854,109.527977765432,104.092024916217,105.68771570209,104.296399474226,109.080335591711,102.272928365748,106.634774384853,106.351878325989,101.70039604058,100.136363318296,97.99689095354,104.037301885469,104.509857526243
2014-11-01,104.053562223069,103.675902555811,103.377489021648,96.303724524563,108.156497582862,104.355246468897,106.13797996279,104.298130794657,109.02088748042,103.424737939167,105.76692180741,104.881514606367,100.047538367521,99.679778557614,99.93194107625,103.843925988985,103.047919552741
2014-10-01,103.836662823316,103.985255516581,103.527870364092,96.484428455818,108.808584263893,105.05990584254,105.389514289584,103.859633710388,107.757855535279,102.018473859336,105.263512109455,104.920264774516,101.465354426939,99.908136392574,99.94263676805,102.636202919674,103.55545729272
2014-09-01,102.618110349049,104.020106306884,102.741937420965,97.523968809448,108.648524181503,101.863581107632,104.395972712479,102.282286139893,103.628454631389,99.032645291852,104.215967192367,104.161894577604,100.70337098066,100.06292186976,100.188724099702,100.141143766252,103.14543691563
2014-08-01,102.727726666896,103.413007545729,102.213459024375,98.245391127426,108.696740026231,101.68998944696,103.222797880236,103.103861876012,106.766760477223,103.076754719589,104.111306250076,102.928715813414,99.601546815675,100.491019624928,101.488593962941,102.301544648577,102.772107118146
2014-07-01,102.947581213838,107.657244564884,102.085809675718,97.809011258467,107.793300180001,98.796730972243,104.809935758236,103.141619436326,107.525729612532,102.693481859572,103.568296553926,103.866340724455,99.75223258709,100.494865340335,100.186943149589,102.120566406004,104.478365873945
2014-06-01,102.550502494163,100.762689510114,103.192691515676,98.339080798447,107.97016934693,104.239200673762,104.402527999162,102.273151947369,104.209902857807,101.482267594043,103.674545611031,103.681714085226,97.739853218014,99.492331184829,100.846022907746,101.163664087892,100.003673037527
2014-05-01,102.781244623893,105.570720486825,103.160731947949,99.194753447068,108.007897288624,103.561973720417,104.379548565347,102.675909597712,108.521781487809,105.000800965357,104.089886267053,101.892153004662,99.496134990244,99.894423645554,101.064605165454,101.844086490197,100.012315961599
2014-04-01,102.336037417967,100.716048632953,102.879216547462,99.230168731045,108.614407472817,103.930146323229,103.938509256209,101.9179114616,104.576528579245,102.187647300242,104.909626510016,102.103020870337,99.781548957193,100.044034660047,99.34422639146,100.958077018689,100.505106528408
2014-03-01,101.649436879389,104.522969514794,102.279052202965,99.465308753331,107.608423135493,102.754738465774,103.0473647508,101.373726210236,102.34567407246,99.798714349758,103.71420026005,102.384122442884,98.389995366306,100.248522539812,96.802798292359,101.416545173687,100.389266798603
2014-02-01,101.628172676775,105.275014751279,101.548158810448,99.803496968371,106.123792715861,102.861904757488,101.495345423072,101.564999256062,104.039573397262,100.845268415332,101.384655531579,101.960730826152,99.817173968757,100.349361483176,99.856228605481,101.805514129349,101.058374552138
2014-01-01,100.270724687363,95.077241031264,100.795228961656,100.210330678516,106.89975063659,98.782818993565,101.64185241543,100.299685523824,101.442871672246,97.125876929291,101.270921827714,101.451890286667,98.856718608858,100.50945157843,99.598378294826,102.252262448169,101.436351976862
2013-12-01,101.174153975969,102.674069669688,100.871291184286,101.368639271127,100.924248481972,101.161580046096,99.591026383299,101.157026867316,100.56439782249,99.167330989473,101.439730034949,102.935123689796,101.245097284675,99.987107967322,101.69846325145,102.669102522389,101.983768070673
2013-11-01,100.667154540883,101.753340137366,100.404842090434,101.552327206168,101.393345253333,99.933704872817,100.348276062508,100.679444191801,100.064356092523,99.161341408135,100.973330414899,101.160951198639,101.053536147748,100.249044881887,100.465497547965,100.971152821851,101.791938165043
2013-10-01,100.674448805469,106.798899466004,100.665625429786,100.936359081427,100.409775103465,99.172582440141,101.406576757687,100.441956723223,100.351032574254,98.418610694932,101.613816554434,100.220238871661,100.069291134498,100.07742178373,99.590735673103,100.335005765111,102.337400960251
2013-09-01,100.433916814193,100.231812145769,99.861950875779,99.497667220949,100.000307326906,98.536963136237,100.40289324477,100.405853540439,98.597812702053,99.678287070512,101.004859289209,100.714123070219,100.364527014158,99.972898508057,100.610469158631,100.386120517129,102.301872307662
2013-08-01,100.300074467277,97.204378647398,100.409385714425,99.792889085304,100.705987130705,99.607440437925,100.815435198208,100.43915707534,100.566746177019,100.005892961637,100.137649021053,100.237968968746,100.687204339111,100.713837968731,100.354304934426,99.982552169594,100.925697947542
2013-07-01,99.609703115652,100.429301896447,99.495835929514,99.46237460228,100.47337292316,97.784807565879,100.109099182699,99.69254304494,98.672750854957,99.941294057417,100.503648488544,99.816665603423,99.879927798608,98.617953560447,100.336130004573,100.655476987468,99.735659798818
2013-06-01,99.548279703233,99.981932012918,99.207366868169,99.152287387129,99.801153052144,98.21792432162,99.798871322418,99.660091397915,99.767534206169,101.41215399708,99.790938535887,98.849411274355,97.297358878845,99.734313234481,99.79726491744,99.524731717373,99.565281468708
2013-05-01,99.755376042755,99.079231531731,100.18147840562,99.045151551408,100.095383022241,102.941004268484,99.397711166005,99.703579997544,99.919010437422,100.909050993092,99.062487106356,100.615955777289,99.881539310447,100.149767821325,99.344248606768,98.973359678351,99.013342661247
2013-04-01,99.183001114743,99.084956970472,98.96669297167,99.478332040481,98.358559997321,98.605898308664,99.207027073721,99.385080714313,99.951718364236,100.972661968039,98.668461755198,98.958349600788,99.31337165924,99.356593192604,99.728778950542,98.650476309736,97.233322509153
2013-03-01,99.624244611164,95.409599659257,100.054920670522,99.642178166843,97.860589209877,100.795052371441,99.897545941604,99.67314302766,100.996100053959,101.390802771394,99.370458720963,99.158812704908,97.439520172969,100.758294462397,100.073738578132,99.716203733442,97.983129052204
2013-02-01,99.551225040006,95.980517008314,100.45004144933,100.137475391089,99.348328019868,102.569059336935,99.941791855106,99.167091739779,98.474343916638,98.930006940111,98.908554979111,98.723450420391,100.792290490628,100.019723994758,98.829349257411,99.322846329215,98.163889308658
2013-01-01,99.509991784534,98.928846124712,99.912100058013,100.800510321864,99.957970562283,100.66244456783,99.584879215631,99.379523158096,101.028914283824,99.099460365411,98.92023251894,98.709592972309,101.296304085826,100.090213350702,98.471863829717,98.496902947335,99.267227183003
2012-12-01,99.510911195725,98.682031646135,99.442693192975,100.948732632904,99.532259784818,96.920537414616,99.314988438166,99.567542985847,103.444004491229,99.546454989748,99.188929500164,98.213112179456,101.119385305804,99.801446448942,98.278527371375,99.696761610466,100.330365139755
2012-11-01,100.427111468749,106.162456170714,100.562338079012,102.620267815383,100.673930677754,102.470105060805,99.311034732158,99.759279644075,101.079271419433,99.186164146527,99.371383732519,98.616316019353,98.985343350786,99.973847421096,98.891610328918,99.933664133604,100.83905998719
2012-10-01,98.970440679589,96.233593226529,99.870091718233,100.298180149969,99.975707928837,101.8194208959,98.457451046748,98.801936437195,99.179204317061,97.566230449257,98.296504966855,97.839826356439,98.741821342889,99.792095415304,98.434547433757,99.384167630086,100.559878581908
2012-09-01,98.931750775887,94.236412731705,101.358187716879,100.326435681125,99.394401457324,103.642802830833,100.726519657221,97.502873385856,97.468120653928,94.719486336734,98.048841813022,97.23004330556,97.81155986944,99.837376916106,98.138382998169,100.488055651174,98.137783496603
2012-08-01,98.67448375423,99.487616668641,100.292979823242,100.638265273788,99.271067621015,102.277310560483,98.950628142875,97.835174700829,98.797114511015,95.157290833862,96.156308685842,96.903165853855,100.071537459473,100.000889556525,97.714273548729,99.795647653361,100.444756751555
2012-07-01,99.188866136831,96.546286505795,101.610804304111,100.739574720994,99.909916112736,105.674073133042,100.118763981288,97.897157941534,100.032986915071,95.711561042724,97.186379321042,95.977111374121,97.038098394658,98.650107285012,97.502001628053,99.389854955403,102.798788432198
2012-06-01,98.605558925713,99.447521659975,100.534323615638,100.700362353619,100.035019886423,101.300180861874,100.362151920548,97.525496576943,98.463627554559,95.250749658655,98.123613050176,95.524057287362,97.102605263347,99.274596925953,97.434949504256,99.883705127266,102.78382923266
2012-05-01,97.724676609327,92.347765538718,100.15373319231,100.578015933014,99.690475333369,101.570138609141,99.262086997878,96.919560890407,98.889545009559,96.134064817008,95.689641383452,95.229585456778,96.329309979649,98.972496879209,96.801837292115,97.261614056949,103.494141374102
2012-04-01,98.384885593995,92.972681965328,100.167404212557,100.091155578203,99.16071495405,101.673574077832,99.814275888006,97.589264952352,98.403382633273,99.46503162002,96.197221303027,95.001703842021,94.507112270821,98.794377365966,96.690724265415,99.115943497134,102.986413288674
2012-03-01,97.882708950333,105.289973150786,99.611502046633,100.193439718141,98.625004504079,99.596906110661,99.326840399913,96.827659328625,98.525580797048,98.038937304534,95.671684072013,94.841875011014,93.706959650238,98.700943767181,95.664687064814,97.83254634055,102.662845220174
2012-02-01,97.551622263403,93.541297789233,99.266169106647,99.876601721486,98.832544960968,100.252822951057,99.111249379683,96.615655764947,97.995839167836,97.668493635905,95.458875007088,94.942439953266,94.117052192619,98.787339026602,95.569317942205,97.391216148086,101.73290072361
2012-01-01,97.341919715532,92.947852592013,99.140673161902,98.187744631763,97.69768345284,101.809406854612,99.036544327156,96.685343609145,98.553841003917,97.908687914384,95.432338631658,94.740245897941,93.230883051435,99.447133603727,95.61374581826,95.335086253698,100.239235823112
2011-12-01,96.783333681013,91.185818091194,100.1867971433,100.517962892004,99.956641695621,102.625254904266,98.30973101248,95.372064306459,95.526122334356,95.712424848065,94.065628361801,96.700037809309,93.188230834596,97.399207143124,94.825558910034,96.035323525016,99.727064512291
2011-11-01,97.149472293533,94.1366820019,99.864509802177,100.792074152858,97.427610967345,103.315959990609,98.256562781131,95.755623290758,96.930154243347,96.768545635483,92.829662687635,93.83294529592,96.095646896785,98.324084251435,94.645147776853,95.044033253587,100.004001030144
2011-10-01,96.232355389844,92.553906385861,99.130961384751,101.128582309497,97.518797539643,101.074643875605,97.23436220573,94.943778597594,91.713988359962,94.759140255993,92.984874553126,94.244923176135,94.364931305488,98.13961344749,94.98297416398,95.68010184843,99.386152785025
2011-09-01,96.190386276408,95.30735151338,97.530677605635,97.928639030515,97.836978214181,99.456449331856,95.963747208065,95.397537776506,96.315490681397,97.066567365076,93.434641348533,92.918668798543,95.142974694512,98.457438727189,94.580255394409,96.414364903357,98.708951637386
2011-08-01,96.053222026889,98.443120265339,97.859015404531,99.695695726385,97.517539135213,100.420832486276,95.39448143312,95.05869102555,95.684741475735,97.820346265367,92.579855152044,92.062388871111,95.534400254393,97.842387996937,94.078103426034,94.689738255551,98.376900693651
2011-07-01,95.517740650173,94.174066199525,97.523767457234,99.569518048109,97.393220494449,98.753863286238,95.983615072306,94.420120107531,92.583442033222,97.575488731922,92.243175202444,91.535095771434,94.554348690827,97.564649421999,94.764144851106,94.439225354182,96.691483854388
2011-06-01,95.047301512169,80.171324292894,97.882894611091,99.67753859927,97.929633847719,103.218222107617,95.123178272069,94.14507880749,94.515582296982,96.754459191195,91.472672653291,91.195523447971,94.717167628063,97.65061701806,94.218665846099,94.361789835209,96.597191161269
2011-05-01,94.499109517056,87.446322147757,96.953351733075,99.374950311949,97.210417585887,97.190043900407,95.492096976746,93.75797070248,94.284027683109,96.76907034868,91.566143883888,90.737301538381,93.853650665936,97.566928397116,94.144279322947,93.580442882936,95.840157414463
2011-04-01,93.512292698203,85.861856103337,96.033621435214,99.756915557055,97.956381424248,97.243950922878,93.923000092377,92.675468622188,88.437167387319,94.132052988969,90.878287524578,90.931681050586,93.685343880292,97.243061488566,94.085664863199,93.816258623049,96.402497162436
2011-03-01,94.061623305224,101.410140117891,95.791939912772,99.544286416381,97.409358738079,92.113165674574,95.253942963508,92.876644591841,92.204408601059,95.890253352977,89.826843028541,91.65825110826,92.575578929704,96.739793330384,93.311792043198,92.593254636093,95.809699872911
2011-02-01,93.6493455661,87.249586805159,95.081210971177,98.540741503574,96.320164664051,94.610124860353,94.586178573647,92.775786215107,92.953890251333,95.740069834889,89.855963723567,90.69510891938,91.946916962718,96.725257399256,92.973080032426,92.573110087831,95.418093207059
2011-01-01,93.39620041447,92.76554850227,95.681764233567,98.199970220278,95.739512675735,98.516228205397,93.956601311972,92.325203694848,89.498787713972,94.448281046805,89.430399903117,90.66953119916,91.398788964642,96.360787322523,92.992166904497,92.878434101527,95.983912822001
2010-12-01,93.260007851527,90.613223908618,95.621723268851,98.563045479076,94.501203554503,93.868538382811,94.48226824027,92.160786039639,91.836210228753,98.016960239375,89.600844659632,91.295901740443,88.848026827174,95.861926818866,92.446121304556,91.888989485466,95.70128122992
2010-11-01,92.58808464466,95.938094774847,94.651673470597,97.536001672044,93.682355769826,93.486619893424,94.314289838082,91.377428581936,89.605695618293,90.707842051437,89.074087148779,91.694216404357,89.329805511988,95.38909219465,92.935626741438,92.768954729037,95.449461602843
2010-10-01,92.471123958588,94.386267080967,94.75658126381,97.935210529368,92.900027208279,94.476428356002,93.093774564698,91.078432673783,87.97904008633,92.248413348636,88.929558605435,89.241598057348,89.471559964277,95.676270590289,92.837074596659,93.124750171137,95.963036912357
2010-09-01,92.430737834566,100.227393097831,95.087443879996,99.496691647483,93.328698858629,93.801463366117,93.591094698728,90.61733172773,87.204103317148,90.799547425197,88.346276341206,89.337848477081,89.625788733762,94.967003165267,93.517795778991,92.819892234758,97.291075583193
2010-08-01,92.047879622615,93.522181142832,95.233446373303,99.189915925881,91.609153768237,92.748873526202,94.477752565814,90.267515172394,85.483089097121,89.989797472897,88.819665252868,89.308008807528,89.093570534132,95.270434973982,93.134765758791,92.564126417103,96.187472292238
2010-07-01,91.772520897486,95.380469647878,94.275185064507,98.676279214545,95.263996200215,93.954936220805,92.678378947482,90.125802422564,84.805398601777,88.451385710314,88.144315177816,89.273017245092,88.998639844698,95.215910658724,93.298977181609,92.670880583016,97.497734053479
2010-06-01,91.469134427652,94.51544818259,94.597441195383,99.54972292326,91.796637254426,93.419163755314,93.049027620574,89.517345526186,83.076840971557,87.079338609038,88.406637731169,89.510295519078,87.743650529818,95.414074695367,93.308058272113,92.12620214146,100.902509938051
2010-05-01,91.427611556845,98.844279128078,94.878470396073,100.58688521101,90.805955931495,93.254374381927,93.209967755751,89.342619503488,83.823521732744,86.996713570403,88.433322071426,88.373939335871,88.197468199113,95.377956961393,92.612972405677,92.755704459377,99.449816079006
2010-04-01,91.332023211789,98.466418172279,95.772304531877,99.958885291327,90.111136540643,99.713611793778,93.094403565307,89.019742222426,86.062164847976,86.179374555469,88.244545873686,88.095445319141,88.667352554365,95.943895676667,93.214393887392,93.124010222423,92.334271837013
2010-03-01,91.230661428144,92.805395938986,94.506104978663,99.544085948034,90.107397212079,96.072835875469,91.904537022261,89.099175604336,85.086013432563,86.202366476977,88.154931420963,88.639603832704,88.962690507822,96.141531918804,93.872698062229,93.114428079586,95.670202644036
2010-02-01,90.231281716612,94.588507932241,93.015182623194,99.877006565394,88.980479558924,94.964401405202,90.522489367556,88.074102276182,83.38777423829,85.636566364898,86.951314407951,86.447342206708,87.07676068576,96.049694536996,93.527420816996,92.578702202556,94.329479310112
2010-01-01,89.831766917131,90.755383195914,94.430349434562,99.142710028354,89.397137941507,104.338810825898,88.759710257343,87.403518432487,79.836598877823,82.0821955533,85.791776412716,86.865652403964,87.944176837444,96.352118854977,93.661425319545,92.005719743255,93.752244767547
2009-12-01,89.617836558061,94.32719435292,93.062035166957,97.332513650671,89.157548527863,93.061266369616,90.297952527526,87.560083458244,80.83268467983,88.670030869848,87.233319280463,85.305348062319,87.322648286748,96.700787118472,93.293544405562,92.846499368423,94.415671854931
2009-11-01,89.452431805862,92.787131975354,92.835282136061,97.163823925461,89.389310334225,92.97396849013,91.270609517708,87.543971370291,80.672920558718,85.222436609594,86.256725466026,86.676411917751,87.497099481536,96.821492600774,92.303485688736,91.51496541227,94.268449928238
2009-10-01,88.828675821294,91.38384770987,91.728061444791,98.067732494178,90.2588860824,93.236359371489,88.404967828046,86.894730355392,78.768006581785,83.637918725478,85.574936829631,87.001868194435,85.82383750502,96.839253074896,92.162116916754,91.281233777054,93.178089699467
2009-09-01,87.919562789017,90.680755044415,91.351544077842,97.329365970819,89.448631118446,94.988850177154,86.622537310362,86.091741080066,76.392624212926,81.366523180163,84.21337335122,86.758693586949,90.250526396645,96.764419425457,91.488277159702,90.595498115431,90.314445438866
2009-08-01,87.530377352179,88.931747632074,90.597038877774,96.46692940596,89.308445496099,95.76960645186,85.162909482018,85.75898515298,76.253306048089,80.347416593236,83.67714714381,85.950579179498,87.366356728819,96.533724668995,92.394728616924,93.634193422885,93.720435471554
2009-07-01,87.907490299907,90.595715381091,90.744219081774,97.744431883113,88.584464389242,96.352566266848,85.735609844245,85.951075909663,75.807508495674,79.673021569621,83.198440812865,86.051677113515,88.523862248368,96.997190333898,91.374816796646,92.392511637237,93.971653317357
2009-06-01,86.464369453479,93.270286140122,88.986326048644,96.178852590646,87.306223293812,97.577119701334,81.879027033709,84.632529243491,75.434095771934,78.670326878179,82.062780037156,84.59595583288,88.29726939979,96.551820752627,91.523394326347,87.986023471074,93.975232776982
2009-05-01,85.055855295389,91.27948607963,89.139490677212,98.586301737252,86.750123911885,96.995389899324,80.925562392829,82.62927779984,72.175245655396,75.758688587728,78.303703773423,84.301097438648,85.934741664298,96.522916968844,91.470505616771,75.489026712975,96.54603630967
2009-04-01,85.495727081136,93.929828238906,89.361083144959,99.204940896166,87.303103392936,95.229332919832,83.210550275754,82.905216676451,71.201105623957,77.284181614102,81.537501553004,84.169780335234,91.706489351994,84.364551746624,91.738410522916,92.760648515999,94.337804581764
2009-03-01,86.254345708288,95.316455653844,89.425376571743,99.134395795245,86.661006030111,95.101047211022,82.593609165334,84.383163494198,73.308622117015,80.564261329834,81.530256000782,84.032998413905,89.15882695739,95.697804735022,91.770877122056,93.624766952304,93.859664262689
2009-02-01,86.58252504978,86.843182434804,89.719078761616,99.860334158945,85.664789888907,94.804022157214,84.045809553296,84.602714595183,72.942562140358,76.889601105117,81.918521747132,84.410661175358,90.357677981047,95.844867082388,91.894546390156,97.080164069226,92.946328577259
2009-01-01,86.855401722823,97.8479408663,90.615903423851,100.752741193345,85.155732297571,98.121792400227,84.06639684518,84.327477964093,72.548813014186,77.136194287056,81.627765921632,84.192514094705,91.492416336159,95.64448927238,91.730225090414,96.674997051925,87.938417023045
2008-12-01,89.745963615273,98.493255040805,94.667238978489,101.533733225296,84.720654185703,98.268384307564,88.993357862747,86.791970267273,78.379991986511,87.67601167179,83.762625216876,84.359096457027,92.480957369478,95.975307494493,92.123376617457,97.2901611625,91.995056867955
2008-11-01,91.018105563768,94.449395753216,95.735725669826,103.09552662517,85.984990472963,98.016455822318,92.099947156895,88.510960782571,82.52943045778,89.490366054147,85.496576131066,84.209542489599,97.081157542728,95.937107267023,92.962655286973,98.321230056903,92.03817032815
2008-10-01,92.687849694901,98.582918365526,97.290548270069,103.893737822607,85.755117288721,100.922630777607,93.968570120437,89.328181385528,84.56192353731,92.408637526851,86.480258519257,84.408671639571,95.195348910793,95.555587689906,93.494877658957,98.738538333398,92.305429393992
2008-09-01,92.039562751972,91.895628705043,96.863012547309,100.531866697033,85.584240378796,99.106639118188,95.190589336156,89.644380081974,85.347274465426,93.75962962914,86.235909778848,85.463618235825,94.841242645418,94.990760146697,93.231254080162,100.371635714177,89.437039993426
2008-08-01,92.350771331392,85.930475039334,97.907433090405,102.506387721952,87.285980597432,100.024693134153,94.889923448008,89.638826603407,85.179700111656,93.528435536522,86.665439026765,84.846791425391,94.306328716589,95.021431100655,93.22783578846,101.756386895519,91.358499946768
2008-07-01,93.379202855031,97.952533404879,97.982140079756,103.385052238906,86.033623536216,102.93394993881,95.004867192661,90.32199351784,86.847731024258,95.728896861581,86.895036633419,84.923236563593,95.203709334327,94.253125572055,93.127719558009,101.643314779817,90.630876920531
2008-06-01,93.623387277049,93.699658923449,99.407739986869,103.435857513732,86.666680965205,104.800001043611,96.30668124699,90.100424673316,85.158516612024,94.996261810302,87.914294421267,84.801748324017,96.411755399067,94.322385003783,92.17000237016,102.291591931154,89.647018626266
2008-05-01,92.683251303466,97.050718139756,98.408414796522,102.247620939001,87.716534734982,103.364671153652,95.114919986657,89.444024561839,84.461651269964,93.604703939437,87.27217776709,84.981158978125,92.994087866252,93.87982850446,92.341476688988,102.97607379309,88.925181262608
2008-04-01,92.970723781576,92.482394219743,98.352171936257,100.835868441233,86.987229851317,102.263579882268,96.672557836542,90.266218913615,84.729659721356,95.286133650849,87.267406674588,84.039487754259,93.68467890182,94.031848084674,92.272474147758,102.506904604148,89.144463254339
2008-03-01,91.507184076517,91.590452581057,98.897487100676,104.215589679997,87.182757305592,101.676835005182,96.453011917486,87.815441549027,81.201537375437,92.640599896727,87.518824121434,82.944559060285,93.682955995245,93.066046493701,91.824755069601,102.211773734656,87.065995208801
2008-02-01,92.326283223244,93.000488665185,99.817467946407,105.990097776858,89.714432640654,104.045081867009,96.536044413051,88.267585590972,82.339620066111,93.120444410402,87.834228078565,82.289219966236,90.758672741207,93.589165642274,92.002444090985,104.628798330089,89.635782336086
2008-01-01,92.374648751734,95.711665701688,98.618477900687,105.789056362654,87.299327049441,101.673285724678,96.355296923543,88.635396500501,83.985020602517,95.00756423662,86.929503463238,81.679459180984,93.904785282805,93.613791828373,91.567009705908,101.892387574702,89.347881038238
2007-12-01,91.862424646363,86.155872528189,99.571949997686,106.317145246931,88.87018384133,103.620761007593,94.1156801739,88.143277945193,81.141703940031,92.048964026181,86.707839822898,81.78122169784,96.62135579374,93.415385348338,91.526951701755,101.396202210431,90.071426180957
2007-11-01,91.864424567293,101.183170761972,98.599954218508,105.684099462897,88.007352665844,102.591204230145,94.373826926787,87.921633687115,82.324574437672,91.723210594585,87.017777494083,80.966863634288,94.299850663681,93.467262315179,91.693243715556,102.865489090983,89.786241831235
2007-10-01,92.520451082843,97.572859487658,99.298061943628,107.899059549162,87.814832879195,100.957092005101,95.88474416227,88.205415488674,83.331247469199,93.866896087614,87.243902626072,80.603059484357,93.993117755858,93.750472124163,91.477508373207,101.611465915494,89.886576745335
2007-09-01,92.269640318474,93.830484213417,99.758836707218,109.794405066834,87.261891155462,99.917325230625,96.47721878462,88.164603022565,84.550909116932,94.133730335499,87.443510297754,79.902404196401,94.202165333018,93.928183506164,90.958518383187,100.824496341627,89.574134962185
2007-08-01,91.781995081249,95.989744473623,98.428580480436,101.237320575086,86.489052527839,98.470320225802,97.25048195532,88.010041671844,83.805404912321,94.413669832067,87.473675663595,79.656525776347,93.379660390814,93.702569498739,91.53043676611,100.560906278738,88.513803271343
2007-07-01,91.869657479337,94.022030210579,99.354308149103,111.988885298943,85.991835756652,96.156802066311,97.018444768657,87.461235366138,82.527521370514,92.775125870314,87.123529813801,79.002897968576,91.912661082829,94.134381964944,91.517517854715,100.807978072235,88.211473846963
2007-06-01,91.91017001256,96.859245345372,99.403792911273,112.106720034625,85.386646588891,93.543381778331,97.58325313116,87.467309633211,83.294295282545,94.398215832563,86.670282100663,78.874223728644,92.34363069377,93.622933821413,91.632020018951,102.385051120827,88.152641751708
2007-05-01,91.50627478288,92.763977056917,99.152478272252,109.19283741239,85.61876718927,94.925914342199,97.561181510321,87.051227570224,82.990714897413,93.788294895716,86.053145273182,78.657033790861,89.694589675867,93.94711549901,91.764019842608,101.296188796947,87.375890721387
2007-04-01,91.051198500178,91.234516598792,99.043185667394,111.196508419045,84.590057393759,95.943926242453,96.397616270077,86.774854699223,81.931239544854,92.232553414354,85.694117699684,78.039215302447,89.055881081863,93.067149663214,91.454049284666,101.644607628544,86.764263313233
2007-03-01,90.460652553077,95.620475989253,99.384082837133,111.43029090654,85.257429532253,96.368264595688,97.020112432901,85.877480159386,80.902055873041,92.94795447517,84.918716546825,77.43056684045,88.383578666662,93.668899023259,90.552617749098,102.442215716429,86.901890811006
2007-02-01,90.308768565682,95.204129432071,98.47351462966,111.274538434336,83.329428591042,95.979651365599,95.942349696868,85.615610561588,81.308414856422,92.769836981877,84.429798391936,77.131419363989,87.199427690099,92.95130876777,90.945341416018,101.557933729419,86.202692392529
2007-01-01,90.024815801236,92.724714465325,97.68972274292,110.352397517339,84.471728216053,94.804873759719,95.738013687978,85.50905164053,81.04932533397,92.822224776798,83.995477856731,77.214370736019,88.649721406943,92.758550988442,91.069460002003,101.606850051578,86.117123569921
2006-12-01,90.108000508508,100.092938380761,97.932790532275,105.10640739718,84.611186490194,94.966076531082,96.108194338268,85.338042109449,81.537675196006,92.419883704136,82.941571005849,77.012087078243,89.678205473223,92.191118333548,89.019113027691,101.510590733778,85.433843941997
2006-11-01,89.596983439528,87.943606035335,98.656753000816,111.282356061266,84.242354420529,95.070553777113,96.277016675995,84.899879314628,80.32212741266,90.981943880948,81.925686935571,77.29846242158,88.847505371333,92.210807298948,88.308477902065,101.721549507065,85.083104129564
2006-10-01,90.133566665251,92.520929788047,98.484071050341,111.224363389292,83.456834652212,95.227944589534,95.812451381263,85.225438865332,81.538573996497,92.372465043171,82.204013637981,76.568013825443,90.820817432152,92.157195599254,87.787611218962,101.31678145722,84.589980088839
2006-09-01,89.675902884898,90.356591895103,98.787613495809,111.874730800342,83.154129614678,96.053215627916,95.759117282262,84.764082286031,80.939601106708,91.710779298945,82.198378070305,76.152720641942,89.262941365792,93.360679813289,88.498755187093,100.318015002055,85.816126672696
2006-08-01,89.73518466999,88.571297197404,99.008424152312,111.247304402809,82.828981245991,95.922705700001,95.75061743288,84.711969948346,79.694171721672,90.918012946519,81.531783260781,76.17178782882,92.508707888204,92.524899808666,88.094949731125,99.230944879729,86.03031402153
2006-07-01,89.524964030366,88.301125604557,98.489151848768,110.276848532144,82.096126495697,94.669487450514,96.880580480033,84.641443873658,79.724833150387,91.040432534993,81.322857853867,75.94723804193,90.977913701456,92.43566820494,86.878569576443,98.950665998458,87.109577732889
2006-06-01,89.422144099158,88.745008135729,98.199216061163,111.03927812547,81.547887916428,93.229831701218,96.307774888055,84.653649973379,80.157535922319,92.042894985924,81.495031612907,75.897432188241,88.640472091158,91.860659431309,88.291587208112,98.590904692179,87.425074686039
2006-05-01,90.259261770907,90.118615006791,98.923082738329,112.822440415824,80.535029187276,92.892393568606,96.828670970248,85.151808045148,81.063371957958,92.861680485447,81.555832764784,76.319264528922,89.009150731689,91.378172529369,87.678778658352,99.264335748891,92.008430674493
2006-04-01,88.850918991359,88.168929332237,97.839364988334,113.889887943608,79.36807599513,92.034488007449,95.147329659089,84.102538336859,79.742985066769,91.04618843084,80.685600101678,75.197236069834,88.573463559566,91.288012765012,87.710471554568,98.805577977176,86.698546853146
2006-03-01,88.248007776988,86.124645056877,97.497472116735,114.109267442305,78.404556706418,91.287433334113,94.857275859808,83.55630728758,79.246375294192,91.999491093482,80.348613047956,74.804987928006,83.524763205145,90.753188360726,87.526768990942,99.729709012297,88.604609665786
2006-02-01,88.313806631159,87.127068843018,96.680714568846,113.695423467725,77.594839313906,89.332965877735,94.906763793337,83.785163034477,79.302090261959,91.980772335735,79.987360141853,74.144049980543,88.012381119172,90.952731735187,86.779127765522,98.028434159147,91.66592344241
2006-01-01,89.039948928019,95.344305169404,97.410286390999,115.239177139076,76.345432654257,90.235083257956,95.568564819653,83.908234446063,81.877772554483,94.857911229636,79.83850823879,73.857983671354,85.339502585625,89.918657281534,87.357119689153,97.530711417003,88.579009149654
2005-12-01,87.562029644091,82.538814185388,97.426124073501,115.389347174625,73.344731671277,89.605875630259,94.588713723251,82.665287309153,78.761381575363,91.578628214533,79.336470791474,72.685136197192,84.926334859426,90.473797203492,86.669390991911,97.237419331046,87.068643770085
2005-11-01,87.084694969925,85.834681600705,96.255848863735,115.048997702215,74.450565999146,87.636714225266,93.923484984873,82.457645645295,78.200811322587,91.799767155424,78.597154622921,72.642878046567,86.757326924694,89.791994312643,86.346338811044,94.712943748396,86.306812068382
2005-10-01,86.243891845999,81.139725352454,94.630558493356,111.798659236832,73.722459244799,85.964195433457,93.248693240909,81.905236825119,76.500963262218,89.079279246305,78.082378823186,72.828038203523,86.068145443531,89.47211767502,86.154252496639,97.323746499815,88.52737636852
2005-09-01,86.133825514823,86.59402472672,94.283293215834,113.509886684309,73.198748015053,85.703065864004,91.888134492846,81.630430434482,75.628003099205,88.780810335517,77.671030222785,72.073021577641,85.831037442149,89.430227958601,85.297239867149,101.663039672203,89.671778670074
2005-08-01,85.963065455658,88.738237274779,94.452581870256,115.603658809384,72.786781043498,84.453453076955,91.104425105287,81.230250810173,75.456008846641,88.933252713578,76.966610779947,71.632453922493,88.730319039164,88.505784232537,85.151446020835,99.596439278832,86.151078794198
2005-07-01,84.880027304811,92.976699667679,91.550944245642,105.81959019457,73.567378702938,84.786420516116,90.125373111885,80.855867077713,74.69815869156,87.754290023971,76.535931982893,71.689818526298,88.604276566203,88.366930387165,84.116450406673,98.839971132722,85.310829781097
2005-06-01,84.561664889957,74.723582602779,93.461941196078,115.701623110981,73.354604568572,85.663342418069,89.170262201449,80.223166770112,72.894202341222,86.533196796254,75.721392553078,71.56106135621,87.659479737509,88.971743171496,83.947192957593,98.435903326796,84.276779929008
2005-05-01,85.959367352209,84.583171508706,95.07882220748,116.059543300918,72.287058180697,85.79079791953,91.756026587362,80.555509189861,74.383543289348,87.416014198563,76.546456114588,71.712433869767,86.833849270167,88.948244544091,83.795698885533,97.998103878466,84.250341905039
2005-04-01,84.906449751741,86.509242073546,93.590429160159,114.249264597069,71.832728509234,85.005881886281,90.874222497635,80.240710848528,74.173361522295,88.062249158467,76.441576617691,71.637646310199,83.894936543824,88.87058730041,83.685729276362,97.160828572428,83.935580445491
2005-03-01,84.547552854623,85.094082524246,93.220579124086,111.383899579412,71.501458255884,85.316724913952,90.514657107955,79.952691399792,73.37786082639,86.933776019488,75.996107589647,71.407256417549,85.013229060838,88.766231413305,84.169658909794,97.731045976014,83.833654066834
2005-02-01,84.777590391165,87.338517534449,93.441540445842,113.420286643214,71.590891649537,84.872809749341,90.856832660239,79.915823987727,73.446143053682,87.073401975268,76.555648652391,71.689786142956,83.35566158536,88.60513452627,83.742449566278,97.731520444457,85.01472516522
2005-01-01,84.546493207288,85.873188151948,93.502184381539,113.248423950166,70.992565144638,88.128472057601,89.992785850606,79.46770682501,73.263705409225,86.275633332534,75.621301203259,71.536447827567,79.319251598119,89.572030540625,83.441512692349,97.843504931849,84.076285275205
2004-12-01,84.431108773048,90.442813777348,92.478878301234,108.58177451851,68.945202275823,83.614103286103,90.938164301083,79.734099200446,73.245706286446,86.665362214412,75.813232503841,71.41585859536,82.665600396728,87.699596109922,84.862160549316,98.40384628831,84.410168397911
2004-11-01,84.605974222265,92.445451484696,92.864981169896,114.354107025889,68.491080521165,83.591865327676,89.904247197231,80.055814056078,74.238178418707,88.627880458707,75.532473561164,71.394789232492,81.740629300224,87.89830398671,83.96424685372,98.281704928436,85.167747505788
2004-10-01,83.910322202536,84.447572367777,92.933125757708,116.484011899112,68.285743377548,83.123834464031,90.031137512196,78.975544085692,72.469211236525,85.244248529017,74.73656973178,71.282494344919,81.469405314741,87.617474176823,83.068756676939,98.727585545397,84.961284215754
2004-09-01,83.644567371489,86.084347212682,92.44214186416,114.376342346168,67.883890497167,82.591641997198,89.876416088243,78.577486193573,70.668900319769,84.450283292801,74.49473635701,71.392370458256,82.376782583532,87.267583221105,83.048314633853,97.31797664113,85.254650169827
2004-08-01,83.474388830714,83.720591170346,91.784355933965,110.836774585495,67.569717900398,80.569538583954,90.220976422838,78.913064573207,72.548561656421,85.992207409343,74.543701782646,71.472510501745,80.385911818907,87.613588214563,82.371133534917,96.538218168419,85.448819557712
2004-07-01,83.210657611602,85.62318432357,91.798450076912,111.313369835454,66.792687077964,82.860022564504,89.640215422587,78.516146239833,71.056375908478,84.582011287316,74.322245241638,71.196931238725,81.30514282447,87.145549484721,82.659338750106,96.226733710947,84.853761940837
2004-06-01,83.680855070374,85.9645460451,92.272198051263,113.702753729298,66.450297018237,83.479104295006,89.113663308719,78.855656103543,71.193417814384,85.330206721547,73.575285872006,71.935291208839,83.430075864536,87.097387332106,82.334144456737,96.002636244031,85.682796452237
2004-05-01,83.810194300184,86.288808893955,92.139783594557,112.900598272247,66.104857144096,83.001768857269,89.213636929014,78.736089999029,71.41792243202,84.687766017376,73.112354353685,71.056050680586,85.110013212044,88.206711731085,79.811826575851,95.540765363487,85.565251250708
2004-04-01,83.26434654268,87.485759660017,92.232909468874,114.2186022186,66.675693278081,84.004241056584,89.124874070579,78.119158843699,69.722248097104,83.032612561172,73.070472292073,70.652947430172,84.803971642404,87.113150943863,81.611312145667,95.76816769248,85.812341281726
2004-03-01,83.485378651186,89.092944108543,92.339651027891,112.232904011878,67.318645964628,83.675834535775,89.576849864891,78.541363925439,71.267311807261,85.912003162797,73.7839290982,70.155687765102,83.202332634229,87.3731031005,82.858412273961,93.693960590566,85.394450886495
2004-02-01,82.39249791588,90.821945899216,90.85889892395,112.791633559663,65.586611434576,82.438763613528,87.273412170722,77.291680050975,69.105842818811,82.31888494503,72.622695200881,69.725463875786,84.055065711845,86.602506831713,80.926858817678,95.203577199044,84.260620136751
2004-01-01,82.147547366697,93.369318790875,90.997062261614,112.8973275467,65.260047786447,85.675711772807,86.756710335239,76.752879049337,67.869150927795,81.022003332686,72.715398077429,69.353849813301,81.80702423658,86.824310927223,80.431056611974,94.865662359225,84.71470785543
2003-12-01,81.691011822164,88.385810239563,90.395738559566,113.266359375905,61.418029700552,79.157391680621,87.754243920075,76.665922870615,68.391759838143,82.756371874054,72.26096749015,68.97621434061,78.564270523338,87.172382119495,80.750592811949,93.640398985574,84.113538704151
2003-11-01,80.775022204299,88.697559261039,89.141610660264,113.594709896376,61.700344219682,75.301465298526,87.066580205571,76.04157737327,67.961319547813,81.753261655575,71.240195314799,68.774201922199,79.055521905933,86.670572414822,79.597814431351,94.98812148704,83.576092472138
2003-10-01,80.492005934437,79.39625020922,89.10569366771,114.183894542864,60.474759334442,78.636440462224,86.615603144461,75.765471546396,67.502046391112,81.776055978017,70.903652644997,68.291027567612,79.146069599513,86.738175814561,79.609146147604,92.525899387195,83.263398125423
2003-09-01,80.22304851626,88.464742775976,88.653101565517,112.129188611821,60.249596383929,76.471727111021,86.607390185083,75.375646835996,66.670048103525,81.4042100216,70.445171697275,67.753360399474,79.532620734023,86.347568010278,80.244315799344,92.278966039458,83.928962967992
2003-08-01,79.999636745054,85.975190751774,88.784491694252,111.462671816184,60.268731109558,76.926069011486,86.276516671145,74.891125483783,66.548763183352,80.388479890381,70.189879382689,67.287287220195,78.816101291887,86.854420834714,79.521778661692,91.740239375114,85.094835710035
2003-07-01,80.687818881055,89.34833523664,88.951819490398,111.645924815739,60.581282685605,77.640485687484,86.669296969829,75.686216720235,67.267906131694,81.979466667151,70.317279955128,67.251162679673,78.944418130006,86.848101061177,81.347993374899,91.839127677421,85.838208646461
2003-06-01,80.707175953877,88.529314832491,88.985490135398,110.99058975041,60.157498037237,77.943269465889,86.971129909436,75.599018934516,67.15826103,81.528727980034,70.052242733458,66.888508294242,79.413441973579,86.415034423377,80.16828599211,92.719935823797,85.944100333243
2003-05-01,79.982078303313,83.275286396595,88.303934985921,109.973365979903,60.215932697907,77.068271485371,86.256983719056,75.202441770484,65.824966144403,80.132668665265,69.663568852902,66.427318682425,80.600334004999,86.258709477329,80.516924359924,93.383402259349,87.951209903601
2003-04-01,80.230686509938,85.212461218006,88.253132023409,109.20218559591,59.763164718367,77.786464186024,86.677495984881,75.496964693374,67.305989804175,81.934067097897,69.834072198974,66.27722634724,81.330427865564,86.42080276427,81.921761613995,93.349155419776,85.911027234911
2003-03-01,80.185989821122,85.670635933302,88.272144188207,110.459192873521,59.87598383663,77.209742641357,85.968724587683,75.581515584384,67.254835320848,81.745914231816,69.643672157551,66.376927831734,81.827520842115,86.024288623403,80.548298912882,93.09822591005,84.867389918104
2003-02-01,80.759787041249,83.491626598151,89.508240773979,110.381690097535,59.451080782904,81.90353946678,86.798907412532,75.844829568814,68.173193265674,82.698013629747,69.747755043684,66.328945651768,80.617222348969,86.428038192132,80.320271826776,93.977306752185,86.558851129051
2003-01-01,80.064881150171,83.982873860706,87.403995190608,109.01588016577,58.961639809509,78.380229578522,85.041938110502,75.899381625209,68.517948254583,82.913221452279,69.54269578514,66.097585075855,81.238439640511,86.096006443447,80.837866764842,93.86975171254,86.440215338363
2002-12-01,80.008934423083,82.057914514712,88.044989752592,107.947947750226,59.99564328296,77.795061476363,86.51353663395,75.508104519532,67.760684067804,82.086452230119,70.016810882443,65.228708340198,80.496994328273,86.587624102594,78.826894676537,94.392693672226,85.70614890731
2002-11-01,79.481983332593,82.689762152104,88.233433835026,104.858320102775,58.120699395737,77.279421849578,88.249578230549,74.945015977722,66.778959823122,80.404158524307,70.082769568611,65.553693903739,80.724990372207,87.012447247216,80.55689997941,93.612764582739,85.797532654735
2002-10-01,80.279767805433,86.111699876909,88.526430605662,110.733290970818,58.678811277541,77.242775812935,87.813318548779,75.411400724206,67.010997272616,81.297219917608,70.41958705437,65.513697765378,80.682063008271,86.67728890062,80.944959979978,94.542685047982,86.11096565182
2002-09-01,79.986811406517,84.084071774359,87.727093815316,105.551953232272,58.716772431269,77.617811727957,87.336689073691,75.530748520562,67.709669512199,81.760222365815,70.143502900807,65.361313401314,80.143624677506,86.74177710972,79.944096444399,94.338226181365,86.00889447629
2002-08-01,80.046441309244,85.983437181959,87.779640423428,106.43093954346,58.155977724391,76.268667226762,87.368630214338,75.494572437874,67.924507550677,82.145352570318,70.113394895298,65.231801540639,80.147261322975,86.787356145066,81.125482950494,94.688099309365,85.846520954346
2002-07-01,79.552768531601,83.83514500497,87.105514982817,104.877147715307,58.300572395625,75.189605469433,87.060303784679,75.225847130008,67.765041251175,82.028508495611,69.463040676619,65.100049865621,79.864861808774,86.798565620167,80.242145077018,94.677242089953,85.970346385424
2002-06-01,79.347466539328,81.118100249802,86.862121151966,105.679834957742,58.065697119302,74.290648505996,86.940639011702,75.058062426388,67.391313560658,80.947162842817,70.235720686504,64.84148000082,79.503426761933,86.86579114541,80.287621602519,95.128389766467,85.823434187207
2002-05-01,79.481968880098,83.561529009935,86.986399063817,105.820551131374,58.506464827264,75.364364681988,86.281288667922,75.135840884426,67.845701697888,81.800450881969,70.477704419793,64.504364508362,79.472994893204,86.890940735909,80.495641275791,94.943493706107,85.902117650767
2002-04-01,79.24186589248,84.105350994125,86.920934158339,105.765303323384,57.428980779708,74.355693334747,87.579150107626,74.760217404091,67.605353344089,81.964102682741,70.341627589057,64.009032862435,78.312237807647,86.261150557591,80.155432924435,95.757510188367,85.545766929954
2002-03-01,78.878252912143,81.939989899422,86.086159136423,104.193312941941,56.995688677323,70.573657638969,87.445268818524,74.903975879157,67.140740785307,80.073150429557,69.275750417205,64.617819193665,80.258320860626,88.668450333526,79.549278248681,95.697828758086,85.229284195477
2002-02-01,78.503242597764,82.087136523641,86.319615213111,106.006652816387,57.166905077825,74.269024689382,86.342600645427,74.03141437955,65.519950374871,78.533338676692,69.167462774558,64.07730688312,78.32085635282,86.307974314756,79.814863288009,94.748564119299,85.291556317073
2002-01-01,77.939677774665,81.997142617542,86.670428796397,106.294630033958,56.714462780982,74.355481619647,86.709079276558,73.114732897443,63.220528620865,75.728397909704,68.024951808357,63.945814928301,78.534820504718,87.134303953548,79.746343925141,96.123676895223,84.826124606354
2001-12-01,79.31574680978,83.144738074126,88.337155622848,108.998111731615,60.433510765113,78.168113266628,86.784702247087,74.070098383681,65.525502637265,78.303285997941,69.001166109262,63.865551623645,79.246981745883,86.73494703291,79.326551131716,96.222945367999,85.215454580121
2001-11-01,79.316962123792,90.737369672538,88.401197648811,108.218984495246,60.164620762052,76.751027126397,87.22012066,73.887959929223,65.692630729151,77.769494193158,69.835976083207,63.955126624135,79.267187094046,86.488719133881,80.14144176321,96.373269810379,85.012938966293
2001-10-01,78.789968881721,85.603349280047,86.86037896738,103.86831670857,59.471093831039,76.086588425863,87.197680237788,74.101004473299,65.921745092126,78.861201471541,69.369201918947,63.779661981169,79.163802917951,86.663470034796,79.614408146872,96.509551250641,84.771691503634
2001-09-01,79.749831007237,85.266548932989,88.971959919132,106.789124839775,58.893104603781,78.267538571001,89.321304584087,74.490798235031,67.429704793838,79.815231618316,69.850544943997,63.626499737026,79.245703750538,86.783322856948,79.574709991673,97.391159361345,84.448339047786
2001-08-01,79.959663280139,88.045830729765,88.934387141642,105.839877802897,59.045073726719,79.114636588887,88.590922138822,74.510488783843,67.093392571343,79.862175896587,70.185696908343,63.475943661686,79.073250980953,86.735859339424,79.678364476521,99.775386200241,84.149778822237
2001-07-01,79.683059070562,80.210840964699,89.169469446374,106.297566866895,57.559687781334,78.639518302707,89.102534332772,74.324830485364,66.897132452945,79.045595730693,70.009317776847,63.210479587391,79.008076921734,86.461902061129,79.46477416294,100.194154930913,84.030232612896
2001-06-01,79.489409994874,85.436608818188,88.600325509482,105.733265358114,58.038991462861,76.212382231578,89.415854721039,74.288227438768,67.011010736769,79.345573786988,70.522249281117,62.959981559677,79.077630896784,86.465138695393,79.791075327675,100.371287002076,83.998936137502
2001-05-01,79.186710378864,83.157024626338,88.024827957744,102.236797244112,57.461786563655,75.232313741331,90.282996671095,74.227175884415,66.714084818417,79.241818587145,70.240079287687,62.940600277237,79.120446101878,86.354907948815,79.87919743644,99.886406318142,84.088747019702
2001-04-01,79.397908703486,83.674603347801,86.877899313294,102.504541686577,57.720119304963,73.228673030665,89.425449068154,74.732492916506,69.042094540826,81.270081929812,70.201441127699,62.720956448769,79.616123559898,86.138944867468,79.759518723201,100.758734672265,84.243940558922
2001-03-01,79.520462621457,81.342616815404,89.074521958721,105.954922788814,57.076042326977,76.728906469605,90.041372671213,74.436215396171,67.137348521849,79.716893450442,70.473407572094,62.484973218003,79.588321547207,86.052414510132,80.217644192561,102.641505077087,84.498708860651
2001-02-01,79.599432398865,74.504445633376,89.742782962427,107.094713482254,56.85523220501,77.096552415811,91.288505946659,74.369638811585,67.326252277225,79.26327471549,70.188672923535,62.313450040521,79.762593596891,85.696778262355,80.013752428831,102.78785675564,85.025059401249
2001-01-01,79.773574170366,80.242026183454,90.152232689166,103.807834772921,56.384721960991,78.662487248299,92.656151097524,74.425628060242,67.657166480124,79.562582722835,70.258499661441,62.121282627073,80.26212226373,85.451098537396,80.016843269547,103.904590574171,85.397118295721
2000-12-01,79.804625831372,84.092572815234,88.482379018056,102.908618908529,56.508024827294,79.622251809121,89.470300329768,74.64493506206,69.085416188631,79.011241170914,70.005850711538,61.384868736465,80.846574544799,85.681011932541,80.46676983117,103.811569449577,87.715914520595
2000-11-01,80.195145786149,76.483074250569,89.837992186676,102.3936024726,56.776068323417,80.471658378394,91.136376325796,75.13144641616,70.818955310704,80.624149566253,70.036636928955,61.57606380293,81.292098674359,85.270228572037,80.748268355961,105.528763101535,88.535397528394
2000-10-01,80.532457012825,81.262513613236,90.57340472065,99.789299850379,56.195635338894,82.034747852815,93.223258733454,75.074190506774,69.456888335949,79.082308160639,70.335089526187,61.412963172051,82.085540890455,85.260834745038,80.757440336191,105.318270739542,89.043048023942
2000-09-01,80.619835091475,76.802162681473,91.491962213296,107.45951923702,55.955347208456,82.01018373114,93.002812153553,74.953990713293,70.055618830559,79.510946902959,70.480685732469,61.259725448121,81.26037892159,85.436970230684,80.652942392548,104.705729402332,89.409471366329
2000-08-01,80.513945253667,75.658825554036,91.650516779087,105.619579826073,55.330996155213,83.365601256167,92.764067081502,74.486143421573,68.811100950838,78.507389675558,70.119252902411,61.052571708801,80.8841851373,85.100333559812,80.311382465107,102.874850589252,89.73759850088
2000-07-01,80.430512893955,73.46134552375,91.368377792431,96.792317842282,54.692620811499,83.069947317656,96.543282607159,74.596449602196,69.570337432404,78.543676373644,69.930924032001,60.921717198088,80.84084199718,85.017392134193,80.04535517933,102.682871900313,90.036593326384
2000-06-01,80.253501133721,78.313968553342,91.612497346768,104.390465809582,55.203120638306,84.670523673627,92.634409911499,74.261251902618,68.784638340021,77.947831624071,69.43626684202,60.744510182981,80.107234237744,85.261273305455,79.721251473212,101.459334204588,90.302957390425
2000-05-01,79.853403115537,80.626596054576,91.15407817503,103.133744060216,55.197069967052,85.608678527215,91.715044387214,73.74137199639,68.020772756609,77.280945508383,68.777703729305,60.531816684358,79.609910217487,84.894695685398,79.486629445366,102.001520000313,90.551530505556
2000-04-01,79.388465072462,75.588043935464,90.137181852666,103.741596809941,54.948189170829,84.448070920521,90.675264986087,73.376044210723,67.61679235039,76.181537888254,68.506972022365,60.317133268575,79.77067062111,84.645239585241,79.437899884681,101.444208691689,90.802340722085
2000-03-01,78.703252000431,76.037476886839,90.185611255785,101.161028940372,55.209497413834,84.132901740099,90.863110596599,72.633647143792,65.24553617019,74.548021040199,68.164296635076,60.154125129157,79.073693194792,84.651625466433,79.75705047362,100.384478135227,91.111845856326
2000-02-01,78.769860299358,74.486956431052,90.160835397152,99.822978148285,54.600692005325,86.246184231161,90.541396468188,73.069395483635,67.289011408998,76.215616254572,67.948377205316,59.965889875081,78.974266318584,85.27334166372,79.820766789586,100.035471123517,91.551638579146
2000-01-01,79.349247774329,88.433360850734,89.596925220667,101.146238288594,53.813163706054,85.453586621683,90.094455623077,73.474040014154,68.66381889097,76.934776475198,68.354180849206,59.692811192839,78.32451048888,86.02526038529,79.144344749463,98.418774748623,91.919509045229
1999-12-01,77.276758365249,77.884704326075,87.549049580312,97.121472307015,55.670577518747,84.608056123199,88.006039868429,71.452825771405,65.6238970583,73.764298424026,66.826458932735,59.204332499881,77.161053680475,84.68544803904,79.04142256798,95.899516738739,85.749471357853
1999-11-01,76.799379971973,76.491442650818,87.507043668917,100.080528509945,56.211097907074,83.450035021299,86.241553658944,71.059072523759,65.221155759343,72.518166418685,66.172271762388,59.450950724865,76.752045950439,84.711032714368,78.266784709339,97.843009859437,86.418337233675
1999-10-01,76.552013102607,75.411650714493,86.61637128856,97.491447166314,55.428393903254,81.637781474265,86.10672001748,71.244889228352,65.74029463193,72.953043007657,65.720159237021,59.088382083135,76.249216131033,84.413820364125,77.653707289589,99.056485291637,86.659121494968
1999-09-01,76.532163382753,78.66959287174,86.742373579332,98.070960152871,55.389400905772,82.646244605233,87.453757355516,70.796677956699,64.354681494147,71.711601504053,65.509649451754,58.850586616477,76.331434895859,84.304480167205,78.642797434625,98.247480442392,86.727603930169
1999-08-01,76.01253215271,75.533744982995,86.179354714464,96.076420248571,54.734879340879,81.217794880327,87.031811442008,70.406037628136,63.734982395719,70.646456038109,65.237952544807,58.613321819032,76.027996264569,84.227542816789,78.573944477137,97.976657486004,86.798827977442
1999-07-01,76.266860341832,81.756856759734,86.631432456604,97.423388072876,55.132868393104,82.063782705458,87.256913044634,70.231240344515,63.693781449158,70.516409581105,64.985010293357,58.469613648377,75.815015835053,83.979894574404,78.587009104034,98.746446680741,86.860557865964
1999-06-01,75.260250392055,67.875932469226,86.184664316898,95.484765717164,54.424596842926,83.370248205959,86.244855667761,69.941336285185,63.505666916232,70.613111325448,64.197039051794,58.101952434082,74.501959868817,84.043960597756,78.061707858986,97.388999949712,86.890782064841
1999-05-01,75.933657710242,79.328325875268,86.730432377013,98.559097820156,54.228131709503,82.454769512759,86.744921401465,69.808252916553,63.634476026968,70.25093676719,64.303991717171,57.875554881527,74.229554954695,84.312603196931,77.299964742233,95.417752248493,86.899055391769
1999-04-01,75.154672420389,75.041477518542,86.855039997547,98.427271007555,54.037493692405,82.096383259835,87.467895834002,68.878466602297,61.144079443737,68.85552200923,63.763003373379,57.704718113346,74.053552105577,84.101843616472,77.001861866429,95.326912676542,86.898454196926
1999-03-01,75.812031804357,81.171424984455,86.878480861961,101.250513364752,53.311326858973,83.870729819876,84.273921549839,69.214667715682,62.598139328652,69.335099044701,63.568970042327,57.44500479527,73.822738883093,84.14343335556,76.843876173904,98.03370798266,86.912230073963
1999-02-01,75.221007360952,81.966508748583,86.644059198106,100.773091301077,52.526393189118,83.36315939578,84.8702572706,68.788957270373,61.703521685649,68.429592962414,63.083384009273,57.216419819838,73.736977003637,83.497893578065,76.615737656724,98.63236305961,87.079563703143
1999-01-01,75.394068931698,88.277547617046,86.954666568006,102.751311018813,51.833664457903,85.029805042783,84.237547072072,68.43974513045,61.186159972494,67.422934628472,62.65337759062,57.034197573464,73.817772090411,83.756663964343,76.70764982133,98.294458132237,87.427180130518
1998-12-01,74.617517193712,77.797136609098,86.576077113494,104.595069487248,49.567904739768,81.55582890732,84.50656861728,67.881288652972,60.52848218221,67.34981270834,62.259993380687,56.813500713575,72.600629887854,83.094879256402,76.575278818994,99.014005589828,83.798740694934
1998-11-01,74.280148683946,77.25954534947,85.823982077172,105.514340875707,48.504570593197,77.510789232298,84.466986245098,67.778953138392,61.109794790448,66.989052789971,62.202061949338,56.706018711753,72.338968138126,83.271509712596,76.114592137593,98.907595951983,84.349891107558
1998-10-01,73.852018706267,77.047492809568,85.208373259879,96.265248337977,48.236426127769,82.299494125914,84.432541649299,67.665385245614,60.565785924859,66.911012193073,61.042292213563,56.537254098375,72.541555773401,83.242889607875,76.32431855355,98.248251297761,84.55317266192
1998-09-01,74.122450169683,79.987339143211,85.311858512757,98.978072474588,47.916559296178,83.744809785885,83.663825235459,67.71150297562,60.518254889488,66.948265796771,61.545883322409,56.593853907069,72.492721076166,83.130265348028,76.318244484048,98.555291317165,84.459632144483
1998-08-01,74.480639712584,81.256976416613,85.61022534562,102.070253028998,47.9644520238,80.310577029974,84.520135795177,67.949014848176,61.513073081636,67.697425252856,61.605293061878,56.523552210382,72.472429619109,83.066986232913,75.9944066564,98.724551733602,84.396939782672
1998-07-01,74.365461142958,82.625979817812,85.462059237662,103.038444923334,48.405861321543,80.372595022912,83.968991569296,67.797977845133,61.379998893022,67.60184816814,61.448999028487,56.273438820605,72.192537530536,83.255302228871,76.402102880892,98.253736387628,84.349473174821
1998-06-01,73.530688947083,76.497962628701,85.006358660138,103.102821139385,47.611368061814,78.725992632937,83.564902010024,67.407872958592,59.532404299295,65.691637310788,61.13784378408,56.264171446464,73.025754155926,82.763398179392,76.437528781134,97.662177779249,84.292728339947
1998-05-01,74.164495019016,71.834981389466,86.149753884415,104.886454952682,47.373701558334,78.978058498625,84.630515202347,67.764201106658,61.62006535572,67.57179808875,61.086615475497,56.103485267108,73.14657680815,81.494374992111,76.540461620772,98.402560668977,84.233982047255
1998-04-01,74.260101477692,78.350600844885,85.432264905265,105.427153830753,47.033041019081,79.069259990298,83.715112577433,67.720706734165,61.646956381462,68.267523410708,60.852340405853,55.890155127536,73.290650253242,82.561255114831,76.316216835915,96.958182958072,84.160679405526
1998-03-01,74.36251133535,81.584121503271,86.400604258942,104.569798999602,47.029241406226,78.382514892531,84.291784582528,67.500302333592,60.993194862881,67.792187839555,61.340201732274,55.744699178509,72.334550495725,82.768486066562,76.810479350697,96.922881642114,84.108303343358
1998-02-01,73.615435794594,80.565813293482,85.274610955299,105.191942558919,47.313869109308,77.825135439869,83.19403038068,67.034554789432,60.506053017741,66.898894012734,60.673768069667,55.577997929504,72.398744047171,82.163213823276,75.565567224706,96.269122357466,84.257266429765
1998-01-01,72.698804837133,66.783824296243,83.69035335952,103.068759194685,47.517433297143,75.392925350513,82.434996405298,66.928262539066,60.188736074075,67.048627136349,60.374282542135,55.382250817629,74.807730904325,81.591975431327,75.258940091035,97.459385174951,84.613453138494
1997-12-01,72.381285549704,73.197396111346,83.275734479328,102.824962595315,47.648749195895,76.147442173637,80.86892080422,66.514261269651,60.222265861393,65.621862489879,59.538595216654,55.151893261805,70.957520784504,83.111411646971,74.063819973922,96.872665345342,84.989791173173
1997-11-01,72.568431547352,80.299028541101,83.099395189778,104.304086589747,47.540917264107,75.332248438331,81.162282890121,66.525044951078,60.866881083281,65.462243252065,60.291828072929,55.074918864054,70.734157765552,81.788989601067,74.949237296778,96.467314131254,85.587214935671
1997-10-01,72.317724784513,85.131047426733,82.920981435455,104.067418266019,48.147425466862,75.827947375195,80.096270009445,65.93548930768,58.6671642917,63.714655021544,59.123160395321,54.995826864475,70.9329006128,81.708864493059,74.164841083773,96.57231430484,85.822969213501
1997-09-01,71.393090618238,74.415107053006,82.27872851285,104.007712321537,47.987835475316,76.66306160027,78.941731828679,65.165057138356,57.514102158093,62.741373600414,57.486729599577,54.812455312251,69.278006865796,81.07328691976,74.307061919231,96.520991484712,85.76017262584
1997-08-01,71.100208457642,75.157579864957,82.030466965957,102.316861987222,47.960830911683,77.024187808228,78.445310875219,64.843240638094,57.341633278154,62.103914010337,57.484016457026,54.73596926603,68.690443523702,81.140968772532,73.290879245117,95.776060999456,85.718172187514
1997-07-01,70.352112611879,70.152823749156,80.981837348165,100.966180085509,47.561718946896,75.462584270441,78.37784063979,64.539301196406,56.401084123826,61.575475928935,56.92882214919,54.602956604152,68.654402398884,80.797635077735,75.365841372946,94.978157159772,85.694044109942
1997-06-01,70.593232134836,72.087245164829,81.057856559253,101.177900898675,47.357553508501,75.563729981548,78.168988574569,64.862827200645,56.666694461423,61.358599907221,57.278614276078,54.468427470903,69.176793665342,80.484452101619,74.522081157596,94.898622127662,85.670714075266
1997-05-01,69.746070992604,77.039017307837,80.089587751478,99.808878704061,47.453573090156,75.696531620033,76.625004462101,63.871803973686,54.523125832975,59.598645819565,56.721253905548,54.380634530038,68.5906425684,79.840500839711,74.607903996569,94.123968109328,85.634454252733
1997-04-01,69.291891319751,74.58112691419,79.275110693948,98.260546947147,47.2460633603,73.72761404467,76.688186336827,63.582825583301,54.170843318421,59.676907053612,56.269348760734,54.01648201336,68.519403190087,80.240303853877,74.788796858904,93.125246779089,85.601148123768
1997-03-01,68.430015803315,73.00370388922,78.114977563544,98.812024188875,48.129151647753,68.007947417795,74.893762841929,63.001807732764,53.961258695416,58.952719640275,55.003219380904,54.303602327042,67.582623138461,78.903401800906,73.550593719618,92.34211786529,85.568537977193
1997-02-01,68.153317363117,71.59913773773,77.712003194856,98.975115902292,47.253628406602,69.967447720984,74.291277201703,62.809649097207,53.298566358749,58.404342468809,55.164736770914,53.981645987641,67.384876140632,78.741696437734,74.455527248382,92.64624455009,85.78843473309
1997-01-01,68.075903389056,73.510798736414,77.178193009194,97.706736283328,47.406760991633,71.632577841364,72.828066735141,62.553971790151,52.59970301148,58.599993710396,54.577308399199,53.806890310256,70.713836249244,78.068539504236,75.150799094472,91.628806031892,86.120866701754
1996-12-01,68.243143215364,74.333886751356,79.053011978345,97.792112250154,46.371272418378,77.785390448734,73.652981288812,62.109366246996,51.545668603449,59.046185130876,54.462701158695,53.564738409741,67.54623023247,79.055386701942,70.060370807793,91.158068026655,82.463646250926
1996-11-01,67.489900706255,86.404375628405,76.779158859162,96.820013560888,47.250997798349,72.50654238791,73.469741013773,61.658369736004,51.204232700353,58.841179658819,53.753352513774,54.001044773872,67.629602624624,77.895464435959,70.145238291422,89.640162855826,83.191429529333
1996-10-01,66.892874110643,74.452227043297,76.167580717143,96.301301572071,45.650033480981,72.811355478401,72.115846864999,61.373296813312,50.415510124929,58.180368149852,52.799861724197,53.925141193542,66.822272798187,77.48845200132,70.413834342835,88.438592346121,83.484278958977
1996-09-01,66.545467452005,73.950724920589,75.020302409745,95.540114084502,45.559157334163,71.683522623615,70.747064138498,61.200382744953,50.136247802871,57.903986164202,52.253933052163,53.702328222507,66.975456941985,77.119742266088,70.173029275471,86.714244262323,83.485793597434
1996-08-01,65.906586425915,72.921000995907,74.560978238627,93.331131045554,45.741344294611,71.66539515012,70.538303104005,60.826213622915,49.358360090556,57.212261815661,51.764421980247,53.580014755484,69.041569124963,76.912444809219,70.723843721591,86.334174379252,83.50298590047
1996-07-01,65.984975059883,79.585507227299,75.014871286583,95.1505910082,45.383495151265,73.214560718946,70.41647505157,60.405749702853,48.908571986988,57.085219772365,51.373334366858,53.570650557439,65.398345399571,76.395736982051,70.808692348952,86.499526656565,83.529415465505
1996-06-01,65.777272108922,74.332604371504,74.801129696368,95.24651751869,45.190536367706,69.823168919286,71.067054194185,60.450814730938,48.845940695556,56.330549022111,50.829900827959,53.285131787318,64.300018302941,75.941010230344,71.199235162799,87.854567808954,83.556170806054
1996-05-01,64.939134922605,71.444087556088,73.702479636198,94.651961032881,44.821835488566,67.539350537818,70.007245877292,59.952757347865,48.839731146075,57.001955365653,50.629408958973,53.086516387072,61.572901744767,76.193241527576,72.190661244972,85.698141528593,83.582269801228
1996-04-01,64.681087708017,70.732892574578,73.257305287875,94.722015414625,44.47997379029,66.036910991015,69.450507543065,59.92516046211,48.306905492116,56.389923182414,50.207984717193,53.174891745823,62.762691228929,75.599705296176,72.061240632713,85.837187433893,83.604819774561
1996-03-01,64.38794272608,73.907539426079,72.720841704432,93.530085031754,44.476718742686,63.338574729351,69.223173349003,59.520935807731,48.007661459192,56.166345993082,50.07651163105,53.182356936124,62.79469451428,75.422246087176,72.131313169057,86.04256726815,83.643447593722
1996-02-01,64.144721682259,72.72917009824,72.408831387316,93.738813970868,44.509083969115,63.417721859586,68.74764866255,59.289295395573,47.887510763857,56.261109376827,49.797574508111,53.119158125159,61.144473035327,75.477438374063,73.109080044267,83.955960209852,83.839383922382
1996-01-01,64.740961909769,73.92036466931,72.584991750006,92.392737341872,43.935515730289,65.206458476769,68.519248609964,59.83583327781,48.140155610216,57.815040744729,50.235270639016,53.062531866843,65.027651087209,75.022088649323,73.459802744095,86.547340206475,84.180962478968
1995-12-01,64.419881035212,83.023292182289,71.944428862627,91.709203127109,44.075536336158,66.419903970743,67.776409020427,59.18453415714,47.315410332396,55.142624429768,49.652159896256,52.912754603756,62.298766009836,74.240464575828,73.390027279532,90.020255131438,83.486619946037
1995-11-01,61.957701379914,72.986033857251,67.344966635194,86.023410139838,43.931157696039,60.293927686812,65.558160029147,58.469200401124,45.847258146868,53.963701327848,48.497246650783,52.773659850322,62.048716975396,74.058159727763,73.465692308355,89.819794198927,84.392876987108
1995-10-01,60.027489925278,72.065519511291,62.02513023908,65.933007048377,43.4217280288,57.301164748014,64.918928163597,58.346303196731,45.118234983484,52.823271123946,48.46937746434,52.598734623853,59.981226249575,74.077358213449,73.506662684893,89.677707206423,84.585677202531
1995-09-01,61.803776853637,74.892412345117,66.402419615866,89.956098929576,43.353760762424,55.710785165026,64.379869234952,58.478697330852,45.339139607912,53.761090788168,48.360656306397,52.531298203855,60.928995276559,74.598821253417,73.158000956772,88.773162681477,84.620459643136
1995-08-01,61.375293849215,83.760137697283,65.661851518178,88.793567767311,42.989941044816,54.152706310796,63.600996133955,57.907696172972,44.760449674639,53.277879757285,48.342391613845,52.432583504715,61.158735456771,73.571271941001,72.164584967054,88.099188927801,84.650518110277
1995-07-01,60.933929475891,70.663779405262,65.412596399221,88.109945403075,42.838558161885,54.364247837084,63.071506193063,57.939138756854,44.090995408053,52.284513873628,47.922504376277,52.355397017365,58.390552562492,76.321408105275,71.970356429565,87.719232457266,84.675548946703
1995-06-01,60.444040626283,70.71562057331,64.973239536264,87.638852257224,42.987130038094,53.883591341801,62.28243840575,57.633854725944,43.484172485199,51.754533997638,47.350060080751,52.514146548388,57.822503123283,73.65965772243,71.886802499107,87.517202305646,84.685493533962
1995-05-01,59.658390867632,60.794045374549,65.075197222387,86.747937763061,42.920436137942,53.334970264662,62.428200580352,56.760870365594,42.843065398783,51.470110257014,47.234677221118,52.409532711953,55.313610590055,73.110998790361,71.454915922267,86.645023021105,84.661881875265
1995-04-01,60.849017468546,76.165861895667,65.806272145524,86.639648698854,43.01162813309,57.00578158598,62.256002671746,57.612783993977,42.731546643777,50.779942692661,47.621709789876,52.345903046956,60.199338565851,72.599536545171,70.975285259978,86.200859805075,84.648768628839
1995-03-01,61.447378223541,69.117884237998,66.78596065446,86.457637552566,42.52482606737,55.831109015324,64.415789313827,58.305454136389,45.473881728415,55.149444028476,49.243198317226,52.257842824268,59.307947370389,73.573345473993,71.40519327448,91.31412847669,84.613185053577
1995-02-01,62.034924918233,60.281770313851,67.794091796252,85.982298335299,42.917991802251,56.607238096835,65.950552800884,59.040738557745,45.560416358399,54.96791042929,50.62762865903,52.062465184408,64.862780176621,73.154563076047,70.860428633852,91.224940394632,84.646433935263
1995-01-01,66.019235858021,73.504066016379,73.655103709185,87.339008664395,42.665883793519,69.017509241303,70.86959989828,61.242478717454,47.876112285317,58.740138945684,52.397844195854,52.091557825084,80.893647783945,73.185126327969,70.528490799256,92.166242472095,84.999862440351
1994-12-01,66.188190563928,71.493796401587,74.306983353106,87.426082309295,43.226507142365,81.510319827122,68.037859202299,61.48993733758,51.613639953675,59.190168871993,52.537528090561,52.766461275101,65.324790313068,72.654461581457,79.920931232625,101.485593301499,84.335170187896
1994-11-01,66.657268730398,70.695966865623,74.76121815783,87.592652204014,42.912720560858,82.414917505561,69.40042575887,61.999222335258,52.317368371807,60.216097085226,53.043019855556,51.622105194243,71.070035656441,72.81520042902,80.230876727944,102.012611756208,85.320460559078
1994-10-01,66.910933070356,78.763420103305,75.294976099405,87.861405947109,42.818401903454,85.809984442391,68.784386864868,61.629415672447,51.283307838639,58.808571443401,53.29392805337,51.398809475333,65.951146572709,72.728303337959,78.133538652645,101.045383273069,85.364027830432
1994-09-01,66.585513322912,69.334256395614,75.589866308279,87.335410402079,42.51276178125,86.166752693702,69.467965108941,61.162081414885,49.676349282794,57.795429539418,52.980117720387,51.27626469248,64.90797581769,71.64611969239,78.366044853558,106.385845402763,85.35343249838
1994-08-01,66.216606325061,71.703889025459,75.852550917368,87.391756851377,42.363780712517,87.564580092515,68.901493747732,60.348819759132,49.666074547897,57.801238982351,53.022124729434,51.093724244409,63.844953507858,69.96597455856,78.550874154479,104.697028305564,85.363896520074
1994-07-01,65.870150942283,66.064875366294,75.194110505051,87.415551053913,42.459036952855,87.177902656033,68.07283446929,60.775773110998,49.467410496089,57.315916864396,52.654130172841,50.923507106746,65.857505161847,71.703582109717,77.194690831075,103.877938532487,85.387035252297
1994-06-01,66.069352272048,76.046804355019,75.265158206471,87.142585796809,41.98624986673,87.991773930774,67.907383180118,60.880759622064,49.105001911568,57.484096503279,52.803230285038,50.790660366061,63.566134508071,71.724408817501,77.006941457401,103.276351046423,85.414760214425
1994-05-01,65.87163472673,72.4111229078,75.061534984823,87.596044250149,41.71708662412,87.770859899381,66.891178652475,60.705701030794,48.755161910362,56.913259714522,52.261708323235,50.542752368262,68.293447792273,71.778094384099,75.934280093267,102.459860218776,85.442920526175
1994-04-01,65.901310890704,71.999514200655,77.36756007139,87.458454209442,41.860334081587,88.843439254475,70.335244881632,60.153830859594,47.891949739664,56.71200903306,51.941684277031,50.26000039351,66.027965786967,71.579348509396,76.022642191006,101.641475041269,85.469965992229
1994-03-01,65.019456474229,72.040471695653,74.338847391715,87.373804828463,41.596606178701,86.064838487788,65.034746393785,59.580755884481,47.464171613338,55.709544907646,51.036700778138,49.939823785071,66.193645745762,70.841340075671,75.124449367531,99.567559304177,85.494460097419
1994-02-01,64.419789160435,69.829724406519,73.693917016658,87.440040509445,40.774926550701,83.800845614569,63.584813054027,59.191602861573,47.086010325326,55.569633253023,51.056443313005,49.709616236373,66.514393982083,71.097500841394,74.612349351097,99.054104968264,85.511826398159
1994-01-01,64.371380192263,65.057339716762,73.660820044383,87.967382197204,40.818190785085,81.700519180298,64.885841605046,58.969124416431,47.519620918085,56.861465591873,51.411475788773,49.38974245274,63.003177387154,71.076768851995,74.479766047386,99.224509483705,86.107779886578
1993-12-01,63.947170143687,73.921152437332,72.993586239184,89.751245337502,40.543339367382,80.160331958384,65.518921395644,58.34786868883,45.477147839902,53.856163817965,49.752808030279,49.497618843617,69.176078372542,71.21413411404,74.984214151456,94.024164968704,83.06743510854
1993-11-01,62.709427975934,68.710904027116,71.67347142116,89.486917158473,40.248526552527,78.004935708062,64.820852431359,57.374227007963,44.976684699805,53.053272893507,49.391063591747,48.938122368378,65.136425857724,70.9057749924,73.408199872973,94.285223561874,84.214369193255
1993-10-01,62.909628873976,72.586665658882,71.162913920815,88.580996837407,40.210019384736,75.203746038486,65.363123129686,57.825531420971,46.023538404581,54.099662354733,49.401030994089,48.906863971551,60.7611513631,70.530160337039,73.323678710617,93.450803703792,84.260691979848
1993-09-01,62.848113078472,71.61749175894,70.696958736258,87.67362561461,40.37255718558,75.202892443415,65.149926765937,57.79056251388,45.379085242578,54.336059346115,49.405208974349,48.76412754742,58.490062632468,71.063251295906,73.406483778216,95.616710246591,84.315615347268
1993-08-01,63.093017997634,71.515816475659,70.447732046453,86.408130563678,39.983672338214,74.222422646734,65.101754372463,58.2495676909,45.647293142691,53.972701473147,48.970177764995,48.639786331795,73.306597766669,69.689428377938,73.272021719745,94.212732283938,84.373266714476
1993-07-01,63.307496729135,80.664803618988,70.473417558437,86.399974295209,40.033877921988,74.152646531989,65.313945396278,58.565593486509,46.073623641544,54.985245500792,49.22353283985,48.688196885822,74.433146928188,67.274914762605,74.478436535051,94.186268392744,84.427488322452
1993-06-01,62.259566997756,66.677926682897,70.616970888165,87.036862682818,40.009954742865,73.854426947306,65.016431836104,57.944090661751,45.665086375904,54.760250916868,48.853011081788,48.571242749921,59.847911999159,70.785656347165,73.680750033109,94.119889739446,84.47093151916
1993-05-01,63.032272848664,69.343149688433,71.898702032041,86.328403517424,40.218012545965,75.050560622028,66.609867486114,58.022214126497,45.865851975662,54.793370610808,49.089965908251,48.41458739318,63.715654696356,70.572784088326,75.100525069872,93.211861883306,84.496245531012
1993-04-01,62.457420410873,69.448729908682,70.93683584639,86.446713334917,40.130907655714,72.144068554047,66.088542554712,57.925992147455,45.780044609629,54.957408362997,48.829565923492,48.121701224467,62.212419274887,70.421918099588,75.404219918459,92.136737517171,84.496279067378
1993-03-01,62.330736718345,69.721795358295,71.125848592589,85.600155687226,39.894982537493,73.100609346896,65.45826552145,57.508828290848,45.519386202881,55.359716008202,49.246107100799,47.5860238635,61.030246577553,70.334818011969,75.631683830416,92.277685536884,84.461264071033
1993-02-01,62.586387197922,69.741577858174,71.027496265202,84.888534582407,40.060332675176,72.990255042283,64.695830253239,57.735942384296,45.906253312056,55.478514440443,49.131582956754,47.53977298112,66.968668233651,69.466699335774,75.310663045263,91.178655017126,84.386881084389
1993-01-01,61.674865365319,71.122670100348,69.522468785916,83.944136676685,39.947500591257,71.130030140174,63.483801998573,56.574426598957,45.813972851371,55.957985346081,48.770334568989,47.26863536221,57.69846287681,68.395308480601,74.782002623779,91.176701477816,84.992537027698
