"inpcgeneral.date.sq.","inpcgeneral.values.sq.","inpcsub_total.values.sq.","inpcmerc.values.sq.","inpcserv.values.sq.","inpcnosub.values.sq.","inpcagro.values.sq.","inpcenerg.values.sq."
2022-07-01,122.948,121.4473270209,127.1298632573,115.3119332876,127.5870911977,139.8562538231,118.7769740661
2022-06-01,122.044,120.696375742,126.2179439423,114.7347780459,126.2111436247,137.5968511082,118.0354090928
2022-05-01,121.022,119.7740259149,124.9660934597,114.1681877201,124.8791473124,135.2194485617,117.4540875945
2022-04-01,120.809,119.0742421729,123.9638045863,113.7950166049,126.1721801965,134.1780327062,120.4234179948
2022-03-01,120.159,118.1558694559,122.7028388184,113.2465391548,126.3506096956,132.7893098877,121.7271724979
2022-02-01,118.981,117.3165851325,121.5769814313,112.7166657187,124.1240946279,131.1707200104,119.0641246123
2022-01-01,118.002,116.4327212899,120.4154640182,112.1325824504,122.8511488035,130.498596583,117.3597462725
2021-12-01,117.308,115.7207053553,119.2364344229,111.9247978253,122.212430937,130.3184536687,116.3917395079
2021-11-01,116.884,114.7990637102,118.1569167704,111.1736137763,123.3273754209,130.4172141592,118.2363751925
2021-10-01,115.561,114.3779644277,117.7881055314,110.6960594671,119.2169106442,124.8244457933,115.1903080968
2021-09-01,114.601,113.8153930916,117.0902617837,110.2795407863,117.0304510176,124.6006985911,111.5944836355
2021-08-01,113.899,113.2966539131,116.3032075696,110.0504994328,115.7589572093,122.9053954802,110.6273145567
2021-07-01,113.682,112.8150767927,115.4941159398,109.9225373859,116.3633905867,120.5163483095,113.3812763954
2021-06-01,113.018,112.2811333585,114.8335563302,109.5253005306,115.2945339442,119.6325871188,112.179508269
2021-05-01,112.419,111.6442229006,114.0914770803,109.0019400655,114.8140208018,119.5766702617,111.3941052885
2021-04-01,112.19,111.0609307746,113.3890684551,108.5472571715,115.6799126175,117.3337714063,114.4923263011
2021-03-01,111.824,110.653978256,112.887454931,108.2425094637,115.442104551,114.3521769478,116.2247488229
2021-02-01,110.907,110.0609027981,112.2158908525,107.734177608,113.5238844608,112.9143143136,113.9615984728
2021-01-01,110.21,109.6288967958,111.6368214827,107.4609548719,112.0061653233,113.1606108814,111.1771926462
2020-12-01,109.271,109.2367108017,111.0250530065,107.3058505133,109.3765880751,112.5544164366,107.0946849866
2020-11-01,108.856,108.6418313236,110.176590648,106.9847626576,109.515970609,114.0375545595,106.2691569967
2020-10-01,108.774,108.7334478102,110.5150064612,106.8099116762,108.9008480818,114.4920271591,104.8859903381
2020-09-01,108.114,108.4737242942,110.1923293034,106.6181587572,107.0037321211,112.854011543,102.8028222031
2020-08-01,107.867,108.1324538714,109.73238854,106.4050158523,107.045863133,112.8107892935,102.9062428281
2020-07-01,107.444,107.7909717339,109.2237832744,106.2439753611,106.3710245466,111.8254427547,102.4543706749
2020-06-01,106.743,107.36589627,108.5327339713,106.106069949,104.816118302,111.8623259754,99.7564482306
2020-05-01,106.162,106.9723900602,107.8813863882,105.9909532259,103.6592519374,114.2445998953,96.058231539
2020-04-01,105.755,106.6539270353,107.3826180333,105.8671645764,102.9761439739,112.7305629644,95.9717887069
2020-03-01,106.838,106.272453486,106.7060405548,105.8043126287,108.5864782177,113.630131852,104.9647820477
2020-02-01,106.889,105.9614303519,106.3302679851,105.5631989972,109.7541577043,112.172526818,108.0175994884
2020-01-01,106.447,105.5770987249,105.9120250459,105.2154811715,109.1354567423,110.250184389,108.3350043043
2019-12-01,105.934,105.2337944143,105.2163448694,105.2526345631,108.0965882528,108.2689635822,107.9728107066
2019-11-01,105.346,104.8036582209,104.9401762348,104.6562606976,107.0232764361,106.3787289647,107.4861066139
2019-10-01,104.503,104.5720279923,104.8149358752,104.3097620884,104.2911341161,104.4521795832,104.1754922038
2019-09-01,103.942,104.3153131489,104.5469023847,104.0652679073,102.7888058711,104.3387620243,101.6758289163
2019-08-01,103.67,104.0053856573,104.1462713723,103.8532723583,102.631561179,104.3644132348,101.3872521704
2019-07-01,103.687,103.794405179,103.8308325223,103.755074837,103.3560299485,105.9496123281,101.4936563496
2019-06-01,103.299,103.5255617309,103.6749459252,103.3642726847,102.5989105629,103.8728486405,101.6841338968
2019-05-01,103.233,103.2122482569,103.4359887502,102.9706772465,103.2973144255,104.0595087934,102.7500055452
2019-04-01,103.531,103.0432843305,103.1401340089,102.9387164255,105.0393467676,103.8835356745,105.8692999944
2019-03-01,103.476,102.5761403006,102.7668886683,102.3701906523,106.2575399647,103.3388825023,108.3533402157
2019-02-01,103.079,102.2241726646,102.4166959094,102.0163066941,105.7220888535,104.0365009274,106.9324589104
2019-01-01,103.108,101.7847955923,101.9139077002,101.6453941728,107.1992050084,108.6860260823,106.1315634574
2018-12-01,103.02,101.5824749997,101.6028907042,101.5604323094,107.4642850625,108.3048821729,106.860677528
2018-11-01,102.303,101.1104428605,101.2605878813,100.9483323554,105.9876826839,104.1098414297,107.3361040807
2018-10-01,101.44,100.8566056954,100.9940405722,100.7082182418,103.2450804694,100.6105764069,105.1368386995
2018-09-01,100.917,100.5447730689,100.7532280422,100.3197057251,102.0683000893,101.3218172692,102.604326979
2018-08-01,100.492,100.2203435343,100.3712149931,100.0574486992,101.3318079942,101.5382144923,101.183593688
2018-07-01,99.9090991045135,99.9742919461305,99.9851658707979,99.9647675409902,99.7217798557264,99.6451814256649,99.7668509004297
2018-06-01,99.3764649317868,99.6883270090272,99.7612451698385,99.624458430408,98.4748782815816,97.7789699514998,98.884355543348
2018-05-01,98.9940801730873,99.458111616161,99.6329166194773,99.3050009650257,97.6530779222272,98.0956960320488,97.3926383733033
2018-04-01,99.1548470460965,99.2032063195567,99.4239207867928,99.0098838449312,99.0170760622452,99.156872721218,98.9348187438666
2018-03-01,99.4921569805878,99.0573571582772,99.0950272457112,99.0243621552865,100.750003968351,99.6496419666058,101.397464560389
2018-02-01,99.1713744816395,98.7316880189811,98.8443024368683,98.6330497276198,100.445721400826,99.2732909212028,101.135587582363
2018-01-01,98.7949996995012,98.2520140099906,98.3164887855405,98.1955409418025,100.366479451255,101.191029814237,99.8813083299617
2017-12-01,98.2728829857563,97.9740119844851,97.7708681005814,98.1519444908745,99.1381645795862,101.161396368195,97.9476810391183
2017-11-01,97.6951739888215,97.5652420423482,97.4559704492717,97.6609523736874,98.0707113119127,99.3601764731048,97.3119811164975
2017-10-01,96.6982691267504,97.2304840979295,97.1299327639723,97.3185564068117,95.1575618803958,98.2197549031814,93.3557463830855
2017-09-01,96.0935152352906,96.9856215181797,96.9210272288871,97.0421992678883,93.5116034672961,100.102780535694,89.6333094149267
2017-08-01,95.7937676543061,96.7126765716285,96.6026169195838,96.8090771590847,93.1340405798595,100.165263073353,88.9968207638737
2017-07-01,95.3227357413306,96.467769878232,96.1480673878486,96.7477953670914,92.0099975520314,98.1429517838105,88.4013249775125
2017-06-01,94.9636396418054,96.2100523332531,96.0353985200534,96.3630305580127,91.356662143074,95.7609496672422,88.7651489834923
2017-05-01,94.7254943205721,95.9181044932571,95.7325803826719,96.0806039461867,91.2748467954439,95.3573001411798,88.8727030864148
2017-04-01,94.8389326281628,95.6548288218573,95.2758111197482,95.9868081481206,92.477661501813,94.2209750468394,91.451883786679
2017-03-01,94.7224893322916,95.2265193309664,94.703344444839,95.6847650677142,93.2636473561271,92.4887773005824,93.7195862418125
2017-02-01,94.1447803353567,94.6842553616011,93.9736770421784,95.3066466388079,92.5841861094129,90.5017857297322,93.8094848571493
2017-01-01,93.6038824448585,93.9661369686657,92.9465884671895,94.8591533704205,92.5551697458663,91.3595710095684,93.2586682894501
2016-12-01,92.0390347977643,93.4253392806337,92.0921856189804,94.5930405563863,88.0280313324208,92.1731926096099,85.588989843934
2016-11-01,91.6168339443476,93.010425318165,91.7744562861082,94.0930031612495,87.5842430339403,91.2908095470357,85.4032737300826
2016-10-01,90.9061542159986,92.8021489245561,91.6594283025382,93.8030510459926,85.418343192587,90.6300851912186,82.3517182504445
2016-09-01,90.357743854799,92.5434009061401,91.2900226223943,93.6412274081199,84.0331611876457,90.6713356667678,80.1272135345829
2016-08-01,89.8093334935994,92.1047162470205,90.6977770685912,93.3370458132151,83.1670543952935,87.9484343688304,80.3536574373245
2016-07-01,89.5569144780335,91.9305234128225,90.3470071722867,93.317515765974,82.6894574561408,87.6411718519037,79.7758345492112
2016-06-01,89.3240278862912,91.7738478661214,90.3157372121637,93.0509982200969,82.2350565215121,88.3222609929072,78.6533034215508
2016-05-01,89.2256145201034,91.5410004785006,90.0710269368386,92.8285414644931,82.524336492071,89.5932933217401,78.3649135324457
2016-04-01,89.6252779614159,91.345751738305,89.8411497284057,92.663623591307,84.6478635199932,90.284810239227,81.3310451872204
2016-03-01,89.9100006009976,91.1447498542818,89.4694977324912,92.6120931141464,86.3361217657378,91.5565001923373,83.26441508977
2016-02-01,89.7777811166536,90.8194302850184,89.1644027157548,92.2690589809199,86.763346322749,92.4817954177299,83.3985714299261
2016-01-01,89.3863813931126,90.494986695569,88.7343236246726,92.0371408921364,86.1786510539167,90.8734009719266,83.4162278181773
2015-12-01,89.0468177174109,90.3206867064414,88.5066636031032,91.9095786345786,85.3594193512477,88.4975287405112,83.5129341401788
2015-11-01,88.6854678766753,90.0451813480627,88.3190670634878,91.5570744704179,84.7522617461168,86.4833696512787,83.7336659137703
2015-10-01,88.2039185047178,90.0135254606832,88.1561280919972,91.6404086471394,82.9680802308015,86.1099907723558,81.1193583955246
2015-09-01,87.7524190155658,89.7877617837903,87.848644213172,91.4862232035709,81.8616775479903,86.0720052838172,79.3842916657293
2015-08-01,87.4248752929864,89.4559964866826,87.4141116583952,91.2444711295426,81.5462148440529,85.3123310655641,79.330206080947
2015-07-01,87.2408197608029,89.2767387839773,87.1174711699255,91.1680283030327,81.3503185171067,85.1158900774871,79.134630236393
2015-06-01,87.1131077588797,89.12294352238,87.1656645820351,90.8373123768385,81.2956192081171,85.0355396109874,79.0950242454019
2015-05-01,86.9673658272733,88.9371066634065,86.9843493221487,90.6475150762988,81.2665378699281,85.2430349802794,78.9267395406699
2015-04-01,87.4038403750225,88.8342602707277,86.9150308703939,90.5153017616761,83.2660022937289,86.4269962401503,81.4060516513947
2015-03-01,87.6307169902037,88.6961606549979,86.6740066425203,90.4673531948876,84.5466979892768,86.2015987536108,83.5729429641598
2015-02-01,87.2753771260292,88.4641764320644,86.5484125447933,90.1421825010728,83.8343251868213,85.570825321153,82.8125565296239
2015-01-01,87.1101027705992,88.1644282257166,86.2659602270744,89.8272849298843,84.0584885107481,86.3264149471704,82.724024951611
2014-12-01,87.1889837129635,88.1934984399791,86.0789829835748,90.0455898133311,84.2837470512461,87.0014283243006,82.6846446438776
2014-11-01,86.7637778712663,87.9892433821639,85.9198937613248,89.8017742716364,83.2185220104877,84.2067657688353,82.6370325662219
2014-10-01,86.0696255784602,87.8474857561678,85.8159989056128,89.6268528728689,80.9247467564583,82.8665454978693,79.7821789825981
2014-09-01,85.5963399242743,87.7014179584907,85.6719343253385,89.4790304691931,79.5052015885774,82.7805503911882,77.5779637600375
2014-08-01,85.2199651421359,87.4452159098926,85.397956989338,89.2383976879021,78.7790745340009,81.1438372754922,77.3876318249298
2014-07-01,84.9149588316606,87.2599479633493,85.0191624198311,89.2226385466844,78.128198859874,79.5907510088363,77.2676230868588
2014-06-01,84.6820722399183,87.0962539760095,85.0543164896608,88.8847747417158,77.6954712510826,78.976046512364,76.9419719340654
2014-05-01,84.5355790612417,86.9115546034515,84.9086002735165,88.6659302569308,77.6606390315309,79.2945059542056,76.6992604639707
2014-04-01,84.8067792535609,86.8300868580246,84.6750273720829,88.7176905030354,78.9525554791459,78.6714765967882,79.1179442323662
2014-03-01,84.9652923853597,86.5781193768294,84.4781275599806,88.4174895816053,80.297031522748,79.5634051359235,80.728702349247
2014-02-01,84.7331570406876,86.3925600222962,84.3239104889479,88.2044777093531,79.9305293784833,79.0000883958259,80.4780072707599
2014-01-01,84.5190516256987,86.1498991285663,84.2178496224942,87.8421696732729,79.7985506302214,79.5620768212932,79.9376934505971
2013-12-01,83.7700582967726,85.4217193415501,83.1667133160935,87.3968655594263,78.9919916038096,80.1023187596785,78.3386674464504
2013-11-01,83.2922651601659,85.1426641642195,82.8711714798115,87.1322509476371,77.9372489199494,78.667469101506,77.5075823281707
2013-10-01,82.5229881603462,85.0276829420878,82.8915542117441,86.8987052519904,75.274593250798,76.3996654087178,74.6125930324155
2013-09-01,82.1323396838752,84.8646543799927,82.8044695078715,86.669157921286,74.2262605006737,76.9527255451513,72.6219896616131
2013-08-01,81.8243283851193,84.5906385063358,82.4650811799884,86.4524013871885,73.8196691986416,76.3910061031874,72.3066768271254
2013-07-01,81.5921930404471,84.5142658816916,82.2507394248568,86.4968750941461,73.1351468566437,75.2440707500958,71.8942414905693
2013-06-01,81.619237934972,84.4855739258481,82.3839855112169,86.326342581021,73.3240895242378,76.4002902319871,71.5140318084787
2013-05-01,81.6688202416011,84.3772604243923,82.3719831185192,86.1336707585359,73.8314745734267,78.764960246867,70.9285775724176
2013-04-01,81.9415229280606,84.2110006163675,82.2309864362044,85.9452831306666,75.374109878941,79.5708447769742,72.9047221161944
2013-03-01,81.8874331390108,84.1436539624642,82.1129607161734,85.9221188626802,75.371150216908,78.3988181633798,73.5670147083846
2013-02-01,81.2909429653224,83.8912588520788,81.9417084241495,85.597287000542,73.8167034052769,74.9304728289627,73.0819824478467
2013-01-01,80.8927820181501,83.4664891084121,81.8219883280595,84.8999660337866,73.4912570480914,74.9131763512024,72.5852409532593
2012-12-01,80.5682432838512,83.1137367309841,81.6246685670814,84.4084001975282,73.2476184294759,75.095790967799,72.1043372380332
2012-11-01,80.3834365045976,83.0133816497868,81.2547980681835,84.5490576692703,72.8269685795038,74.5433167439294,71.757829258177
2012-10-01,79.8410361199591,82.9704744362604,80.9434940419575,84.7461375321884,70.891746140485,75.1471144473007,68.410059471459
2012-09-01,79.4391189374361,82.781926734818,80.7115818901172,84.5964443204307,69.896084024548,75.1984745831023,66.8322062117194
2012-08-01,79.0905402968928,82.6356300769697,80.4479256835346,84.5551410194453,68.983893952748,72.6217853894608,66.8493979206673
2012-07-01,78.8538974697999,82.4506334347133,80.1329182699049,84.4864660154983,68.6040530724088,72.1949044850252,66.4963678427906
2012-06-01,78.4136666866999,82.1946409953079,79.8792777550446,84.2284837499875,67.6496674866534,70.100008028051,66.1793001362441
2012-05-01,78.0538193401046,82.0175777189216,79.5908062828722,84.1511064254936,66.7816118076985,68.3112346090451,65.8258922908952
2012-04-01,78.3009796261795,81.8003161006725,79.3512493537305,83.953874480038,68.3228087553308,67.864472804792,68.4730214445804
2012-03-01,78.5473886651842,81.6772944821635,79.097057651796,83.9481836646298,69.6004588600476,68.5962353217398,70.0530402015445
2012-02-01,78.502313840976,81.4781759518448,78.8982373687015,83.7488863582706,69.9854268540889,69.7188225940222,70.0261843167552
2012-01-01,78.3430494621071,81.1331821845763,78.3971788139365,83.5435792104812,70.3454353376846,71.0023839771081,69.8707474516591
2011-12-01,77.7923853596971,80.7712689138963,77.7371510179909,83.4483638123358,69.270031592994,68.7802979533791,69.4362887510864
2011-11-01,77.1583328325019,80.364584818472,77.2220524806648,83.1387903570874,68.0031127859833,65.9536323361085,69.0408980004203
2011-10-01,76.332712302422,80.1060737106762,76.9620109070315,82.8817617012213,65.5971345802272,65.0070545522374,65.8249973928754
2011-09-01,75.8211130476591,79.898958535706,76.6902479122462,82.7325382390601,64.2351181100098,64.8154822448408,63.8125454769223
2011-08-01,75.6355550213354,79.6870157340943,76.448561550037,82.5472820916132,64.1243576733975,64.9805090960564,63.5482014650554
2011-07-01,75.5161067371837,79.5916365035978,76.3804210286736,82.4275913799503,63.9395292285242,64.8828410749624,63.3150650692748
2011-06-01,75.1555081435182,79.4132252870953,76.3232384701992,82.1408708238375,63.0697538762161,62.9900342912677,63.0169811568609
2011-05-01,75.1592643788689,79.2598560915817,76.1608459608525,81.9956368793357,63.5115292528433,64.6877772630765,62.7578604697458
2011-04-01,75.7174409519803,79.1189863387823,75.9468555164131,81.920205024602,66.0215601106045,67.2884463733726,65.2134905301283
2011-03-01,75.7234509285414,79.0593624390553,75.6844798476434,82.0418836787554,66.2084773757789,65.290126813971,66.6184121139603
2011-02-01,75.578460244005,78.8240865074284,75.3206157633837,81.9216796415662,66.3174938643787,66.116173006089,66.3275089856364
2011-01-01,75.2959913456337,78.5081118796889,74.9208748058132,81.6807382431043,66.1294862034366,66.1256952927483,66.0296661076646
2010-12-01,74.93095445061,78.1508231866552,74.377791184962,81.4957130775558,65.757802567227,66.3054930017046,65.3864619932025
2010-11-01,74.5615812488919,77.8149454230465,74.022355944171,81.1803879725838,65.3039057967966,65.3856120425195,65.2221511989265
2010-10-01,73.9689263502028,77.6309449152297,73.7653270256978,81.0684893115673,63.6335266827766,64.4957295504779,63.0678867138537
2010-09-01,73.5151101865211,77.4828078743706,73.446293475734,81.0878551832523,62.3752571691693,63.4897210824978,61.6535638355229
2010-08-01,73.1317495003058,77.2034002626478,73.2366231522336,80.7415694545229,61.7194955751626,62.2600105831577,61.3545288423289
2010-07-01,72.9291900025896,77.1287052954458,73.0978317427394,80.7297811366258,61.1814489884614,61.415680346885,61.0069361457414
2010-06-01,72.7711832332712,76.9683271277107,73.1318447071381,80.3802987173615,61.0304850279649,61.3187328991607,60.8225003013688
2010-05-01,72.7939776524521,76.8624997940114,73.1489030559389,80.1549471140722,61.3934494980795,62.648279800316,60.5850566875895
2010-04-01,73.2555646408536,76.6836885092868,72.9744241872874,79.9726814478171,63.5455740252082,64.8881087148032,62.6816957289223
2010-03-01,73.4897254924342,76.6011386191147,72.7920383571773,79.9879676840801,64.6157973354209,66.4102808125971,63.4707561491731
2010-02-01,72.9716705110621,76.3332799889914,72.6281322533527,79.6197736939832,63.4407331446715,64.1363805224422,62.9786136351381
2010-01-01,72.5520459761509,76.0192219494185,72.3177559698316,79.3034832872535,62.7450408538844,63.565836987934,62.2055359382669
2009-12-01,71.7718551742052,75.4522496188253,71.638573725295,78.8485303088512,61.4066996299832,61.9897865399711,61.0154448364984
2009-11-01,71.4760457798425,75.1029020177061,71.3871429341178,78.4050940243558,61.2565185328884,61.9214468718831,60.8145125560372
2009-10-01,71.107190633106,74.9950489342518,71.251663105688,78.3246830802885,60.1992181237064,62.5591891445603,58.7051138410808
2009-09-01,70.8927158708178,74.7535963833561,70.9922624655414,78.1018021792661,60.0585046584235,64.144479245579,57.4926404128425
2009-08-01,70.5388843185408,74.4592130949817,70.7147083439788,77.7922642767123,59.5496736331891,62.7990605147652,57.5035616394388
2009-07-01,70.3705164495951,74.3448497865314,70.4974679222751,77.7788444531029,59.2401543388736,62.6264291346204,57.1091836551443
2009-06-01,70.1793541614693,74.117893784571,70.3351419028882,77.4897694719863,59.1453409749784,62.4215324575712,57.0827756940909
2009-05-01,70.0503584711078,73.931562414725,70.1005343705874,77.3513824116417,59.1706802914582,62.5494342158528,57.0444129721407
2009-04-01,70.2549901887493,73.7848012129765,69.7210518944572,77.4324827401555,60.3023700413429,62.5689661840486,58.8662014586028
2009-03-01,70.0099501825605,73.4738489390763,69.2615650888792,77.2679058651924,60.2347139976514,60.8651899926653,59.8145877284193
2009-02-01,69.6094936819603,73.0972738206385,68.8119086573869,76.9643196653968,59.7742212399854,59.7321226941958,59.7719741577975
2009-01-01,69.4561494074742,72.7588188434692,68.4045414618514,76.6946176068137,60.1117100497561,60.5630843118544,59.8028623785086
2008-12-01,69.295552363249,72.4406471256469,67.8612696852946,76.5976098074113,60.3692640455489,60.9776000718034,59.9628225928959
2008-11-01,68.8189417803872,72.029105344778,67.3081465929032,76.3260907997374,59.7251425200502,59.3034235883734,59.9586583381029
2008-10-01,68.0454856931997,71.702654506012,66.9019010962827,76.0789662214624,57.7746677842105,57.520027425205,57.9053562583781
2008-09-01,67.5849348147597,71.4979670848625,66.7284300620091,75.8446876490637,56.6414508559249,56.8834247778629,56.4642862450947
2008-08-01,67.1274922662089,71.0830437437925,66.3925168080697,75.3544202857998,56.0760396525835,56.2813322546492,55.9219222277425
2008-07-01,66.7420593600682,70.7906469701376,65.9920740683582,75.1687861088073,55.4482523067503,55.8469563074939,55.1743269706613
2008-06-01,66.3721681033693,70.5076781662937,65.7927400184006,74.8053854020171,54.8515478498867,55.0122788062425,54.7256842253484
2008-05-01,66.0986350732053,70.1780620782511,65.4742643882441,74.4663218980595,54.7287494309488,55.1639714359269,54.4324885946822
2008-04-01,66.1701266606339,69.8450459986977,65.0317456392128,74.2416669270577,55.8694384238579,55.8812559499011,55.8355647452562
2008-03-01,66.0198907160361,69.5714755773377,64.6446177626682,74.0801587493207,56.0465772677165,55.023006390959,56.6555828059998
2008-02-01,65.5448342981189,69.2338825674854,64.2932709087067,73.7574592763997,55.2120406940682,53.7737451294196,56.0789814791446
2008-01-01,65.350563680104,68.9375119050444,64.0188221507354,73.4409701640748,55.2903028374309,54.723258034409,55.6161705413398
2007-12-01,65.0490556809461,68.6398211331015,63.7171057506159,73.1485013722204,54.9808561271278,54.6259169758484,55.1751558254202
2007-11-01,64.7812212555773,68.3784786989954,63.4227621047345,72.9205144709009,54.6981119872571,54.1252614680625,55.0278662297934
2007-10-01,64.3274050918955,68.223751567933,63.1801296376877,72.8522877558446,53.4558242817761,53.5687622457442,53.3603024104778
2007-09-01,64.0777025908746,68.0009119204858,62.8648620360166,72.7206598101137,53.1382949203509,54.3755191267819,52.3447560553488
2007-08-01,63.5839961936272,67.6771983184079,62.6182818895981,72.3230388128145,52.1997070725393,52.2457681321337,52.1463115206806
2007-07-01,63.3260048129042,67.4945559305333,62.4181881332715,72.1582279578603,51.7435020910002,51.3709997763118,51.9502458742915
2007-06-01,63.0581703875346,67.2901770295701,62.2322356009707,71.9367445104587,51.3111504895471,50.5252049845491,51.7748427081418
2007-05-01,62.9825343602545,67.0984305145198,62.060971439931,71.7258312206672,51.5421622450015,51.3442423773448,51.6405881214675
2007-04-01,63.2912951291521,66.9659788962921,61.8996647621278,71.6221277583645,53.0165300734605,52.8816657396075,53.0750989962452
2007-03-01,63.3291131427925,66.8366561262659,61.7374001054041,71.5255298751575,53.4967686250876,52.7251499149956,53.950526024411
2007-02-01,63.1923466277105,66.6402758222527,61.5870040683148,71.2851032904509,53.5187267427492,52.7845379926905,53.9492301724155
2007-01-01,63.0162079340435,66.3877523322035,61.3789336533439,70.990272105781,53.5463662927259,52.9154112320883,53.9127497550276
2006-12-01,62.6924235706863,66.0809725590223,60.9620345199804,70.7923417496211,53.179949299121,52.818739209012,53.3789985117345
2006-11-01,62.3318573036518,65.820487842729,60.6781900586916,70.5557950908379,52.5581081858124,51.6192385075979,53.116172176688
2006-10-01,62.0065187753508,65.6484919231897,60.4549004709969,70.4346275295375,51.8299079226428,53.3120672181816,50.8848888242559
2006-09-01,61.7366121300559,65.49715808072,60.2404908064463,70.3455362926715,51.2473555202993,52.5265225611557,50.4286687756599
2006-08-01,61.1196086472422,65.1408227090913,59.9700159892077,69.9069140622978,49.9456002977931,49.2313048802847,50.3654472681219
2006-07-01,60.8092937134007,65.0275192207642,59.851905593769,69.7987954797424,49.1172304086304,47.4564338749746,50.1252362594153
2006-06-01,60.6429980643804,64.8598096803277,59.7840377953708,69.5343298125058,48.9566766429261,47.3605586264999,49.9245941920535
2006-05-01,60.5906745112619,64.6644629204638,59.661286176265,69.2689499107647,49.2836279357254,48.3706735381132,49.8271540705067
2006-04-01,60.8616172665192,64.5771584572873,59.5909421746949,69.1654642990836,50.4986046968189,48.092263125973,51.9689286808487
2006-03-01,60.7725118097234,64.3587287408132,59.4672518005001,68.8554803790404,50.7531078012274,48.5197286944218,52.1159033655523
2006-02-01,60.6963577274618,64.1045609025923,59.2933468328937,68.5240479408077,51.1481605764125,49.8776496713554,51.9128393068267
2006-01-01,60.6036258857962,63.895720984021,59.1109337405411,68.2903113258563,51.364201894715,50.1333557290506,52.1041467053971
2005-12-01,60.2503123885007,63.7568923839443,58.9470491636625,68.1765491901163,50.4461246340135,48.7703002091514,51.4628314470195
2005-11-01,59.8824933517271,63.5772558194428,58.8031015523075,67.9628458667349,49.5847316427156,47.1789016749231,51.055171955011
2005-10-01,59.4545799371139,63.4466667864186,58.6873578867486,67.8183286002561,48.3723022242334,47.9569319043502,48.6072676336825
2005-09-01,59.3090064873482,63.2955884337427,58.5194391709639,67.6843482761582,48.2433332112799,48.8770325270856,47.8269006509751
2005-08-01,59.0722553608615,62.9927804276113,58.3801985595925,67.223149643022,48.1824361944936,49.1010954450164,47.5890759801694
2005-07-01,59.0017998833952,62.9059475957038,58.3156344771787,67.1149506999954,48.1573755491135,49.3445678552361,47.3972715424489
2005-06-01,58.771783471666,62.7768110034577,58.2952823660766,66.8801591161886,47.6621395279639,48.3465569162073,47.214487720646
2005-05-01,58.8282514646358,62.6247920798179,58.1573489645078,66.7150468246705,48.2689766746159,50.2229678150182,47.0326471167865
2005-04-01,58.9764151893082,62.5037856735687,58.0160729277161,66.6143562650778,49.1290980386815,49.3908621183707,48.9432119732098
2005-03-01,58.7671209768338,62.3851861438595,57.8926052356295,66.5010244247373,48.6809266762431,47.816377282289,49.1946801613991
2005-02-01,58.5034309913156,62.2078044720434,57.7394910121947,66.3007179633222,48.1911466053665,46.9109809598635,48.9632252465251
2005-01-01,58.3091603733014,61.9672096275355,57.5126360383218,66.0477514950186,48.1207960790682,46.6708333737214,48.9983499860532
2004-12-01,58.3070881533761,61.7359290016225,57.3207755460131,65.7789850929322,48.7265271041468,48.8592037007944,48.6209939475656
2004-11-01,58.1868993976974,61.5642122249706,57.1730654583456,65.5845735522525,48.7439639659198,49.3033911901668,48.3734156851201
2004-10-01,57.6947471653946,61.4183467195315,57.0207326202323,65.4456554213147,47.3383572672368,48.4644681899792,46.6165730338634
2004-09-01,57.2979170496642,61.2424531614599,56.7808342042539,65.3330181065821,46.3607556357335,46.7572540498217,46.0925160292413
2004-08-01,56.8280411815599,60.8938962882527,56.5841452943818,64.8376921860802,45.5736640712,45.1451126560375,45.8181439970152
2004-07-01,56.4793901790965,60.725137445639,56.4108094253594,64.6741343718971,44.7533965936587,43.4623262933472,45.5338796269478
2004-06-01,56.3317445094056,60.619554364922,56.3212542982092,64.5533599222273,44.4950695406348,43.1842369654891,45.2879473923826
2004-05-01,56.2416029426468,60.4587426336817,56.153229987791,64.4002880498162,44.59259864411,43.9645942343046,44.9614023588697
2004-04-01,56.3830319525618,60.3195487296494,55.9985709743895,64.2767978447973,45.4744435809905,44.365126550979,46.1417176360874
2004-03-01,56.2980709356166,60.1215211652957,55.8710994709539,64.0107396891143,45.6908481426627,45.2248714211942,45.9585130794742
2004-02-01,56.1079447574531,59.9018489267187,55.6921138584329,63.7522947349581,45.5798873712609,45.5190710647716,45.5960054180472
2004-01-01,55.7743173494501,59.6330969732103,55.4120684744434,63.4957353715566,45.0770649594588,45.0978921500309,45.0427222083215
2003-12-01,55.4298107868381,59.4044609340004,55.1806648071222,63.2707934535776,44.4301932196798,44.3739651399881,44.4440080675653
2003-11-01,55.1925416053699,59.2331002044311,55.0173634349389,63.092307102488,44.0202127478758,43.472109350728,44.3396707946479
2003-10-01,54.7382073867067,59.0778892966486,54.8228147399128,62.9761782303286,42.777760280822,42.9190542564781,42.6697012066395
2003-09-01,54.5382381638973,58.9513601061563,54.6897053837676,62.8566226984551,42.3844881491983,42.5093552598725,42.2868167354728
2003-08-01,54.2154899105024,58.6701366950025,54.60415792973,62.3855648014577,41.9548316483781,41.8082597698688,42.0259245404651
2003-07-01,54.0533387013335,58.4608106171407,54.4907779197934,62.0834668018481,41.9199303398624,42.0063961980674,41.8463262684752
2003-06-01,53.9751123991466,58.3815868586032,54.5455882680876,61.8737182426839,41.8451875698944,41.8285543331514,41.8356422617477
2003-05-01,53.9305596707487,58.3181026264175,54.5663840378239,61.7282199404721,41.8504482286231,41.9049044454023,41.7967547509737
2003-04-01,54.1051441994704,58.1638072572365,54.4539830928378,61.5336889682569,42.8941257401447,42.1077613976299,43.3620757140678
2003-03-01,54.0129304127862,57.9674639718191,54.3613710233952,61.2369161614825,43.0785377809015,42.4813552136229,43.4289206344005
2003-02-01,53.6741224549695,57.7328882268372,54.1568708812872,60.9739927664258,42.4661623638547,41.2768847106414,43.184519753392
2003-01-01,53.5254406753155,57.4478139644957,53.9217173683208,60.6414134812025,42.6799649548489,42.108074840816,43.0148307847098
2002-12-01,53.3099298030651,57.1933337198778,53.7760013698725,60.2818417625306,42.5697860513206,42.8108471921644,42.3998715705631
2002-11-01,53.0788772813736,57.0745568777273,53.7180737162689,60.104168142178,42.0431860664628,41.3517629452021,42.452582853644
2002-10-01,52.6530360866857,56.9647475702841,53.6411943070869,59.962683045704,40.7856359980346,40.3361903643758,41.045365039745
2002-09-01,52.4219835649941,56.8322164565138,53.4803289147656,59.8583919515173,40.2947481850623,40.3037143573248,40.2700423364323
2002-08-01,52.1085603012643,56.4604126613967,53.4407646641606,59.1638083975297,40.1397067216967,40.5669103394018,39.8553542586487
2002-07-01,51.9111813533618,56.2708283783629,53.3465690935088,58.8819107416482,39.9228849448036,40.3096069270325,39.663774053317
2002-06-01,51.7625861769592,56.1952911714661,53.3919039946999,58.6796758687068,39.6069131858833,39.4260035041906,39.7245494321233
2002-05-01,51.5114292313976,56.1243178142475,53.4241848524512,58.4837665226902,39.0105586545595,38.3827641654807,39.4844771199578
2002-04-01,51.4072349725615,56.0207118684115,53.3911382581677,58.2957065413106,38.9116788352763,38.0233789123951,39.5931211613477
2002-03-01,51.1279484444964,55.8216580550316,53.2794105331082,57.993314864211,38.4894149433189,37.4540363872417,39.2882676280387
2002-02-01,50.8677498490805,55.5953163513728,53.1386813630916,57.6661847773663,38.1778489424555,37.4255476375818,38.7514762588347
2002-01-01,50.9004720097159,55.2047650335371,52.8537365193623,57.1531693610405,39.0567061902744,40.4827989317698,37.8949463478773
2001-12-01,50.434898785093,54.9307596159811,52.7463639861187,56.6802079463944,38.2364229291389,39.4035518348056,37.2814407448227
2001-11-01,50.3651489088722,54.7995072446843,52.6980813051513,56.449804949523,38.294273544363,39.4934284933035,37.3137482735859
2001-10-01,50.1761353677535,54.6688532611504,52.6044263896541,56.2761425729858,38.0004267677353,39.8233956688706,36.5233129217918
2001-09-01,49.9503811497724,54.5314054452267,52.5029157993888,56.0970970151889,37.6122177152878,39.365461080147,36.1908900645577
2001-08-01,49.4896875471858,54.1217831794574,52.3870252267687,55.3355382461097,37.0780166326294,38.6434720474807,35.8065935955158
2001-07-01,49.1982019640303,53.9419219820456,52.2941119439796,55.0524801091235,36.5815895861481,37.1625759503392,36.0944962943676
2001-06-01,49.3263637671915,53.8588510589044,52.3361387837728,54.8179940576529,37.1247755260407,37.4949406160527,36.8052107582735
2001-05-01,49.2099704636254,53.6865317946297,52.1829141083254,54.6252332576825,37.127908414276,37.5682710383621,36.7524385731775
2001-04-01,49.0973086323825,53.4935971376934,52.0264192693608,54.3910150021041,37.1829002585231,37.1652372942304,37.1721500664712
2001-03-01,48.8508877817244,53.237142751616,51.7891934226024,54.1153626719485,36.9722229662545,36.4173183486104,37.3894547751414
2001-02-01,48.5433281595649,52.9203468444898,51.5415434441753,53.7194049264174,36.702649113034,35.9058044232533,37.3127338693688
2001-01-01,48.5754762479341,52.5242231191966,51.1543915266277,53.3189477117993,37.5911335646972,38.398598015584,36.9230068701862
2000-12-01,48.307671180741,52.1366898999985,50.7638478371252,52.9415734467752,37.5800541602301,38.8773696702184,36.5218337620582
2000-11-01,47.7902878628328,51.8446523294999,50.5328691829826,52.5798380718648,36.6440378521809,37.2165129489036,36.1636809720028
2000-10-01,47.3851358258534,51.5171625245211,50.225221222235,52.2335892918524,36.1087304265208,37.2064722932459,35.2104258250677
2000-09-01,47.0610716040147,51.2492086120412,50.0491204407225,51.857920213989,35.6927461995929,36.9162056236878,34.6946019486837
2000-08-01,46.7197851882783,50.8574684742614,49.8766581772174,51.2048884076959,35.4741871425453,36.9441112831473,34.2799124545921
2000-07-01,46.4644662097181,50.6457675982857,49.6812010019921,50.9768869823101,35.1473764727819,36.7373254534444,33.8577361104976
2000-06-01,46.2839202410061,50.4779762037959,49.5719074614233,50.7404479818069,34.9529186563954,36.633334028517,33.5913636514133
2000-05-01,46.0113790737289,50.3090967141156,49.461958027659,50.50241115863,34.4898509920788,35.8702791338219,33.3675049020586
2000-04-01,45.8400182716419,50.089983176182,49.2352865464437,50.2961943080097,34.425074961972,35.343854202787,33.6704139414152
2000-03-01,45.5806807820354,49.8281706794952,49.0001637703807,50.0061597937271,34.1869195900624,35.0229790725238,33.4982927832511
2000-02-01,45.3293803145216,49.5079682394766,48.6513939607312,49.7262074273778,34.0895986607142,35.2411414772719,33.1497963683291
2000-01-01,44.9308301163779,48.9691697255271,48.1345599597708,49.169591401813,33.9971982665694,35.6566763175674,32.6529549092667
1999-12-01,44.335516388566,48.3431325693869,47.5798549509314,48.4668942253254,33.50144620981,35.320788483719,32.0302231720026
1999-11-01,43.8957764470198,47.9559313478403,47.2566156199876,48.008040939789,32.9840773926199,34.7616964025956,31.5464266743159
1999-10-01,43.508851226519,47.6532056708958,46.8997096925105,47.7765586743002,32.4528028939658,34.7714866278653,30.5846207974589
1999-09-01,43.2350183927565,47.3130312465503,46.4950875565921,47.5207955222403,32.3294520255889,35.0180235279383,30.1667859334291
1999-08-01,42.8212552562384,46.7435164349055,46.1944779161659,46.6323436289761,32.2539778119731,35.2281181428781,29.8639445711289
1999-07-01,42.581579771548,46.3926711546479,45.8747386884906,46.2493709914996,32.2520725302986,35.4412887408607,29.6907612807747
1999-06-01,42.3020062047591,46.088449217454,45.6736887231284,45.8242147441778,32.0397996749004,35.254292843069,29.4585003705632
1999-05-01,42.0258770767504,45.7329638850716,45.3032360652924,45.4929574173295,31.939776716472,35.2305158290883,29.2978244335247
1999-04-01,41.7745766092366,45.2938174605541,44.8315017700379,45.1009614405111,32.0806762813095,35.0040884449701,29.7311569302586
1999-03-01,41.3946837830669,44.7577702478576,44.287376527311,44.5837470940724,32.0379597369371,35.0831826264796,29.5914628830528
1999-02-01,41.013642812364,44.0627720138392,43.6691090230558,43.806647988639,32.3100012020164,36.0677070434866,29.2959250476503
1999-01-01,40.4697702805404,43.2715752145839,42.8881623287268,43.0161641148285,32.2960843178163,36.625382485884,28.826820325644
1998-12-01,39.4729743246935,42.2549801314551,41.6987885287838,42.2276181018427,31.4017942863375,35.2324277003493,28.3302471877453
1998-11-01,38.5327862255935,41.604787321389,41.107196331795,41.5167206159581,29.9403315600382,33.5730947372808,27.0273371404879
1998-10-01,37.8622689272582,41.1343247046381,40.6091984351135,41.0877605851236,28.9113618036901,32.6931323221326,25.8803896402653
1998-09-01,37.3273763870906,40.5658205963221,39.8738610999654,40.732548657827,28.4775927192005,32.2075470327527,25.4881747622809
1998-08-01,36.731632103784,39.7992822795001,39.1478656597645,39.9293087941911,28.2615936690768,31.95488068905,25.3015204865448
1998-07-01,36.3818781104596,39.3936660409725,38.7420327475911,39.5307413895213,28.0461275613842,31.6742174537363,25.1381190088951
1998-06-01,36.0344204113821,39.0924191712877,38.5038160585524,39.157542884547,27.6279059422433,30.9578323026301,24.9576240410486
1998-05-01,35.6134813637621,38.6361249415386,37.9210422866907,38.863372800814,27.3043553998924,30.4269073453158,24.7994355307186
1998-04-01,35.3320420634022,38.2249971638124,37.494182722931,38.4783374554406,27.3007932589333,29.9429136704606,25.1784754686757
1998-03-01,35.0045333976035,37.7930355509197,37.0619104162719,38.053980162141,27.2030539900244,29.79993905064,25.1168253619277
1998-02-01,34.5992378438525,37.3773959119115,36.6356345380387,37.6582843055012,26.8443145555945,29.387689966146,24.8009386615987
1998-01-01,34.00392411086,36.6682494445887,35.8600766530722,37.0421190153972,26.5146678616053,29.1174390539137,24.4242111524811
1997-12-01,33.2798745076214,35.9814979013894,35.2535716313033,36.2688341973441,25.7615035412868,28.3468592508068,23.6854186161119
1997-11-01,32.8200420108443,35.5367545785654,34.9344172966958,35.6781249083148,25.3009116619242,27.7021581658613,23.3717525927921
1997-10-01,32.4569408230776,35.1877500394229,34.5835747552646,35.3372027610334,24.9323715607577,27.4906405996186,22.8784109339143
1997-09-01,32.1996125889942,34.8668285985023,34.2409249321124,35.0481897264393,24.8188211218343,27.7165347196679,22.4946139183259
1997-08-01,31.8035021966878,34.3746330373279,33.8809650074131,34.4027031113137,24.6400132885696,27.4851946622213,22.3577603408072
1997-07-01,31.5232110408611,34.1010886904243,33.672739778352,34.0539478948079,24.3639293434523,26.9887961462563,22.2573118577837
1997-06-01,31.2509569123077,33.8235498110778,33.4872956154815,33.6685590722061,24.1196542660182,26.6580451852197,22.0820663317481
1997-05-01,30.976119445603,33.4685730326342,33.1268914178451,33.3261489793453,24.0226929526986,26.6645194696982,21.902797060434
1997-04-01,30.6959718117285,33.04308358079,32.7012622100575,32.9079467990772,24.0515714931091,26.6591305510845,21.9589457920344
1997-03-01,30.3678890736628,32.6290632182187,32.2900553816351,32.4974144931034,23.9165973726511,26.5987940296644,21.764622852677
1997-02-01,29.9945980915094,32.2164382881151,31.8841562211687,32.0834755589109,23.6454854518333,26.508364862734,21.3498021374219
1997-01-01,29.4988860288599,31.6665843423208,31.3616782482999,31.5093790147188,23.2894915940079,26.227071706007,20.9345567199889
1996-12-01,28.7593364537036,30.8951105771084,30.4997832538784,30.8612564158476,22.6612300160533,25.3542612597761,20.5014650412199
1996-11-01,27.8670834484336,30.2477531380685,29.95471938742,30.0997767585622,21.3350179077835,24.634277505383,18.693357958759
1996-10-01,27.4511675396208,29.8877143188632,29.5458137003488,29.8054497510732,20.8333784792595,24.0779571108904,18.2355994348426
1996-09-01,27.1127514903968,29.5524422548592,29.175359745651,29.518759320796,20.509925946904,23.8278629415145,17.8539426177924
1996-08-01,26.6860717149303,29.0448626556044,28.7419698850807,28.9290479350672,20.2723910948054,23.5697215022965,17.6329767006984
1996-07-01,26.3360306880634,28.6589230997586,28.3126658834296,28.6025322921407,20.0160820140154,23.2771887820599,17.4056859863751
1996-06-01,25.9669017285474,28.2346903884138,27.8998414953806,28.1714600734506,19.7807517770692,23.0089971835089,17.1966825080283
1996-05-01,25.5508423029622,27.7574848212808,27.3964047201469,27.7342769731194,19.5137029365819,22.6254129097636,17.0226168444749
1996-04-01,25.0934496172036,27.2618729450596,26.8543560996171,27.3036760983386,19.1618216870545,21.8207662650928,17.0315377537938
1996-03-01,24.3998258803534,26.5311428215387,26.045577055264,26.6805031402811,18.586478290008,20.9917637252568,16.6585840573434
1996-02-01,23.8742620287622,25.926110938364,25.3295866134931,26.2211245419899,18.2529111608457,20.62216185817,16.3539364228627
1996-01-01,23.3297537612935,25.3258382934703,24.6659126062127,25.7083353700853,17.8548311632915,20.1747440667892,15.995413088239
1995-12-01,22.5201672711919,24.5302403043611,23.8569895053146,24.9423205978338,17.0686186509906,19.471642889906,15.1435382007427
1995-11-01,21.8096083843478,23.8604002310466,23.1397251151706,24.341611896498,16.3210503804912,18.5625606417921,14.5250932299884
1995-10-01,21.2847621166146,23.3838089885474,22.6075478920845,23.9408891422437,15.7327858026321,17.6304765025331,14.2110277364726
1995-09-01,20.8556425301303,22.9821202433327,22.1130614224278,23.6592695342753,15.2760221027508,16.9651737798703,13.9206424318932
1995-08-01,20.4329812657101,22.4567561464659,21.5955716146896,23.1330741677414,15.0854806587472,16.6904473170144,13.797270308179
1995-07-01,20.099588355294,22.0463209147536,21.1173359641312,22.8123206299879,14.9277578645304,16.4458904302126,13.7088045648768
1995-06-01,19.698024268685,21.5952385490726,20.6125815836438,22.4343422287164,14.6510966059754,16.0018650090359,13.565611208965
1995-05-01,19.0920901909918,20.8828645721972,19.7438349133162,21.9248893987662,14.2965411334069,15.3333132752415,13.4613485552304
1995-04-01,18.3261332553113,19.8998733517735,18.5170060131266,21.2561823760308,14.0137309147782,14.6762687823053,13.4767548226303
1995-03-01,16.9736172029501,18.4977745287364,16.9865682454712,20.0342980641653,12.8464901844407,13.9737543672439,11.9402005376321
1995-02-01,16.0287073487094,17.6623209800033,16.0905782212564,19.2867621230446,11.7664098100692,13.4347950797189,10.4299101802452
1995-01-01,15.3769909442995,16.8903268268836,15.2373809529524,18.653870936359,11.408849483804,12.8552909662351,10.2699961081371
1994-12-01,14.8192043681591,16.2881645094299,14.5950382360007,18.1277504451047,10.9714068401646,12.288229345344,9.9442240941008
1994-11-01,14.690360856448,16.1626629765259,14.4918116623795,17.9751388193223,10.8398436659217,12.1079514989303,9.85516991914231
1994-10-01,14.6122453040552,16.0794421655743,14.4136639407833,17.8875334315319,10.7760859463481,12.0100397530003,9.82168360075272
1994-09-01,14.5359366445482,15.9980468905434,14.321553100931,17.8238234453328,10.7140316973324,11.983686264359,9.72587143535115
1994-08-01,14.4332866454444,15.8692775701623,14.2300151712579,17.6470878667896,10.6738027111518,11.9313090579175,9.69612114990453
1994-07-01,14.3663267698675,15.7900244469083,14.1403932618054,17.5849638134957,10.6369241216565,11.8867338992012,9.66569414173324
1994-06-01,14.3028945689645,15.7348864896766,14.1071614068832,17.50092795115,10.5572391760122,11.7366339610337,9.64927033430167
1994-05-01,14.231682244253,15.6529120319376,14.0195667299295,17.4295160255013,10.5128278501745,11.6830150283524,9.61257239542837
1994-04-01,14.1632513049319,15.5636943951533,13.9298285772255,17.3439503401776,10.4935949728447,11.6504348872307,9.60526289276797
1994-03-01,14.0942247629785,15.4665483697982,13.8441798202472,17.2338716231012,10.4902432215554,11.6758818649124,9.57544741143761
1994-02-01,14.022124062044,15.3536791612289,13.7270264594958,17.1307042704506,10.512320995176,11.8432105534279,9.46469202061831
1994-01-01,13.9503749805667,15.2256578324483,13.6152043966508,16.9841711878434,10.5695395790862,12.0771767805954,9.3607723827848
1993-12-01,13.8430548971257,15.1262315413773,13.5488133014311,16.8416989492532,10.4484894483786,11.9273078688038,9.26415940016461
1993-11-01,13.7383023563383,15.0698326512847,13.5354467841581,16.7268324951034,10.2391048261239,11.5734019807716,9.18385982120652
1993-10-01,13.677973025024,15.0151238498213,13.4925543114886,16.6573537397225,10.1683970571354,11.5430559992263,9.07497769178936
1993-09-01,13.6222606722309,14.9266099971725,13.4294914383706,16.5360666692492,10.1883739068837,11.6762168629962,8.99149240990964
1993-08-01,13.5221121948547,14.8089341360479,13.3773156227569,16.3304393195297,10.1312815771469,11.6176007088148,8.93485893020798
1993-07-01,13.4501234404209,14.7140808946373,13.2868535136578,16.23253837308,10.113296102693,11.6443764560671,8.87553145485075
1993-06-01,13.3857971232443,14.6533408288847,13.261346114467,16.1244051504923,10.0433035280444,11.5631289902191,8.81470912579355
1993-05-01,13.3111374897297,14.5908215725274,13.2151072931177,16.0411148054387,9.94416503932075,11.4353723761006,8.74018397519494
1993-04-01,13.2354804035143,14.5263005057619,13.1623602080322,15.9622045469402,9.84631869089924,11.276731351252,8.69647832426072
1993-03-01,13.1595936894285,14.4302142584884,13.0789514647621,15.851496654627,9.81857262853408,11.3004582755061,8.62107507779457
1993-02-01,13.0833453107992,14.2853633220515,12.9464277403971,15.6941123706127,9.89911183476911,11.5795048915015,8.52090556081825
1993-01-01,12.9773197638673,14.127472637387,12.8076279691725,15.5146353387717,9.91343235663094,11.7240360617045,8.41605742919382
1992-12-01,12.8165534814412,13.9521021326266,12.7171627464232,15.226004444994,9.79141536932792,11.5698447311201,8.32153877000297
1992-11-01,12.6366203406883,13.8156903481684,12.6168801673045,15.043421579592,9.52048388255209,11.0805007376773,8.24643936972183
1992-10-01,12.5324935377915,13.7176753973953,12.5398843291845,14.9191564107329,9.40650432850811,10.9302237457806,8.16387117254496
1992-09-01,12.4428965245267,13.6269402198245,12.4652155723255,14.8088743432721,9.32279109771546,10.8302923902235,8.09365396081068
1992-08-01,12.3355922314014,13.476398599408,12.3959991393039,14.5492769712934,9.31651060999542,10.8331577646433,8.07888341332906
1992-07-01,12.2602724145201,13.3599381686162,12.2997652621508,14.408281382197,9.3363243547729,10.9213319466961,8.03633587348574
1992-06-01,12.1833451921855,13.2515859987262,12.2269966361274,14.2536038277492,9.33278599511514,10.9635515300113,7.99077900034973
1992-05-01,12.1014378917723,13.1211118921629,12.1156489664502,14.1005955342493,9.36292767872168,11.0824467883575,7.94002852695908
1992-04-01,12.0221713196406,12.9635343479367,11.9656179131281,13.9376022565035,9.46236532116008,11.3169555662504,7.91723960642598
1992-03-01,11.9159477202904,12.8440904845262,11.8787073093913,13.776471658148,9.38976906459088,11.206060940823,7.87856985007368
1992-02-01,11.795900435066,12.728869318701,11.8051574437886,13.6066173975184,9.26336303509479,11.0224387398868,7.80255352846126
1992-01-01,11.6577784653893,12.5903884266249,11.7348301585605,13.3771472209722,9.13116804185766,10.8118235893113,7.74009728263466
1991-12-01,11.4496798668257,12.3621981773867,11.63335552514,12.978824613122,8.97588026810881,10.5363581675082,7.69246055377932
1991-11-01,11.1863740967847,12.1465142665175,11.4489931151838,12.726304801243,8.61549991084956,10.3635398562212,7.15416042801424
1991-10-01,10.915342738584,12.0323957894781,11.3658559730819,12.5725003581483,8.00241578772316,10.306786109877,6.02083939084975
1991-09-01,10.7898503743119,11.8684629291771,11.2052782818122,12.409234569526,7.96784572090795,10.2783853006136,5.98004379528824
1991-08-01,10.6834229773116,11.7055507825714,11.0813958172706,12.1969540196545,7.99213076189137,10.3419992439078,5.96866316993415
1991-07-01,10.609584269262,11.5995513987398,10.9940433385893,12.0682908823133,7.99322981322307,10.3525566249988,5.96110693447937
1991-06-01,10.5166475834763,11.4972365906344,10.9221299393672,11.9267163054203,7.92480713042147,10.2179880906864,5.95221569197816
1991-05-01,10.4074416711108,11.3895418520186,10.8110458389397,11.8272997749725,7.81627135037827,10.0022517375745,5.94019941852268
1991-04-01,10.3066875511982,11.282352778738,10.701198408214,11.7273477575301,7.73369944528901,9.81391199084075,5.95326000042551
1991-03-01,10.1998396437894,11.1602164640157,10.5690763544012,11.623208296382,7.66512748302842,9.67215858085067,5.95066871467329
1991-02-01,10.0564247219094,10.9965284557038,10.4345985891675,11.4239404014488,7.57252795977624,9.66835764347651,5.7751180878925
1991-01-01,9.88387989480137,10.7875406276868,10.2798403407764,11.1457889612811,7.48817378683968,9.64461199770372,5.63379882967199
1990-12-01,9.63821395386141,10.5074840408406,10.0821072799232,10.7595196880626,7.32882578773759,9.41922849065909,5.53238641689128
1990-11-01,9.34372310267594,10.2167338153171,9.8445471686004,10.4037409691846,7.03692241977304,9.08235978874801,5.27691814047695
1990-10-01,9.10205988764724,10.00090113685,9.66363328574516,10.1460352295785,6.74628101589177,8.8622997386656,4.91677546538638
1990-09-01,8.9730613687053,9.84279428555589,9.5184937131094,9.97493210873057,6.68739950029023,8.83268454833936,4.8300886093551
1990-08-01,8.84695044160481,9.68458733896873,9.42958420880704,9.72477879820329,6.63800211249367,8.76020903517291,4.80104200645972
1990-07-01,8.69873483372649,9.51283320701589,9.27845145054772,9.52974730543437,6.5481306919786,8.59309007281965,4.78052976936632
1990-06-01,8.54293858947202,9.32596246034147,9.11195272140914,9.32044385546394,6.46787070020122,8.48927529443315,4.7205503318033
1990-05-01,8.35883767567237,9.09751094394218,8.87504126001316,9.11133304194756,6.39016948554929,8.6143193412962,4.45565303287645
1990-04-01,8.21547154939074,8.89226512255383,8.68662676665426,8.88921910012435,6.39100818092717,8.65865809514506,4.41661566224493
1990-03-01,8.09230991966013,8.72104388349181,8.5513208687872,8.67326674433153,6.38027986865736,8.63912712217609,4.41378309392533
1990-02-01,7.95211985377577,8.59002692348961,8.47224032566723,8.4737463193536,6.22472017277015,8.33394167828207,4.39287408317816
1990-01-01,7.77603730172787,8.43501917097159,8.378512358866,8.23792510304555,6.00791140787437,7.93739523698887,4.3373220112085
1989-12-01,7.4180295787322,8.12192193595408,8.14380897090002,7.82520536038242,5.56242379385547,7.53048756216732,3.84913321688511
1989-11-01,7.17585543715893,7.89183566493261,7.94527954921673,7.558425079273,5.30211048732464,7.25406703366789,3.59931120528841
1989-10-01,7.07652501522327,7.77110972433387,7.84778814480434,7.40908765759238,5.25447279274833,7.18925164802159,3.56664248334352
1989-09-01,6.97339279500195,7.63518134709688,7.73677777664821,7.24268617990089,5.2287655817247,7.22859077450582,3.48086474757678
1989-08-01,6.90733277574674,7.52043564401275,7.68911358730302,7.03767639443365,5.27441144433728,7.3557222490309,3.45253808924223
1989-07-01,6.84214821760472,7.43351038239814,7.64776362313374,6.88971927270027,5.2604630526237,7.33694046339629,3.44279266353662
1989-06-01,6.77438463671044,7.36620103339224,7.64047419544648,6.74048968516257,5.19421160971435,7.20310630558914,3.43742596628142
1989-05-01,6.69309876915004,7.29814010745589,7.61311373693115,6.61761163408039,5.08626442105065,6.97940198908727,3.43385437929401
1989-04-01,6.60222444470371,7.22291822347218,7.57322516840225,6.49532988418472,4.96363747639252,6.71777882884452,3.43667212769148
1989-03-01,6.50494489882881,7.13621018942615,7.50320480001274,6.38807230018834,4.84624810302358,6.48223576385308,3.4257008069155
1989-02-01,6.43518354250932,7.03966342310683,7.46058988203986,6.21909614053347,4.83920109708515,6.47886233616543,3.41516926283717
1989-01-01,6.34902379296307,6.90067014176737,7.4115480809732,5.95857806594896,4.87483512248339,6.5674211354794,3.40285667344377
1988-12-01,6.19731638571804,6.68769324786112,7.30147598691081,5.60834415821112,4.86627967739094,6.57669616233158,3.37780992496509
1988-11-01,6.07065434654802,6.56646983090627,7.21101285400592,5.44797733145649,4.73211874588117,6.29627327389807,3.37556682082308
1988-10-01,5.99048648308192,6.51138138105233,7.19692734487517,5.33722288176714,4.59863907697394,6.02679668184728,3.36460307157736
1988-09-01,5.94513902207915,6.47021513735693,7.22067026210091,5.20642721719836,4.54558981648265,5.93164303705526,3.34929177529663
1988-08-01,5.91134334273018,6.45550317133268,7.31912867277387,5.03357551140334,4.47021897236953,5.77569651072168,3.34657040873338
1988-07-01,5.8574565431644,6.39166934027635,7.30658854322305,4.89993842580023,4.44066783000661,5.71445006015485,3.34559830804088
1988-06-01,5.76129213653915,6.32985918830992,7.30568577729613,4.75478401864951,4.27099090258654,5.35697012353451,3.34534881195277
1988-05-01,5.64610868821594,6.2440114736902,7.27086256644541,4.60023144225239,4.09425428418302,4.98581490784331,3.34399011452629
1988-04-01,5.53894073680059,6.12576916399992,7.19734232949832,4.42317897968876,4.01592401627054,4.81067137353526,3.35315065230382
1988-03-01,5.37354742558597,5.95351183235752,7.0448063374143,4.22892227396438,3.87208094998145,4.50078756138614,3.35920353992728
1988-02-01,5.11178304007227,5.61801633432837,6.66366038314843,3.96840067151584,3.78552721556471,4.32552738069803,3.35257142062121
1988-01-01,4.71824593565043,5.08918279502991,5.96795914623332,3.69077422373714,3.71026336088323,4.21141980186978,3.31169030962085
1987-12-01,4.08639245860103,4.49554077488903,5.27830228317827,3.25115350410517,3.01615523082645,3.62479359849756,2.50761047534176
1987-11-01,3.56051142266738,3.99751504357635,4.73308147796981,2.83559042538604,2.44731446785787,3.17667198069093,1.81871858483525
1987-10-01,3.29884463353191,3.65762873009489,4.31476794123161,2.61676233944097,2.37092389292819,3.04010139093406,1.79625775740673
1987-09-01,3.04508139480287,3.36299600351797,3.97104806539136,2.40058195030406,2.21832257101839,2.75313564661215,1.76436101107381
1987-08-01,2.85687154864099,3.12930637612888,3.68151230747757,2.25282193593474,2.1391880178681,2.59416998262069,1.75713128898368
1987-07-01,2.64102152651602,2.91551851123493,3.43360645664373,2.09385722846951,1.92674428355949,2.39474145054643,1.52926028623537
1987-06-01,2.4431457328032,2.68468490865866,3.16532138889335,1.92307739314871,1.81019507894937,2.22087655968637,1.46335407586054
1987-05-01,2.27832505884218,2.49839336162322,2.92818506755279,1.81415291033706,1.69968991472047,2.06721472278453,1.39060734747336
1987-04-01,2.11860645972715,2.32988856178369,2.71052967246625,1.72005796528918,1.56563348725409,1.91047074446497,1.27515188488288
1987-03-01,1.94815269938473,2.17201774241381,2.52737368499903,1.60279846410627,1.37328186774273,1.72134875635306,1.07667671523818
1987-02-01,1.82738639011058,2.02925916955591,2.34197091612297,1.52448692363186,1.30636535392769,1.59903832940401,1.05945679930677
1987-01-01,1.70440129279554,1.8868890125633,2.15710650717345,1.44634091188947,1.23146038743812,1.47476765461021,1.0285892079006
1986-12-01,1.57673462586393,1.74231350750299,2.01387964153775,1.30461080268722,1.14648188891946,1.35774460673168,0.971598869659006
1986-11-01,1.46130432434191,1.61760863762556,1.86505495046828,1.21779750556641,1.05628159876813,1.2399515037288,0.905218628803172
1986-10-01,1.36882402945339,1.51508718541733,1.73818902047059,1.15275587527288,0.989657989959091,1.17457995295535,0.836351687570538
1986-09-01,1.29481166937316,1.42143578709768,1.61786467917725,1.09955737275432,0.962474172226368,1.13945300766888,0.816004913539187
1986-08-01,1.22153124327409,1.33738291148422,1.51608133013555,1.04310905995925,0.916096093457096,1.09114847292116,0.770631026004511
1986-07-01,1.13133289250856,1.26507439955933,1.42588470893303,0.998241361140006,0.789099546462314,1.0455211651295,0.566930704902978
1986-06-01,1.07756664433635,1.20465006930955,1.35935860937324,0.948348622568856,0.752277761357263,0.994857269379699,0.54219693865256
1986-05-01,1.01257009870861,1.12549659987176,1.26592473112377,0.891803559647149,0.721476516172644,0.942201315533017,0.530930287958855
1986-04-01,0.95926311145802,1.06346771125298,1.18458191833669,0.858877215643779,0.689724178288253,0.884222568680729,0.522705789359171
1986-03-01,0.911666716794128,1.00817543791688,1.11620494635529,0.823735829492884,0.661172550985729,0.834610058310901,0.512997793172851
1986-02-01,0.871174477437797,0.95754511030536,1.05194198148319,0.793871684375237,0.644937965040467,0.815894277826152,0.498771608810514
1986-01-01,0.834092231384849,0.909993013568623,0.995862261047341,0.759829661434164,0.632727315782286,0.814926634684696,0.476050321877113
1985-12-01,0.766340130588527,0.838130030159943,0.92068718919584,0.694962883892449,0.576720102181898,0.764906361196875,0.413632373140411
1985-11-01,0.717495124989483,0.802320798235356,0.880252383848274,0.666809895871146,0.500436272953006,0.718040574977901,0.309118010806094
1985-10-01,0.685852223116624,0.76607591622144,0.838322983219391,0.639719764464814,0.480299128807173,0.679271146152319,0.305735777122497
1985-09-01,0.660752314213595,0.734980673240185,0.800879906610116,0.618540306294912,0.469589193618129,0.660715942868462,0.302043952371082
1985-08-01,0.635376851866098,0.703559460143632,0.771122003967487,0.585816991389874,0.458723404544824,0.642952078053681,0.297325129840148
1985-07-01,0.608762823669541,0.673013742507633,0.737753760852586,0.560227923005393,0.441925115807618,0.612022531038649,0.293209164889534
1985-06-01,0.588275593431847,0.650252226177413,0.716266096626727,0.53642652220411,0.427301413304279,0.583353983538131,0.291224291351783
1985-05-01,0.573902240862582,0.632167385020005,0.697410551711976,0.520014295126497,0.421794907357718,0.57402129422633,0.28913590363413
1985-04-01,0.560621062165695,0.614614226419818,0.679240049047958,0.503901383257454,0.418593891653563,0.566658818239222,0.289698356006205
1985-03-01,0.543885399603342,0.597756554294994,0.662245459297823,0.487787802349435,0.402755301623727,0.535460691261878,0.287684205677422
1985-02-01,0.523596221785414,0.571629461304662,0.630429867290485,0.470489623614826,0.396319304998351,0.524105811850379,0.285653060811324
1985-01-01,0.502711446516467,0.546939190337176,0.604195530761898,0.448772290115215,0.384751474826186,0.510724377527153,0.275558161317773
1984-12-01,0.46799581549372,0.519677423595136,0.577471351654938,0.421650009350707,0.334599086791036,0.466189984387326,0.219429607505891
1984-11-01,0.448929413209177,0.498634966938498,0.551395821870216,0.40835125933742,0.320680077792218,0.438318587669092,0.218076227557594
1984-10-01,0.434033653996634,0.482507932234913,0.530730223034484,0.399113810418489,0.309102016297208,0.415293645286726,0.216804709583692
1984-09-01,0.41938043776519,0.4633255575997,0.505530172379609,0.388994251285597,0.305155838531394,0.409074887117785,0.21487763476792
1984-08-01,0.407248838613348,0.447044971789814,0.48733553492957,0.37592971690337,0.302786176679623,0.406856920827989,0.212329913555173
1984-07-01,0.395992705756055,0.434772368006379,0.474620793100839,0.364678819617409,0.294230426622421,0.389627379507213,0.21158744677033
1984-06-01,0.38342337604799,0.419732806516101,0.457875021119131,0.352523345018473,0.287673810789564,0.376403106027016,0.211037338486059
1984-05-01,0.370031685863033,0.403228381217789,0.438546981199995,0.34051716304385,0.281762958882397,0.364899670831486,0.210157758879975
1984-04-01,0.358155549984224,0.391804470604354,0.425516024935087,0.331719914886641,0.269317209506394,0.351894957367499,0.198019995013963
1984-03-01,0.343304281333764,0.378913964372659,0.408773136452028,0.324651214757716,0.250615512722643,0.335556164762961,0.176844072573534
1984-02-01,0.329232317610734,0.363431080741047,0.391480483068907,0.312212089876027,0.240232845294403,0.316541046694016,0.174206747156549
1984-01-01,0.312727717931516,0.343349890951566,0.371213021070389,0.293049756185476,0.232370617484322,0.301337125988139,0.172947659659573
1983-12-01,0.294047380580263,0.325911861577208,0.353928631683603,0.275967577252598,0.211597223050782,0.266942093245211,0.164323919553847
1983-11-01,0.281983237367781,0.312317244307534,0.339857703475564,0.26348586731262,0.203415008545946,0.251646664583191,0.162530068715224
1983-10-01,0.266341178510578,0.295173919026256,0.317588679504145,0.254088355518795,0.19172849486872,0.247880245805377,0.143388665764366
1983-09-01,0.257787495004958,0.285926477164423,0.306586046540844,0.247603927670714,0.185048827952755,0.240056379866134,0.137648434079085
1983-08-01,0.250090607091021,0.276612960943206,0.296387333661652,0.239836189874318,0.181262750873996,0.235088971651329,0.134883408668699
1983-07-01,0.240746133378659,0.264129704420604,0.282873166632002,0.229206774028681,0.179313658284865,0.232200407827124,0.133763777669677
1983-06-01,0.22940388942169,0.249485210079929,0.265665441509509,0.218634640968362,0.17580385000992,0.226012032797439,0.132652537844491
1983-05-01,0.221033903032033,0.240226456574658,0.256233874160272,0.209921383499004,0.169738881438653,0.214429059598162,0.131547918996871
1983-04-01,0.211845861201845,0.23027613694366,0.244770956751037,0.202417077966853,0.162603592630138,0.202303812602752,0.12887116332486
1983-03-01,0.199232046112296,0.217867736317304,0.230409488067902,0.193152578706771,0.14999688022899,0.188672474771337,0.116996805108203
1983-02-01,0.190033959196015,0.207337550710031,0.217890281345724,0.185755164657224,0.144134542614025,0.177373833148377,0.116023228119081
1983-01-01,0.180355086174049,0.195201638309411,0.203179837956065,0.177625281732109,0.140326335380464,0.171783642574964,0.113786510971473
1982-12-01,0.162656416386952,0.174668420444445,0.182006773270626,0.158661464820164,0.129648083004839,0.15866217055041,0.105173174265237
1982-11-01,0.146962697086664,0.162442970136402,0.169055077252466,0.147854386889575,0.106755588991103,0.148732772822314,0.070017115451871
1982-10-01,0.139890117231354,0.153430136155087,0.158467711036447,0.141343667449792,0.10429722484525,0.144228413966596,0.069394530916624
1982-09-01,0.132995499622874,0.144973814280055,0.148395579018069,0.135429087025966,0.101168306668062,0.138360003419635,0.06872631162785
1982-08-01,0.126255878883947,0.137414418167574,0.139811409622002,0.129553645006417,0.096516921034394,0.130006476525186,0.067393353583318
1982-07-01,0.113517202183875,0.125427823921858,0.125852051185935,0.120724742018875,0.082563155041368,0.12001725225422,0.049574697751625
1982-06-01,0.107954431404381,0.119428583032697,0.119918669673959,0.114829700828335,0.078185915390619,0.111027225924873,0.049355460328554
1982-05-01,0.102993008486838,0.113471371810229,0.114753307641899,0.107957752181165,0.075646063559664,0.106239410869293,0.048835255096705
1982-04-01,0.097512043769908,0.106835930345361,0.107739765096881,0.102069612596898,0.072960570983788,0.100982059060844,0.048464029884058
1982-03-01,0.092498950048831,0.101013576563389,0.101520088983859,0.096994868286515,0.069947383963207,0.095360956917702,0.047792786946563
1982-02-01,0.089239653758489,0.096868689104377,0.097213975552865,0.093211726784989,0.068799800394092,0.093825657489332,0.046981877032193
1982-01-01,0.085865535761614,0.092900756084692,0.0936478702662,0.088810557229186,0.066882263047891,0.091769424048432,0.04516000368318
1981-12-01,0.081801099141325,NA,NA,NA,NA,NA,NA
1981-11-01,0.079656936920789,NA,NA,NA,NA,NA,NA
1981-10-01,0.078152867893203,NA,NA,NA,NA,NA,NA
1981-09-01,0.076456481314983,NA,NA,NA,NA,NA,NA
1981-08-01,0.075060048571128,NA,NA,NA,NA,NA,NA
1981-07-01,0.07354449426498,NA,NA,NA,NA,NA,NA
1981-06-01,0.07227148812053,NA,NA,NA,NA,NA,NA
1981-05-01,0.071275470432418,NA,NA,NA,NA,NA,NA
1981-04-01,0.070213436998918,NA,NA,NA,NA,NA,NA
1981-03-01,0.06866487222865,NA,NA,NA,NA,NA,NA
1981-02-01,0.067226824128553,NA,NA,NA,NA,NA,NA
1981-01-01,0.065615113636637,NA,NA,NA,NA,NA,NA
1980-12-01,0.063567107601118,NA,NA,NA,NA,NA,NA
1980-11-01,0.061942481999369,NA,NA,NA,NA,NA,NA
1980-10-01,0.0608861834335,NA,NA,NA,NA,NA,NA
1980-09-01,0.059977717037532,NA,NA,NA,NA,NA,NA
1980-08-01,0.059318963504417,NA,NA,NA,NA,NA,NA
1980-07-01,0.058114848311197,NA,NA,NA,NA,NA,NA
1980-06-01,0.056536148282649,NA,NA,NA,NA,NA,NA
1980-05-01,0.055436799348669,NA,NA,NA,NA,NA,NA
1980-04-01,0.054546982931667,NA,NA,NA,NA,NA,NA
1980-03-01,0.053609811109442,NA,NA,NA,NA,NA,NA
1980-02-01,0.052529117335026,NA,NA,NA,NA,NA,NA
1980-01-01,0.051342222289501,NA,NA,NA,NA,NA,NA
1979-12-01,0.048955511907266,NA,NA,NA,NA,NA,NA
1979-11-01,0.048104451183965,NA,NA,NA,NA,NA,NA
1979-10-01,0.047493063416521,NA,NA,NA,NA,NA,NA
1979-09-01,0.046677878001232,NA,NA,NA,NA,NA,NA
1979-08-01,0.046112415808492,NA,NA,NA,NA,NA,NA
1979-07-01,0.045424962028217,NA,NA,NA,NA,NA,NA
1979-06-01,0.044881030200883,NA,NA,NA,NA,NA,NA
1979-05-01,0.044388763996484,NA,NA,NA,NA,NA,NA
1979-04-01,0.043814686549672,NA,NA,NA,NA,NA,NA
1979-03-01,0.043425751591141,NA,NA,NA,NA,NA,NA
1979-02-01,0.042844504263327,NA,NA,NA,NA,NA,NA
1979-01-01,0.042237421533746,NA,NA,NA,NA,NA,NA
1978-12-01,0.040789323166206,NA,NA,NA,NA,NA,NA
1978-11-01,0.040446313782379,NA,NA,NA,NA,NA,NA
1978-10-01,0.040034418627922,NA,NA,NA,NA,NA,NA
1978-09-01,0.039555067534107,NA,NA,NA,NA,NA,NA
1978-08-01,0.03910872690366,NA,NA,NA,NA,NA,NA
1978-07-01,0.038722661971122,NA,NA,NA,NA,NA,NA
1978-06-01,0.038076828728439,NA,NA,NA,NA,NA,NA
1978-05-01,0.037560162134143,NA,NA,NA,NA,NA,NA
1978-04-01,0.03719562756626,NA,NA,NA,NA,NA,NA
1978-03-01,0.036786597255694,NA,NA,NA,NA,NA,NA
1978-02-01,0.036407712564607,NA,NA,NA,NA,NA,NA
1978-01-01,0.035892480982932,NA,NA,NA,NA,NA,NA
1977-12-01,0.03511174104213,NA,NA,NA,NA,NA,NA
1977-11-01,0.034632389948314,NA,NA,NA,NA,NA,NA
1977-10-01,0.034257810294339,NA,NA,NA,NA,NA,NA
1977-09-01,0.033998041984945,NA,NA,NA,NA,NA,NA
1977-08-01,0.033405309377817,NA,NA,NA,NA,NA,NA
1977-07-01,0.032733645913967,NA,NA,NA,NA,NA,NA
1977-06-01,0.032367671152864,NA,NA,NA,NA,NA,NA
1977-05-01,0.031975866170593,NA,NA,NA,NA,NA,NA
1977-04-01,0.031697442701635,NA,NA,NA,NA,NA,NA
1977-03-01,0.031225266669421,NA,NA,NA,NA,NA,NA
1977-02-01,0.03068994491556,NA,NA,NA,NA,NA,NA
1977-01-01,0.030026891525182,NA,NA,NA,NA,NA,NA
1976-12-01,0.02909975960845,NA,NA,NA,NA,NA,NA
1976-11-01,0.028387910619629,NA,NA,NA,NA,NA,NA
1976-10-01,0.027160830049132,NA,NA,NA,NA,NA,NA
1976-09-01,0.025712731681591,NA,NA,NA,NA,NA,NA
1976-08-01,0.024864535802933,NA,NA,NA,NA,NA,NA
1976-07-01,0.024629167882685,NA,NA,NA,NA,NA,NA
1976-06-01,0.024422500208847,NA,NA,NA,NA,NA,NA
1976-05-01,0.02432490901196,NA,NA,NA,NA,NA,NA
1976-04-01,0.024155556838602,NA,NA,NA,NA,NA,NA
1976-03-01,0.023987639677114,NA,NA,NA,NA,NA,NA
1976-02-01,0.023755141782108,NA,NA,NA,NA,NA,NA
1976-01-01,0.023318846237755,NA,NA,NA,NA,NA,NA
1975-12-01,0.02287681064442,NA,NA,NA,NA,NA,NA
1975-11-01,0.022691673335988,NA,NA,NA,NA,NA,NA
1975-10-01,0.022533801260593,NA,NA,NA,NA,NA,NA
1975-09-01,0.022418984735411,NA,NA,NA,NA,NA,NA
1975-08-01,0.022256812804255,NA,NA,NA,NA,NA,NA
1975-07-01,0.022065930265491,NA,NA,NA,NA,NA,NA
1975-06-01,0.021890838043152,NA,NA,NA,NA,NA,NA
1975-05-01,0.021524868462648,NA,NA,NA,NA,NA,NA
1975-04-01,0.021240699763357,NA,NA,NA,NA,NA,NA
1975-03-01,0.021062737516527,NA,NA,NA,NA,NA,NA
1975-02-01,0.020930700842899,NA,NA,NA,NA,NA,NA
1975-01-01,0.020815889498317,NA,NA,NA,NA,NA,NA
1974-12-01,0.020553251164433,NA,NA,NA,NA,NA,NA
1974-11-01,0.020393944077168,NA,NA,NA,NA,NA,NA
1974-10-01,0.019842832007633,NA,NA,NA,NA,NA,NA
1974-09-01,0.019456772254943,NA,NA,NA,NA,NA,NA
1974-08-01,0.019238624482391,NA,NA,NA,NA,NA,NA
1974-07-01,0.019037696858285,NA,NA,NA,NA,NA,NA
1974-06-01,0.018766448450177,NA,NA,NA,NA,NA,NA
1974-05-01,0.018582746153615,NA,NA,NA,NA,NA,NA
1974-04-01,0.018437789189555,NA,NA,NA,NA,NA,NA
1974-03-01,0.018190941171344,NA,NA,NA,NA,NA,NA
1974-02-01,0.018051724256265,NA,NA,NA,NA,NA,NA
1974-01-01,0.017652744212393,NA,NA,NA,NA,NA,NA
1973-12-01,0.01704279145757,NA,NA,NA,NA,NA,NA
1973-11-01,0.01640557346971,NA,NA,NA,NA,NA,NA
1973-10-01,0.016206080857473,NA,NA,NA,NA,NA,NA
1973-09-01,0.016000848196256,NA,NA,NA,NA,NA,NA
1973-08-01,0.015629138566771,NA,NA,NA,NA,NA,NA
1973-07-01,0.015382285367961,NA,NA,NA,NA,NA,NA
1973-06-01,0.014997655446541,NA,NA,NA,NA,NA,NA
1973-05-01,0.014875669040357,NA,NA,NA,NA,NA,NA
1973-04-01,0.014719231977583,NA,NA,NA,NA,NA,NA
1973-03-01,0.014489604107068,NA,NA,NA,NA,NA,NA
1973-02-01,0.014363307483172,NA,NA,NA,NA,NA,NA
1973-01-01,0.0142456209335,NA,NA,NA,NA,NA,NA
1972-12-01,0.014041828464751,NA,NA,NA,NA,NA,NA
1972-11-01,0.013994462697578,NA,NA,NA,NA,NA,NA
1972-10-01,0.013904046561542,NA,NA,NA,NA,NA,NA
1972-09-01,0.013894001475449,NA,NA,NA,NA,NA,NA
1972-08-01,0.013830855753801,NA,NA,NA,NA,NA,NA
1972-07-01,0.013740439617765,NA,NA,NA,NA,NA,NA
1972-06-01,0.013688768814232,NA,NA,NA,NA,NA,NA
1972-05-01,0.013588307592103,NA,NA,NA,NA,NA,NA
1972-04-01,0.013561042358315,NA,NA,NA,NA,NA,NA
1972-03-01,0.013476366272012,NA,NA,NA,NA,NA,NA
1972-02-01,0.013403170283671,NA,NA,NA,NA,NA,NA
1972-01-01,0.013361549746078,NA,NA,NA,NA,NA,NA
1971-12-01,0.013302709061542,NA,NA,NA,NA,NA,NA
1971-11-01,0.013239558159294,NA,NA,NA,NA,NA,NA
1971-10-01,0.013218032974488,NA,NA,NA,NA,NA,NA
1971-09-01,0.013205112683304,NA,NA,NA,NA,NA,NA
1971-08-01,0.013162057133842,NA,NA,NA,NA,NA,NA
1971-07-01,0.013042940752149,NA,NA,NA,NA,NA,NA
1971-06-01,0.013052985838241,NA,NA,NA,NA,NA,NA
1971-05-01,0.012994145153705,NA,NA,NA,NA,NA,NA
1971-04-01,0.012966874739317,NA,NA,NA,NA,NA,NA
1971-03-01,0.012900853812579,NA,NA,NA,NA,NA,NA
1971-02-01,0.012852058214135,NA,NA,NA,NA,NA,NA
1971-01-01,0.01279895757858,NA,NA,NA,NA,NA,NA
1970-12-01,0.012674095966554,NA,NA,NA,NA,NA,NA
1970-11-01,0.012567894695444,NA,NA,NA,NA,NA,NA
1970-10-01,0.012500438756085,NA,NA,NA,NA,NA,NA
1970-09-01,0.012496133719725,NA,NA,NA,NA,NA,NA
1970-08-01,0.012465993280846,NA,NA,NA,NA,NA,NA
1970-07-01,0.01240858760818,NA,NA,NA,NA,NA,NA
1970-06-01,0.012348311911022,NA,NA,NA,NA,NA,NA
1970-05-01,0.012273680910061,NA,NA,NA,NA,NA,NA
1970-04-01,0.012247845508294,NA,NA,NA,NA,NA,NA
1970-03-01,0.01223206037322,NA,NA,NA,NA,NA,NA
1970-02-01,0.01219617988536,NA,NA,NA,NA,NA,NA
1970-01-01,0.012197614897229,NA,NA,NA,NA,NA,NA
1969-12-01,0.012105763749324,NA,NA,NA,NA,NA,NA
1969-11-01,0.012015347613288,NA,NA,NA,NA,NA,NA
1969-10-01,0.012013912601418,NA,NA,NA,NA,NA,NA
1969-09-01,0.011889050989392,NA,NA,NA,NA,NA,NA
1969-08-01,0.011778544681171,NA,NA,NA,NA,NA,NA
1969-07-01,0.011765624389987,NA,NA,NA,NA,NA,NA
1969-06-01,0.011721133828656,NA,NA,NA,NA,NA,NA
1969-05-01,0.011679513291063,NA,NA,NA,NA,NA,NA
1969-04-01,0.011679513291063,NA,NA,NA,NA,NA,NA
1969-03-01,0.011647943020915,NA,NA,NA,NA,NA,NA
1969-02-01,0.011636457741601,NA,NA,NA,NA,NA,NA
1969-01-01,0.01159484238536,NA,NA,NA,NA,NA,NA
