"","pmi_comp","new_ord","prod","employ","deliv","maninv","custinv","prices","backlog","exports","imports"
"1948-01-01",51.7,53.3,59.1,54.8,36.3,45.3,NA,72.2,NA,NA,NA
"1948-02-01",50.2,51.1,55.2,55.8,37.1,43.9,NA,62.7,NA,NA,NA
"1948-03-01",43.3,43.9,47.8,44,32.7,44.5,NA,69.3,NA,NA,NA
"1948-04-01",45.4,44.5,49.5,43.9,41.6,46.1,NA,75.8,NA,NA,NA
"1948-05-01",49.5,51.2,52.1,51.8,40.4,47,NA,70.8,NA,NA,NA
"1948-06-01",53,58.1,56.8,50.8,38.4,54.7,NA,78.5,NA,NA,NA
"1948-07-01",48.4,50.4,51.4,49.1,36.8,51.1,NA,77.3,NA,NA,NA
"1948-08-01",45.1,46,51,46.1,31.2,46.6,NA,77,NA,NA,NA
"1948-09-01",42.1,40.6,47.9,46.1,28.3,45.2,NA,66,NA,NA,NA
"1948-10-01",47.2,52.1,52.7,47.5,28.7,45.4,NA,56.6,NA,NA,NA
"1948-11-01",42.4,43.2,48.9,44,28,42.6,NA,51,NA,NA,NA
"1948-12-01",35,34.5,42.1,39,17.7,37,NA,47.5,NA,NA,NA
"1949-01-01",32.9,31.4,42,34.1,16.6,36.6,NA,39.6,NA,NA,NA
"1949-02-01",31.3,34.2,39.6,28.3,13.1,34.9,NA,31.3,NA,NA,NA
"1949-03-01",34.5,42.1,41.9,31.1,12.4,33.3,NA,31.8,NA,NA,NA
"1949-04-01",35.5,42.3,44.1,31.6,16.2,27.9,NA,13.8,NA,NA,NA
"1949-05-01",32.6,41.1,38.2,29,15.5,25.5,NA,20.1,NA,NA,NA
"1949-06-01",31.6,39.8,38.4,27.2,15,24.1,NA,10.6,NA,NA,NA
"1949-07-01",39,49.1,47,34.8,22.4,21.5,NA,28.8,NA,NA,NA
"1949-08-01",47,55.7,58.5,40,33,26.8,NA,42.7,NA,NA,NA
"1949-09-01",52.3,58,60.3,51.4,39.9,35.8,NA,47.5,NA,NA,NA
"1949-10-01",51,58.9,54.5,43.7,46.1,40.6,NA,42.1,NA,NA,NA
"1949-11-01",51,58.7,55.7,42.9,51.5,31.3,NA,51.1,NA,NA,NA
"1949-12-01",57.3,53.1,63.3,52.6,52.2,41.7,NA,49.9,NA,NA,NA
"1950-01-01",59.1,62.3,64.3,57.7,56.3,43.6,NA,62.4,NA,NA,NA
"1950-02-01",60.5,62.5,66.7,51.1,68,46.4,NA,70.9,NA,NA,NA
"1950-03-01",62.1,61.8,65.8,56.9,72,48.8,NA,77,NA,NA,NA
"1950-04-01",68.1,71,74.8,63.4,68.8,50.6,NA,80.2,NA,NA,NA
"1950-05-01",74.7,76.6,78.1,69.8,82.9,58.2,NA,98.2,NA,NA,NA
"1950-06-01",76.6,82.6,79.1,71.9,76.5,62.1,NA,100,NA,NA,NA
"1950-07-01",77.5,80.3,77.1,72.5,89.4,62.7,NA,90.7,NA,NA,NA
"1950-08-01",75.8,77.1,78.7,72.3,81.7,62.3,NA,84.8,NA,NA,NA
"1950-09-01",68.1,66.4,68.6,72.2,73.7,55.2,NA,84.4,NA,NA,NA
"1950-10-01",59.2,49,62.9,65.6,70.3,50.6,NA,84.8,NA,NA,NA
"1950-11-01",63.1,57.2,63.6,66.7,79.1,48.3,NA,85.1,NA,NA,NA
"1950-12-01",67.1,67.7,62.5,65.1,87.5,49.7,NA,91.1,NA,NA,NA
"1951-01-01",67.8,67.9,63,67.8,88.7,48,NA,85.1,NA,NA,NA
"1951-02-01",69.3,70,61.4,73.7,93.3,42.1,NA,86.5,NA,NA,NA
"1951-03-01",65.5,61,61.2,72,85.1,47.4,NA,76.6,NA,NA,NA
"1951-04-01",53.5,42.3,53.5,61.9,65.7,51.8,NA,68.5,NA,NA,NA
"1951-05-01",50.7,45.2,54.2,58.8,45,51.2,NA,63.6,NA,NA,NA
"1951-06-01",45.5,39.1,48.6,56.4,36.7,48.4,NA,52.1,NA,NA,NA
"1951-07-01",42.1,38.2,41.6,53.2,32.2,47.8,NA,46.4,NA,NA,NA
"1951-08-01",43.6,38.5,48.4,51.7,32,46.7,NA,43.2,NA,NA,NA
"1951-09-01",48.1,48.2,50.2,48.6,46.4,43.8,NA,45.7,NA,NA,NA
"1951-10-01",49.6,51.7,50.3,51.1,47.2,42,NA,54.4,NA,NA,NA
"1951-11-01",47.2,49.3,50.9,50.2,34.9,44.5,NA,55.6,NA,NA,NA
"1951-12-01",46.5,45.3,52.8,51.8,33.6,42.6,NA,56.6,NA,NA,NA
"1952-01-01",44.7,46.8,49.5,46.9,31.3,42.5,NA,51.8,NA,NA,NA
"1952-02-01",41.8,42.3,49.9,44.8,24.9,39.3,NA,52.7,NA,NA,NA
"1952-03-01",40,43.7,48.7,41.8,18.8,35.6,NA,44.7,NA,NA,NA
"1952-04-01",36.7,35.8,43.5,43.3,19.4,35.4,NA,42.6,NA,NA,NA
"1952-05-01",39.5,43.9,45.7,42.7,22.4,30.3,NA,38.8,NA,NA,NA
"1952-06-01",43.3,46.3,49.5,43.5,33,33.8,NA,40.4,NA,NA,NA
"1952-07-01",48.3,69.4,37.2,39.5,47.4,31.6,NA,60.1,NA,NA,NA
"1952-08-01",60.4,58.5,84,63.1,41.2,30.5,NA,54.7,NA,NA,NA
"1952-09-01",56.1,60.3,66,56.2,42.7,38.6,NA,57.9,NA,NA,NA
"1952-10-01",56.2,59.9,65.3,57.8,43.3,38.2,NA,54.1,NA,NA,NA
"1952-11-01",56.8,58.8,65,60.9,45,39.9,NA,49.7,NA,NA,NA
"1952-12-01",55.8,60.4,64.3,55.6,43.5,40,NA,48.2,NA,NA,NA
"1953-01-01",59.4,64.6,69.8,61.5,41.5,40.9,NA,45.1,NA,NA,NA
"1953-02-01",55.4,56,62.4,61.7,41.8,44.3,NA,54.5,NA,NA,NA
"1953-03-01",50.5,47.2,54,59.4,41.8,46.4,NA,73.3,NA,NA,NA
"1953-04-01",51.1,52,57.3,55,38.6,43.8,NA,69.3,NA,NA,NA
"1953-05-01",48.9,49.3,57.1,52.3,35.1,41.2,NA,72.3,NA,NA,NA
"1953-06-01",48.5,48.3,55.2,53.8,33.3,44.6,NA,69.7,NA,NA,NA
"1953-07-01",46.3,44.2,53.1,54.4,28.5,45.6,NA,62,NA,NA,NA
"1953-08-01",43.5,42.1,50.7,48.1,26.5,46.2,NA,55.8,NA,NA,NA
"1953-09-01",40.2,39.9,46.8,43.8,23.2,43.3,NA,43.8,NA,NA,NA
"1953-10-01",37.4,38,44.6,37.9,20.7,41.3,NA,45.1,NA,NA,NA
"1953-11-01",36.9,40.9,43.4,35.8,20.2,35.5,NA,47,NA,NA,NA
"1953-12-01",35.6,37.5,41.3,36.6,21.8,34.2,NA,47.7,NA,NA,NA
"1954-01-01",37.4,42.9,45,31.5,23.6,34.2,NA,40.5,NA,NA,NA
"1954-02-01",40.7,50.3,46,34.8,26.9,30.9,NA,41.6,NA,NA,NA
"1954-03-01",44.7,54.7,51.5,40.2,28,31.6,NA,46.6,NA,NA,NA
"1954-04-01",47.7,58.4,55.4,42.4,30.3,33.2,NA,49.7,NA,NA,NA
"1954-05-01",50.1,60.2,56.3,44.5,34.3,39.1,NA,45.6,NA,NA,NA
"1954-06-01",52.1,64.6,59.4,45.2,35.8,34.4,NA,52.5,NA,NA,NA
"1954-07-01",51.7,63.8,57.4,44.4,38.1,35.7,NA,53.8,NA,NA,NA
"1954-08-01",54.4,56.6,56.2,37.7,36.4,37.7,NA,41.7,NA,NA,NA
"1954-09-01",53.5,62.2,57,49.7,43.6,40.8,NA,53,NA,NA,NA
"1954-10-01",58.2,66.7,62.4,55.8,49.5,40.5,NA,57.6,NA,NA,NA
"1954-11-01",58.8,66,63,55.1,51.9,44.7,NA,57.8,NA,NA,NA
"1954-12-01",63.8,73.6,70.5,55.8,54.5,47.1,NA,59.1,NA,NA,NA
"1955-01-01",63,66.8,69.1,59,60.6,48,NA,66.7,NA,NA,NA
"1955-02-01",67.8,73.9,70.9,63.4,67.2,51.3,NA,82,NA,NA,NA
"1955-03-01",67.5,71.5,71,63,68.5,54.4,NA,69.8,NA,NA,NA
"1955-04-01",68.7,70.9,73.8,63.9,71.9,54.2,NA,75.2,NA,NA,NA
"1955-05-01",69.5,72.9,73.5,66.2,68.7,56.6,NA,81,NA,NA,NA
"1955-06-01",63.3,60.9,65.5,61.2,65.7,65.2,NA,75.9,NA,NA,NA
"1955-07-01",66.2,67.1,72.1,60.9,67,58.4,NA,80.4,NA,NA,NA
"1955-08-01",64.8,70.4,67.1,59.2,64.3,54.2,NA,79.5,NA,NA,NA
"1955-09-01",62.4,63.7,64.3,59.7,66.3,53.5,NA,82.2,NA,NA,NA
"1955-10-01",63.7,66.3,65.1,60.9,66.5,53.5,NA,80.5,NA,NA,NA
"1955-11-01",62,61.5,63.9,61.3,64.9,55.5,NA,77.3,NA,NA,NA
"1955-12-01",65.6,66.6,72.4,63.9,61.4,55.4,NA,80,NA,NA,NA
"1956-01-01",60.2,61.8,64,62.3,53.5,52.2,NA,82.7,NA,NA,NA
"1956-02-01",58.2,56.2,63.5,61,51.3,56.1,NA,83.5,NA,NA,NA
"1956-03-01",57.2,57.3,61,56.9,51,57.2,NA,87.7,NA,NA,NA
"1956-04-01",55.9,55.9,58.9,54.8,51,57.5,NA,87.5,NA,NA,NA
"1956-05-01",51.2,53,52.8,51.4,38.6,60.3,NA,81.7,NA,NA,NA
"1956-06-01",47.7,48.9,49.2,43.9,41,58.4,NA,65.7,NA,NA,NA
"1956-07-01",44.2,44.4,38,40.8,53.9,51.5,NA,74.7,NA,NA,NA
"1956-08-01",51.5,54.3,51.5,50.3,46.8,52.1,NA,76.3,NA,NA,NA
"1956-09-01",55.5,60.5,60.2,52.9,42.8,53.1,NA,79.5,NA,NA,NA
"1956-10-01",52.7,55.6,56.7,52.2,40.1,53.6,NA,78.1,NA,NA,NA
"1956-11-01",55,57,62.3,56,44.6,44.6,NA,80.1,NA,NA,NA
"1956-12-01",52.7,52.8,57.7,55.4,39.5,54.3,NA,78.9,NA,NA,NA
"1957-01-01",53.6,57.6,56.6,56.6,36.3,53.9,NA,87.1,NA,NA,NA
"1957-02-01",51,52.5,57.9,53.8,31.2,53.1,NA,76.9,NA,NA,NA
"1957-03-01",47.5,51.1,52.1,52.5,26.3,46.6,NA,65.3,NA,NA,NA
"1957-04-01",43.1,49.2,47.9,40.3,28.9,39.9,NA,59.2,NA,NA,NA
"1957-05-01",43.4,46.1,49.9,41.9,30,41.8,NA,57.4,NA,NA,NA
"1957-06-01",45.9,49.8,53.6,45.1,30,40.7,NA,62.9,NA,NA,NA
"1957-07-01",45.7,47.6,49.2,45.5,36.8,45.3,NA,78.7,NA,NA,NA
"1957-08-01",45.3,48.8,51.3,43.1,30.8,46,NA,65.7,NA,NA,NA
"1957-09-01",45.8,53.8,50.6,42.1,28.8,42.6,NA,63,NA,NA,NA
"1957-10-01",41.1,46.4,42.9,36.6,32.6,42.7,NA,60.5,NA,NA,NA
"1957-11-01",40.4,47.2,44.4,34.8,27.8,39.7,NA,54.8,NA,NA,NA
"1957-12-01",36.8,42.8,40,30.4,27.3,38,NA,55.5,NA,NA,NA
"1958-01-01",33.4,35.2,34.9,29.7,30.3,35.8,NA,50.8,NA,NA,NA
"1958-02-01",37.2,47.3,37.8,27.9,31,33.1,NA,46.5,NA,NA,NA
"1958-03-01",39.8,45.3,45.1,33.4,34,31.3,NA,47.6,NA,NA,NA
"1958-04-01",39.1,47.2,41,31.5,35.5,30.8,NA,42.5,NA,NA,NA
"1958-05-01",46.6,56.7,52.6,39.7,38.5,27.7,NA,45.8,NA,NA,NA
"1958-06-01",51.4,60.8,58.9,46.7,39.2,32.2,NA,49.6,NA,NA,NA
"1958-07-01",54.7,66.5,61.2,47.6,43,34.6,NA,52.3,NA,NA,NA
"1958-08-01",57.3,65.2,64.5,52.1,44.7,44.8,NA,65.2,NA,NA,NA
"1958-09-01",59.8,67,66.8,55.5,51.1,42.5,NA,62.6,NA,NA,NA
"1958-10-01",62.3,67.9,70,59.6,52.4,46.4,NA,73.3,NA,NA,NA
"1958-11-01",62.7,68.5,68.3,58,55.8,51,NA,66.3,NA,NA,NA
"1958-12-01",60.5,64.7,63.9,59,56.4,49,NA,63.2,NA,NA,NA
"1959-01-01",64.4,69,70.7,60.8,61.8,45.5,NA,59.1,NA,NA,NA
"1959-02-01",66.9,70.5,70.3,62.5,67.3,55.5,NA,66.6,NA,NA,NA
"1959-03-01",67.1,70.2,71.2,62.3,66.3,58.4,NA,68.9,NA,NA,NA
"1959-04-01",66.9,66.9,72.1,63.6,64.8,63.4,NA,63.6,NA,NA,NA
"1959-05-01",68.2,69.9,73.9,64.8,63,63.8,NA,65.1,NA,NA,NA
"1959-06-01",64.4,64.2,66.3,62.2,63.7,65.6,NA,69.5,NA,NA,NA
"1959-07-01",61.5,61.3,64.8,59,59.1,62,NA,63.9,NA,NA,NA
"1959-08-01",55.1,54.4,57.4,53.6,57.4,50.9,NA,57.6,NA,NA,NA
"1959-09-01",48.3,43.7,50.9,48,57.5,42.3,NA,61.6,NA,NA,NA
"1959-10-01",49.7,50,50.4,47.3,58.5,39.1,NA,63.1,NA,NA,NA
"1959-11-01",50.6,51.1,51.9,48.8,54.6,43.4,NA,65.1,NA,NA,NA
"1959-12-01",58.2,62.8,61.7,54.8,53.7,49.1,NA,63.6,NA,NA,NA
"1960-01-01",61.5,65.4,71.9,60.8,46.2,48.3,NA,63.8,NA,NA,NA
"1960-02-01",52.3,52.5,58.6,57.2,31.7,56.6,NA,60.9,NA,NA,NA
"1960-03-01",47.8,52.2,52.4,48,28.8,50.7,NA,57.3,NA,NA,NA
"1960-04-01",45.3,52,49.8,42,28.9,45.5,NA,60.4,NA,NA,NA
"1960-05-01",42.6,45.8,45,42.5,32.3,42.5,NA,57,NA,NA,NA
"1960-06-01",44.4,49.2,48.5,39.7,34.8,43.9,NA,52.6,NA,NA,NA
"1960-07-01",43.7,45.7,48.2,42.1,35.8,41.9,NA,49.9,NA,NA,NA
"1960-08-01",47.6,55.6,50.3,43.6,38,39.1,NA,50.6,NA,NA,NA
"1960-09-01",45.4,50.5,50,40.2,37.3,40.8,NA,48.4,NA,NA,NA
"1960-10-01",46,50.1,51.2,43.7,36.2,39.7,NA,45,NA,NA,NA
"1960-11-01",44.3,48.2,45.6,43,37.6,41.7,NA,46.9,NA,NA,NA
"1960-12-01",44.3,47.5,47.5,40.7,40.4,39.3,NA,46.6,NA,NA,NA
"1961-01-01",43.9,47.2,47.3,39.7,39.2,40.5,NA,49.1,NA,NA,NA
"1961-02-01",43.6,48.7,49.2,34.2,41.1,36.6,NA,50.3,NA,NA,NA
"1961-03-01",49.1,55.2,55.4,42.2,42.1,38.9,NA,50.2,NA,NA,NA
"1961-04-01",57.6,67.7,61.7,53.2,47.5,41.3,NA,51.8,NA,NA,NA
"1961-05-01",58.9,64.8,66.6,56.3,47.9,44,NA,55,NA,NA,NA
"1961-06-01",58.1,64,65.3,55.1,49.3,42,NA,50,NA,NA,NA
"1961-07-01",58.2,64.5,64.3,54.1,49.4,45.3,NA,50.9,NA,NA,NA
"1961-08-01",60.7,62.9,68.4,58.3,50.6,54.5,NA,52.2,NA,NA,NA
"1961-09-01",63,69.5,66.8,61.1,50.7,56.3,NA,53.9,NA,NA,NA
"1961-10-01",62.2,68.3,66.3,58.2,52.4,56.7,NA,55.5,NA,NA,NA
"1961-11-01",59,65.1,58.3,59,51.1,54.6,NA,51.9,NA,NA,NA
"1961-12-01",64.2,73.4,66.1,58.6,55.8,56.1,NA,56.3,NA,NA,NA
"1962-01-01",60.9,59.4,66.4,60.3,57.1,59,NA,57.1,NA,NA,NA
"1962-02-01",61.1,61.8,64.7,60.5,56.2,58.6,NA,54.7,NA,NA,NA
"1962-03-01",60.6,60.1,66.9,57.6,57,57.5,NA,56.8,NA,NA,NA
"1962-04-01",55.1,57.3,57.4,55.6,47.4,53.5,NA,53.6,NA,NA,NA
"1962-05-01",52.2,53.6,55.3,52.3,45.2,50.3,NA,52,NA,NA,NA
"1962-06-01",50.8,52.5,54.8,51.6,43.3,46.4,NA,51.7,NA,NA,NA
"1962-07-01",51,53.2,54.7,51.2,45.1,43.8,NA,51.6,NA,NA,NA
"1962-08-01",49.5,52.9,52.5,47,43.7,45.2,NA,47.7,NA,NA,NA
"1962-09-01",50,53,52.4,49.7,45.1,42.5,NA,45.4,NA,NA,NA
"1962-10-01",51.2,53.6,54,49.9,46.7,46.2,NA,43.9,NA,NA,NA
"1962-11-01",53.8,57.8,56.9,48.7,48.7,51.5,NA,47.1,NA,NA,NA
"1962-12-01",57.2,59.7,63.3,54.6,50.1,50.1,NA,47.3,NA,NA,NA
"1963-01-01",55.2,60.9,56.5,52.5,50.4,47.4,NA,48.5,NA,NA,NA
"1963-02-01",55.1,60.4,57.7,50.2,51,48.3,NA,51.7,NA,NA,NA
"1963-03-01",54.7,57.5,56.3,52.4,54.9,46.8,NA,47.5,NA,NA,NA
"1963-04-01",57.6,60.6,61,52.7,58.2,48.6,NA,55,NA,NA,NA
"1963-05-01",59.8,66.9,60.4,53.5,56.4,54.2,NA,67.1,NA,NA,NA
"1963-06-01",58.2,61.9,60.6,52.6,56.3,55,NA,58.7,NA,NA,NA
"1963-07-01",55.5,60.1,60.4,52,43.6,54,NA,61,NA,NA,NA
"1963-08-01",55.1,62,56.8,51.1,48.5,48.1,NA,59.8,NA,NA,NA
"1963-09-01",56.9,59.8,63.2,54.8,49.7,47.9,NA,57.8,NA,NA,NA
"1963-10-01",57.7,64,63.3,54.5,47.4,46.4,NA,76.9,NA,NA,NA
"1963-11-01",57.5,63.7,64.1,53.5,48.7,43.7,NA,66.2,NA,NA,NA
"1963-12-01",54,58.6,60.7,48.4,47.6,44.2,NA,64.4,NA,NA,NA
"1964-01-01",57.1,61.3,63.3,51.4,55.3,42.9,NA,60,NA,NA,NA
"1964-02-01",57.9,61.8,64,52.7,51.9,50.4,NA,60.1,NA,NA,NA
"1964-03-01",60.2,61.7,64.4,55.2,60.3,54.6,NA,60.6,NA,NA,NA
"1964-04-01",59.2,63.6,60.6,55.2,57.7,53.1,NA,65.4,NA,NA,NA
"1964-05-01",58.7,59.9,61,56,61.4,50.3,NA,60.3,NA,NA,NA
"1964-06-01",60.1,64.7,62.1,55.7,57.6,53.5,NA,58.9,NA,NA,NA
"1964-07-01",62.9,69.9,63.7,56.3,61.8,55.5,NA,60.9,NA,NA,NA
"1964-08-01",63.3,68,63.9,58,66.2,53.5,NA,61.7,NA,NA,NA
"1964-09-01",63.3,63.3,64.9,56.8,71.9,59,NA,64.8,NA,NA,NA
"1964-10-01",60.7,58.9,61.8,55,71.2,59.1,NA,68.8,NA,NA,NA
"1964-11-01",61.8,60.7,62.1,57.3,70.3,61,NA,68.5,NA,NA,NA
"1964-12-01",62.4,64.4,63.5,55.2,67.8,59.5,NA,69.6,NA,NA,NA
"1965-01-01",61,62.3,58.2,56.7,68.5,61.4,NA,70.7,NA,NA,NA
"1965-02-01",62.1,63.2,59.8,58.3,68.1,63.2,NA,64.8,NA,NA,NA
"1965-03-01",64.9,68.7,65.7,61.2,65.9,57.8,NA,64.5,NA,NA,NA
"1965-04-01",62,59.8,62.6,59.2,69.4,61.9,NA,68.7,NA,NA,NA
"1965-05-01",61.3,60.2,62.4,56.4,68.9,60.6,NA,70,NA,NA,NA
"1965-06-01",58.7,57.4,57.5,55.4,69.3,55.8,NA,73.2,NA,NA,NA
"1965-07-01",58.1,56.6,59,56.2,65.1,53.8,NA,71.8,NA,NA,NA
"1965-08-01",58.1,56,56.6,58,65.4,57.2,NA,70.5,NA,NA,NA
"1965-09-01",61,63.6,63.8,56.2,61.2,55.7,NA,66.3,NA,NA,NA
"1965-10-01",58.6,62,60.5,56.9,59.1,46.5,NA,68.6,NA,NA,NA
"1965-11-01",59.4,61.9,60.9,54.7,65.1,48.7,NA,70.6,NA,NA,NA
"1965-12-01",62.8,62.9,64.4,60.2,73.5,47.4,NA,67,NA,NA,NA
"1966-01-01",65.8,66.5,68.4,62.6,74.9,49.7,NA,75.9,NA,NA,NA
"1966-02-01",65.5,66.1,66.1,61.2,80.1,48.7,NA,80.9,NA,NA,NA
"1966-03-01",65.7,64.3,63.8,61.5,86.4,52.3,NA,85.7,NA,NA,NA
"1966-04-01",64.2,64.3,63.1,59.9,79.3,53,NA,83.9,NA,NA,NA
"1966-05-01",57.7,52.7,55.5,57,74.6,53.8,NA,83.3,NA,NA,NA
"1966-06-01",59,55.9,57.6,58.8,71.6,53.3,NA,81.5,NA,NA,NA
"1966-07-01",60.3,56.3,59.3,58.9,73.1,57.9,NA,79.7,NA,NA,NA
"1966-08-01",58.5,53.3,57.7,56.4,74.3,57,NA,79.5,NA,NA,NA
"1966-09-01",58.7,55.2,57.9,56.5,72.4,54.8,NA,73.7,NA,NA,NA
"1966-10-01",57.2,51.6,57,56.9,68.7,58.2,NA,70.3,NA,NA,NA
"1966-11-01",53.7,46.8,54.2,55.6,62.6,55.6,NA,71.9,NA,NA,NA
"1966-12-01",52.4,48.8,54.1,50.7,57.9,53.7,NA,67.6,NA,NA,NA
"1967-01-01",49.1,46.2,54.1,48.3,48.2,48.2,NA,72.9,NA,NA,NA
"1967-02-01",47.6,45.1,50.4,47.6,49.9,45.3,NA,61.8,NA,NA,NA
"1967-03-01",45.3,45.3,48.7,46.3,38,45.6,NA,54,NA,NA,NA
"1967-04-01",42.8,46.4,44.3,41.8,36.9,39.4,NA,56.3,NA,NA,NA
"1967-05-01",44.5,47.6,48,45.5,34.4,39.7,NA,56.1,NA,NA,NA
"1967-06-01",46.8,51.8,50.7,45.8,36.5,39.6,NA,58.4,NA,NA,NA
"1967-07-01",49.5,53.7,53.4,50.2,40.9,38.1,NA,63.9,NA,NA,NA
"1967-08-01",52.2,55.4,56.4,52.9,44.8,41.7,NA,67.5,NA,NA,NA
"1967-09-01",54.9,62,57.4,51.6,46.5,46.8,NA,75.2,NA,NA,NA
"1967-10-01",54.1,55.8,57.7,52.4,51.1,48,NA,78.7,NA,NA,NA
"1967-11-01",54.2,57,58.6,51.5,51.4,44.4,NA,83.8,NA,NA,NA
"1967-12-01",55.6,59.4,58.7,51.5,49.9,53.8,NA,79.6,NA,NA,NA
"1968-01-01",56.6,60.1,59.3,53.2,50.6,54.8,NA,78,NA,NA,NA
"1968-02-01",55,56.6,58.1,50.3,53.9,53.7,NA,76.3,NA,NA,NA
"1968-03-01",53.8,55.7,55.8,50.1,54,50.7,NA,76.1,NA,NA,NA
"1968-04-01",58,64.5,60.1,53.5,49,54.9,NA,71.5,NA,NA,NA
"1968-05-01",55.3,56.2,60,53.1,49.4,54,NA,69.2,NA,NA,NA
"1968-06-01",53.5,54.3,54.9,52.6,49.9,55,NA,70.4,NA,NA,NA
"1968-07-01",54.1,54.5,56.5,48.2,55.9,55.8,NA,67.1,NA,NA,NA
"1968-08-01",52.7,53.8,56.1,49.5,47.8,54.2,NA,74.3,NA,NA,NA
"1968-09-01",51.8,55.4,57,47.1,48.4,42.4,NA,72.4,NA,NA,NA
"1968-10-01",55.8,58.5,61.1,52.6,53.3,44.3,NA,70.8,NA,NA,NA
"1968-11-01",58.1,61.3,59.8,56.4,61,43.5,NA,69.5,NA,NA,NA
"1968-12-01",56.1,56.7,60.6,52.8,58.3,46.3,NA,76.8,NA,NA,NA
"1969-01-01",54.9,54.4,57.1,51.9,63.6,44.2,NA,77.1,NA,NA,NA
"1969-02-01",57,57.9,59.1,56.1,60.1,46.3,NA,79.6,NA,NA,NA
"1969-03-01",57.1,59.3,58.8,53.8,60.5,47.6,NA,79.4,NA,NA,NA
"1969-04-01",55.2,54.4,55.1,52.7,63.9,49.2,NA,78.8,NA,NA,NA
"1969-05-01",56.7,57.6,56.3,52.8,64.9,50.7,NA,79.3,NA,NA,NA
"1969-06-01",55.5,52.7,56.9,53.1,67,47.8,NA,80.9,NA,NA,NA
"1969-07-01",53.1,49.8,51.2,53,65.7,49.3,NA,80.9,NA,NA,NA
"1969-08-01",54.8,51.5,54.1,51.2,70.3,50.9,NA,84.4,NA,NA,NA
"1969-09-01",54.1,50.4,54.8,50.3,68.9,49.4,NA,83.2,NA,NA,NA
"1969-10-01",54.6,51.9,53.2,51.3,66.8,54.2,NA,85.3,NA,NA,NA
"1969-11-01",53.2,50.6,51.2,50.4,64.1,55.6,NA,81.8,NA,NA,NA
"1969-12-01",52,48,50.3,49.6,66.8,51.5,NA,82.2,NA,NA,NA
"1970-01-01",48.7,45.8,48.1,46.3,57.9,50.2,NA,80.6,NA,NA,NA
"1970-02-01",47.4,45.8,45.9,43.3,57.7,48.6,NA,74.5,NA,NA,NA
"1970-03-01",46.9,45.2,47.3,44.8,49.3,51.4,NA,67.8,NA,NA,NA
"1970-04-01",45,45.7,45.5,40.7,48.7,44.3,NA,75.1,NA,NA,NA
"1970-05-01",47.2,45.3,45.2,40.8,67.2,40.4,NA,78.3,NA,NA,NA
"1970-06-01",51.1,53.2,49.7,41.4,66.1,45.3,NA,73.8,NA,NA,NA
"1970-07-01",49.5,52.5,54.5,40.6,49.8,45.4,NA,72.4,NA,NA,NA
"1970-08-01",47.3,51.8,49.7,40.1,46.1,43.8,NA,68.6,NA,NA,NA
"1970-09-01",44.1,44.2,45.1,39.5,46.5,47.2,NA,70.6,NA,NA,NA
"1970-10-01",42.4,44.7,44.1,37.6,39,45.7,NA,67.8,NA,NA,NA
"1970-11-01",39.7,43.3,38.5,33.8,37.8,46.3,NA,68.1,NA,NA,NA
"1970-12-01",45.4,51.2,46.8,41.4,37.5,44.4,NA,64.5,NA,NA,NA
"1971-01-01",47.9,55.4,50.5,40,39.8,47.4,NA,65.1,NA,NA,NA
"1971-02-01",54.8,62.8,60,47.7,44.2,48,NA,64.6,NA,NA,NA
"1971-03-01",51.2,56.2,54.4,44.3,45,51.2,NA,67,NA,NA,NA
"1971-04-01",54.5,59.6,58.1,45.7,48.9,55.5,NA,70.8,NA,NA,NA
"1971-05-01",54.2,57,58.9,47.4,49.4,55.1,NA,71.6,NA,NA,NA
"1971-06-01",53.8,57.9,55.4,47.5,47.9,59,NA,78.1,NA,NA,NA
"1971-07-01",54.4,57.8,56.8,49.5,47.4,58.9,NA,72.6,NA,NA,NA
"1971-08-01",53.6,58.4,55.6,48.4,49.7,50.9,NA,72.4,NA,NA,NA
"1971-09-01",55.1,61,59.3,53,48.9,40.2,NA,52.3,NA,NA,NA
"1971-10-01",55,61.4,60.8,49.8,50.9,38.1,NA,51.7,NA,NA,NA
"1971-11-01",52.3,55.4,56.1,49.3,50.9,41.6,NA,53.9,NA,NA,NA
"1971-12-01",57.6,63.5,63.9,49,53.3,47.7,NA,65.1,NA,NA,NA
"1972-01-01",59.6,64.8,65.6,53.3,55.2,48.4,NA,79.3,NA,NA,NA
"1972-02-01",60.6,66,67.7,54.4,52.6,51.7,NA,74.1,NA,NA,NA
"1972-03-01",59.8,64.6,63.5,53.9,57.1,51.5,NA,73.9,NA,NA,NA
"1972-04-01",59.3,63,62.6,55.9,55,52.3,NA,73.4,NA,NA,NA
"1972-05-01",61.4,66.9,65.7,56,56.1,53.1,NA,71.4,NA,NA,NA
"1972-06-01",58.6,62.1,62.2,53.9,57.7,49.6,NA,70.2,NA,NA,NA
"1972-07-01",60.1,64.7,65.3,52.1,61.7,46.7,NA,70.6,NA,NA,NA
"1972-08-01",61.7,65.1,63.2,57.1,62.9,55.5,NA,70.1,NA,NA,NA
"1972-09-01",65.1,69.3,68.3,58.6,65.5,56.8,NA,67.8,NA,NA,NA
"1972-10-01",67,70.8,66.9,59,73,63,NA,72,NA,NA,NA
"1972-11-01",69.9,73,72.7,61.7,74.5,63.4,NA,74.5,NA,NA,NA
"1972-12-01",70.5,71.9,71.8,63.2,80.7,62.5,NA,78,NA,NA,NA
"1973-01-01",72.1,73.8,71.1,67.8,83.7,61,NA,82.9,NA,NA,NA
"1973-02-01",69.6,69,68.5,63.2,85.2,63.6,NA,87.8,NA,NA,NA
"1973-03-01",69.6,68.8,67.7,63.6,87.5,61.9,NA,90,NA,NA,NA
"1973-04-01",67.7,65.9,65.6,62.6,86.7,59.2,NA,88.3,NA,NA,NA
"1973-05-01",64.8,63.5,59.2,60.2,86.6,59.2,NA,89.3,NA,NA,NA
"1973-06-01",65,61,62.7,59.7,85.6,62.5,NA,87.6,NA,NA,NA
"1973-07-01",57.8,49.2,50.4,56.4,85.2,64,NA,69.6,NA,NA,NA
"1973-08-01",62.7,59.1,59,54.9,86.7,62.1,NA,86.1,NA,NA,NA
"1973-09-01",63.5,60,58.2,56.1,90.1,62.3,NA,92.1,NA,NA,NA
"1973-10-01",66.2,65.4,58.4,60.4,88.7,66.5,NA,92.9,NA,NA,NA
"1973-11-01",68.1,65.2,62,60.8,96.8,63.8,NA,97.6,NA,NA,NA
"1973-12-01",63.6,59,56,58,92.8,63.8,NA,94.2,NA,NA,NA
"1974-01-01",62.1,55.7,55.9,57.3,91.8,62,NA,95.3,NA,NA,NA
"1974-02-01",58.6,56,49.7,51,88.8,58.8,NA,93.6,NA,NA,NA
"1974-03-01",61.8,58,55.8,56.3,88.9,59.1,NA,94,NA,NA,NA
"1974-04-01",59.9,56.4,54.5,53.9,82.1,62.5,NA,93.5,NA,NA,NA
"1974-05-01",55.7,51.6,51.6,51.1,74.5,59.3,NA,92.3,NA,NA,NA
"1974-06-01",54.7,51.9,50.4,49.9,73.1,55.9,NA,88.6,NA,NA,NA
"1974-07-01",54.8,52.6,52,50.3,69.2,54.8,NA,90.4,NA,NA,NA
"1974-08-01",52.9,50.2,49.6,49.2,66.3,57,NA,86.1,NA,NA,NA
"1974-09-01",46.2,41.2,46.3,44.9,51.8,54.8,NA,81,NA,NA,NA
"1974-10-01",42.7,36.5,44.3,45.4,45.3,47.9,NA,75.7,NA,NA,NA
"1974-11-01",37.9,33.1,40.9,39.6,34,47.2,NA,71,NA,NA,NA
"1974-12-01",30.9,27.9,33.4,33.3,23.2,40.6,NA,64.7,NA,NA,NA
"1975-01-01",30.7,32.8,33.4,29.7,19.5,36.6,NA,54.1,NA,NA,NA
"1975-02-01",34.4,40,41.5,33.1,15.9,30.6,NA,48.8,NA,NA,NA
"1975-03-01",31.6,37,33.1,32.8,17.3,30.9,NA,42.7,NA,NA,NA
"1975-04-01",37.5,42.6,45.5,36.9,21.7,26.9,NA,42.6,NA,NA,NA
"1975-05-01",41.2,47.2,50.5,39.6,22.7,31,NA,45.4,NA,NA,NA
"1975-06-01",45.1,54.9,53.1,43.9,24.9,28.7,NA,44,NA,NA,NA
"1975-07-01",47.2,58.4,55.8,44.3,28.7,24.6,NA,53,NA,NA,NA
"1975-08-01",51.4,60.3,61.1,49.7,35.1,28.1,NA,68.8,NA,NA,NA
"1975-09-01",54.4,60.4,62.3,53.5,43.8,34.2,NA,73.6,NA,NA,NA
"1975-10-01",55.5,64.2,62.3,48.9,44.8,41.9,NA,75.3,NA,NA,NA
"1975-11-01",54.5,62.2,60,49.8,46.8,38.8,NA,70.8,NA,NA,NA
"1975-12-01",54.9,63.1,62.4,50.8,41.2,40.2,NA,64.4,NA,NA,NA
"1976-01-01",58.8,63.8,65.6,53.1,54,45.3,NA,70.2,NA,NA,NA
"1976-02-01",61.5,68.7,64.8,57.3,56.1,48.2,NA,73.2,NA,NA,NA
"1976-03-01",58.4,61.6,63.3,54.9,56.7,46.7,NA,74.3,NA,NA,NA
"1976-04-01",60.6,65.2,64.1,56.4,57.3,51.4,NA,75.9,NA,NA,NA
"1976-05-01",58.8,62.3,60.5,55.4,58.3,51.6,NA,78,NA,NA,NA
"1976-06-01",58.2,60.6,60.5,54.3,58.6,52.6,NA,80.1,NA,NA,NA
"1976-07-01",55.9,58,56.7,55.1,54,50.5,NA,84.2,NA,NA,NA
"1976-08-01",54.5,57.7,52.9,52.1,55.2,52.4,NA,73.3,NA,NA,NA
"1976-09-01",53.6,55.3,53.2,54.2,52.6,49.5,NA,70.6,NA,NA,NA
"1976-10-01",53.5,57,56.1,50.2,49,50,NA,67.1,NA,NA,NA
"1976-11-01",51.7,55.7,54.4,50.5,47.2,42.4,NA,69.7,NA,NA,NA
"1976-12-01",56.6,58.9,59.6,53.8,53.3,52.8,NA,75.8,NA,NA,NA
"1977-01-01",54.8,57.2,56.9,49.9,55.3,51.4,NA,78.4,NA,NA,NA
"1977-02-01",55,56.8,50.8,51.5,65.1,51.9,NA,76.8,NA,NA,NA
"1977-03-01",58.4,63.5,62.5,54.3,49.6,54.7,NA,80.9,NA,NA,NA
"1977-04-01",56.9,60.3,59.2,51.9,54.6,54.4,NA,78.8,NA,NA,NA
"1977-05-01",59.7,64.5,63,54.8,55.4,53.2,NA,75.7,NA,NA,NA
"1977-06-01",56.8,58.1,62.5,52.5,53.3,52.6,NA,71.9,NA,NA,NA
"1977-07-01",57.7,58.9,60.6,54.5,58.3,52,NA,69,NA,NA,NA
"1977-08-01",54.9,58.8,53.9,53.6,53.5,50,NA,70.4,NA,NA,NA
"1977-09-01",53.9,57,54.9,50.4,56.7,44.8,NA,65.4,NA,NA,NA
"1977-10-01",55.4,57.1,57,56,53.6,47.9,NA,64.5,NA,NA,NA
"1977-11-01",56.1,59.2,58.7,51.8,56.3,48,NA,62,NA,NA,NA
"1977-12-01",59.8,60.7,64.7,59.8,57.1,48.9,NA,67.2,NA,NA,NA
"1978-01-01",57.4,60.6,57.7,55.1,55.6,54,NA,71.1,NA,NA,NA
"1978-02-01",55.9,56.2,54.6,52.8,63.4,54,NA,74.4,NA,NA,NA
"1978-03-01",55,56.6,57,52.9,58.9,44,NA,72.3,NA,NA,NA
"1978-04-01",57.7,60.2,60.3,53.8,57.1,52.4,NA,78.7,NA,NA,NA
"1978-05-01",60.2,63.9,62.3,57,57.4,54.5,NA,81.8,NA,NA,NA
"1978-06-01",60.5,63.6,61.7,57.2,61.1,54.2,NA,82.3,NA,NA,NA
"1978-07-01",62.2,64.7,65.1,58.8,59.4,57.7,NA,83,NA,NA,NA
"1978-08-01",60.3,61.3,64.9,55.3,60.6,55.4,NA,85.4,NA,NA,NA
"1978-09-01",60.5,61.3,65,57.2,60,54.5,NA,86.8,NA,NA,NA
"1978-10-01",60.1,58.8,62,57.9,64.7,56.1,NA,86.8,NA,NA,NA
"1978-11-01",61.3,61.9,61.3,60.4,64.5,56.7,NA,84.1,NA,NA,NA
"1978-12-01",59.4,59.9,60.4,56.9,63.5,53.9,NA,84.5,NA,NA,NA
"1979-01-01",58.5,57.3,58.8,57.3,66.4,52.3,NA,85.8,NA,NA,NA
"1979-02-01",58.2,58.6,59,55.6,64,51.4,NA,86.5,NA,NA,NA
"1979-03-01",57.7,56.7,57.4,54.8,66.7,54.1,NA,87.7,NA,NA,NA
"1979-04-01",56.2,55.1,55.5,46.9,75.6,50.9,NA,86.3,NA,NA,NA
"1979-05-01",54.4,52.1,52.1,54.5,63.7,53.3,NA,86.9,NA,NA,NA
"1979-06-01",52.7,49.4,50.2,53.8,61.4,53.8,NA,88.7,NA,NA,NA
"1979-07-01",51.3,49.8,49.4,50.2,57.4,53.6,NA,93.1,NA,NA,NA
"1979-08-01",49.5,46.9,49,50.5,52.9,51.6,NA,85.6,NA,NA,NA
"1979-09-01",49.6,48.7,48.3,50.3,50.7,52.3,NA,85,NA,NA,NA
"1979-10-01",49,47.3,49,54.6,46.9,46,NA,85.6,NA,NA,NA
"1979-11-01",48,46.5,52.6,47.3,46.8,44.3,NA,89.2,NA,NA,NA
"1979-12-01",44.8,44.3,48.2,44.1,42.2,43.5,NA,84.4,NA,NA,NA
"1980-01-01",46.2,47.1,48.4,46.2,42.1,44.5,NA,83,NA,NA,NA
"1980-02-01",50.2,51.6,53.1,49.7,46,46.5,NA,84.5,NA,NA,NA
"1980-03-01",43.6,43.8,46.7,43.2,39.1,43,NA,84,NA,NA,NA
"1980-04-01",37.4,32,37.9,41.2,36.9,45.3,NA,77.5,NA,NA,NA
"1980-05-01",29.4,25.6,28.1,34.3,29.8,33.3,NA,70.8,NA,NA,NA
"1980-06-01",30.3,24.2,31.5,32.8,32.4,37.3,NA,63.4,NA,NA,NA
"1980-07-01",35,36.1,35.1,35,36.3,29.5,NA,59.3,NA,NA,NA
"1980-08-01",45.5,54.1,46.9,38.7,40.1,37.6,NA,67,NA,NA,NA
"1980-09-01",50.1,53.9,55.1,47,41.2,45.3,NA,68,NA,NA,NA
"1980-10-01",55.5,63.7,60.7,49.4,46.5,43.9,NA,75.2,NA,NA,NA
"1980-11-01",58.2,65.3,66.8,53.3,46.8,42.2,NA,76.7,NA,NA,NA
"1980-12-01",53,51.2,57.2,53.2,50.1,51.4,NA,74.6,NA,NA,NA
"1981-01-01",49.2,48.7,51.8,48.7,49.7,44.6,NA,76.3,NA,NA,NA
"1981-02-01",48.8,51.1,50.9,46.3,48.5,42.1,NA,70.9,NA,NA,NA
"1981-03-01",49.6,50.2,52.8,48.1,48.7,44.7,NA,72.6,NA,NA,NA
"1981-04-01",51.6,53.1,55,49.2,51.2,44.4,NA,70.2,NA,NA,NA
"1981-05-01",53.5,55.7,59,48.3,50.2,48.7,NA,66.2,NA,NA,NA
"1981-06-01",50.7,51,53.9,48.8,47.9,49.4,NA,70.8,NA,NA,NA
"1981-07-01",46.7,47.6,47.6,46.6,44.9,44.4,NA,66.9,NA,NA,NA
"1981-08-01",48.3,47.2,49.5,47.8,49.6,47.3,NA,65.6,NA,NA,NA
"1981-09-01",42.5,42.2,43.8,39.2,45.9,41.9,NA,65.8,NA,NA,NA
"1981-10-01",40,40.2,39.4,37.9,37.7,48.9,NA,57.5,NA,NA,NA
"1981-11-01",36.1,32.8,36.1,34.8,40.5,42.3,NA,58.4,NA,NA,NA
"1981-12-01",37.8,39.1,37.3,34,41.2,37.2,NA,54.7,NA,NA,NA
"1982-01-01",38.2,39.9,39,34.5,40.1,35.8,NA,48.8,NA,NA,NA
"1982-02-01",38.3,38.6,40.1,35.5,40.8,34.7,NA,45.3,NA,NA,NA
"1982-03-01",36.8,40.4,38,33.1,36.4,31.2,NA,35.4,NA,NA,NA
"1982-04-01",37.8,40.9,41.3,31.7,38.2,31.5,NA,35.7,NA,NA,NA
"1982-05-01",35.5,38.1,37.2,27.8,42.1,28.8,NA,41.4,NA,NA,NA
"1982-06-01",38.3,42,39.4,30.8,45.2,29.4,NA,39.6,NA,NA,NA
"1982-07-01",38.4,40.7,41.1,30.5,45.8,29.5,NA,40.8,NA,NA,NA
"1982-08-01",38.3,40.1,39.9,31.8,45.3,31.6,NA,39.2,NA,NA,NA
"1982-09-01",38.8,40.4,41.3,30.6,45.9,33.6,NA,41.2,NA,NA,NA
"1982-10-01",39.4,41.9,42,30.6,46.5,32.5,NA,41,NA,NA,NA
"1982-11-01",39.2,41.5,42.6,28.2,46.9,33.6,NA,37.3,NA,NA,NA
"1982-12-01",42.8,46,44,36.3,48.6,34.7,NA,39.1,NA,NA,NA
"1983-01-01",46,50.3,50.8,37.7,46.7,36.3,NA,43.7,NA,NA,NA
"1983-02-01",54.4,60.6,61.1,47.4,49.9,40.1,NA,48.7,NA,NA,NA
"1983-03-01",53.9,60.8,58.4,45.1,50.8,44.2,NA,47.9,NA,NA,NA
"1983-04-01",54.2,59.4,58.2,46.4,52.7,46,NA,55.6,NA,NA,NA
"1983-05-01",56.1,61.8,61.5,49.2,51.9,45.7,NA,60.3,NA,NA,NA
"1983-06-01",57.5,62.3,63.2,49.7,56.8,45.7,NA,61.5,NA,NA,NA
"1983-07-01",63.6,70.3,71.5,53.7,58.9,50.8,NA,63.2,NA,NA,NA
"1983-08-01",63.1,68.1,69.9,56,60.2,49.3,NA,69.4,NA,NA,NA
"1983-09-01",62.5,66.9,67.8,57.8,60.7,48.6,NA,68,NA,NA,NA
"1983-10-01",64.4,69.5,69.6,57.6,62.8,52.1,NA,69.3,NA,NA,NA
"1983-11-01",66,69.2,70.7,59.7,67.5,55,NA,68.1,NA,NA,NA
"1983-12-01",69.9,74.8,80.6,60.4,62.1,59.6,NA,71.4,NA,NA,NA
"1984-01-01",60.5,63.7,59.9,57.6,64.4,52.7,NA,64.4,NA,NA,NA
"1984-02-01",61.3,64.9,64,56.4,61.5,52.7,NA,71.1,NA,NA,NA
"1984-03-01",58.9,60.9,61.5,51.1,65.5,52.7,NA,73.6,NA,NA,NA
"1984-04-01",61,63.2,62.3,56.8,64.6,54,NA,71.9,NA,NA,NA
"1984-05-01",58.6,59.2,59.3,56.2,62.5,54.1,NA,62.5,NA,NA,NA
"1984-06-01",58.1,60.5,62.3,51.7,56.2,56.3,NA,64,NA,NA,NA
"1984-07-01",56.1,54.1,58.2,53.5,59.1,57.8,NA,61.3,NA,NA,NA
"1984-08-01",53,54,54.3,50.4,55.2,49.1,NA,58.7,NA,NA,NA
"1984-09-01",50,47.2,52.2,51.1,52.8,46.8,NA,53.4,NA,NA,NA
"1984-10-01",50.8,52.9,53.4,48.1,49.3,45.6,NA,51.7,NA,NA,NA
"1984-11-01",50.3,52,53.8,47.4,48.1,45.7,NA,55,NA,NA,NA
"1984-12-01",50.6,52.8,54.9,45.2,48.8,47.3,NA,50.7,NA,NA,NA
"1985-01-01",50.3,51.8,54.9,44.4,50.4,45.9,NA,47.6,NA,NA,NA
"1985-02-01",49.9,51.8,54.2,45.2,48.6,44.8,NA,44.8,NA,NA,NA
"1985-03-01",47.8,49.1,51.2,44.2,46.7,44,NA,46.2,NA,NA,NA
"1985-04-01",48.2,51.3,51.6,43.2,46.1,43.8,NA,44.1,NA,NA,NA
"1985-05-01",47.1,49.5,51.9,40.4,48,40.4,NA,48.7,NA,NA,NA
"1985-06-01",47.8,50.7,50.5,44.5,47.1,40.2,NA,42.4,NA,NA,NA
"1985-07-01",47.9,52.5,48.2,45.2,45.7,41.8,NA,45.6,NA,NA,NA
"1985-08-01",47.7,51.8,50.6,41.1,46.6,43,NA,44,NA,NA,NA
"1985-09-01",49.9,54.6,52.8,41.8,49.5,45.5,NA,44.3,NA,NA,NA
"1985-10-01",50.9,53.4,54.9,45.2,50,45.9,NA,46.4,NA,NA,NA
"1985-11-01",52,57.2,56.5,44.5,48.5,45.2,NA,45.7,NA,NA,NA
"1985-12-01",50.7,54.8,55.3,42.6,49.3,45.2,NA,48.7,NA,NA,NA
"1986-01-01",51.2,56.7,52.9,45.1,50.1,44.9,NA,48.4,NA,NA,NA
"1986-02-01",51,57.1,53.6,43,49.8,44.7,NA,49.7,NA,NA,NA
"1986-03-01",51,54.5,56,43.4,50.5,43.7,NA,49,NA,NA,NA
"1986-04-01",49.7,54.4,52.5,42.2,50.7,42.5,NA,42.8,NA,NA,NA
"1986-05-01",53.4,61.1,55.1,45.4,50.2,46.9,NA,49.5,NA,NA,NA
"1986-06-01",50.5,55.3,53.5,43.3,49.9,44.4,NA,51.3,NA,NA,NA
"1986-07-01",48,51.2,49.3,41.9,49.9,43.9,NA,49.3,NA,NA,NA
"1986-08-01",52.6,58.4,56,44.5,50.8,45.9,NA,51.5,NA,NA,NA
"1986-09-01",52.4,57.3,56.5,43.9,49.6,48.2,NA,57.1,NA,NA,NA
"1986-10-01",51.2,54.5,54.2,43.7,51.3,48.2,NA,56.9,NA,NA,NA
"1986-11-01",51.2,57,54.7,42.2,52,42.2,NA,57.1,NA,NA,NA
"1986-12-01",50.5,55.4,53,44.5,52.8,38.4,NA,57,NA,NA,NA
"1987-01-01",54.9,59.8,60.7,47.3,51.5,46.3,NA,61.1,NA,NA,NA
"1987-02-01",52.6,55.4,57.3,46.6,51.2,46.7,NA,62.5,NA,NA,NA
"1987-03-01",55,61.6,57.6,48.3,51.9,46.5,NA,62.7,NA,NA,NA
"1987-04-01",55.5,59.8,59.3,51.3,52.8,45.9,NA,65.6,NA,NA,NA
"1987-05-01",57.2,63.4,60.6,50.9,54,47.5,NA,67.6,NA,NA,NA
"1987-06-01",57.4,61.2,60.1,51.4,56.8,52.4,NA,72.6,NA,NA,NA
"1987-07-01",57.5,64,62.5,46.6,58.9,44.7,NA,74.3,NA,NA,NA
"1987-08-01",59.3,62.7,64.2,52.4,60.3,49.3,NA,77.4,NA,NA,NA
"1987-09-01",60,62.1,65.5,54.5,61.5,49.2,NA,77.3,NA,NA,NA
"1987-10-01",60.7,65.3,63.2,54.6,62.2,50.7,NA,78.1,NA,NA,NA
"1987-11-01",58.8,59.3,61.9,53.7,64.9,51.2,NA,79.2,NA,NA,NA
"1987-12-01",61,61.5,65.1,59.1,62.7,50.8,NA,80.2,NA,NA,NA
"1988-01-01",57.5,60.3,59.3,51.2,62,50.7,NA,78.7,NA,66,NA
"1988-02-01",56.2,57,58.6,52.5,61.2,48.1,NA,81.2,NA,65.7,NA
"1988-03-01",54.6,57.9,57.7,50.2,57.3,41.9,NA,74.5,NA,64.5,NA
"1988-04-01",55.8,57.6,59.1,49.2,58.6,51,NA,81,NA,64,NA
"1988-05-01",55.5,57.7,58,50.4,56.9,51.2,NA,81.5,NA,65.5,NA
"1988-06-01",59.3,63.6,61.7,50.5,65.6,48.2,NA,80.7,NA,66,NA
"1988-07-01",58.2,60.6,61.2,52.5,58.4,54.5,NA,81,NA,67.5,NA
"1988-08-01",56,59.2,57.8,51.2,57.4,49.4,NA,78.2,NA,59.9,NA
"1988-09-01",54.5,58.6,54.8,50.2,55.2,49.5,NA,72.8,NA,61.7,NA
"1988-10-01",55.4,57.2,58.7,52.4,54.8,49.2,NA,71.5,NA,60.8,NA
"1988-11-01",55.6,58.4,57.5,53.8,52.1,51.6,NA,70.9,NA,58.1,NA
"1988-12-01",56,59,57.6,54.8,53,49.9,NA,69.8,NA,64.3,NA
"1989-01-01",54.7,57.3,57.9,51.4,53.9,46.7,NA,70.5,NA,60.1,NA
"1989-02-01",54.1,57.3,55.6,50,54,49,NA,67.9,NA,60,NA
"1989-03-01",51.5,52,52.7,50.2,52.5,48.3,NA,67.9,NA,52.8,NA
"1989-04-01",52.2,53.1,54.9,50,52.2,47.4,NA,65.4,NA,58.4,NA
"1989-05-01",49.3,50.7,50.7,47.6,49.1,44.9,NA,59.3,NA,60.9,NA
"1989-06-01",47.3,45.6,49.5,47.4,46.5,47.5,NA,50,NA,53.3,NA
"1989-07-01",45.9,45.8,46.9,44.5,46.1,46.2,NA,48.1,NA,56.1,NA
"1989-08-01",45.1,45.2,46.7,44.6,44,43.5,NA,43.3,NA,57.8,NA
"1989-09-01",46,46,48,45.4,43.9,44.8,NA,42.4,NA,61.7,NA
"1989-10-01",46.8,49.3,48.5,45,43.3,43.8,NA,41,NA,57.2,49
"1989-11-01",46.8,49.3,49.2,45.9,42.5,41.4,NA,40.9,NA,56.6,47
"1989-12-01",47.4,50.4,49.7,44.6,43.5,43.9,NA,41,NA,54.9,45.5
"1990-01-01",47.2,49.1,47.4,45.4,48.2,42.7,NA,50.8,NA,54.3,51.8
"1990-02-01",49.1,52.5,52.8,46.5,44.4,41.4,NA,44.6,NA,54.7,50.3
"1990-03-01",49.9,52.3,54.7,46.5,47.2,41.2,NA,50.1,NA,56.3,48.7
"1990-04-01",50,53.7,53.5,46.6,47.2,41.3,NA,50.9,NA,57.5,48
"1990-05-01",49.5,51.7,53.9,46.2,48.2,40,NA,50.1,NA,54.3,46.5
"1990-06-01",49.2,52,51.3,45.4,49.8,42.6,NA,53.2,NA,56,47.6
"1990-07-01",46.6,46.7,49.8,46.3,46.4,39.6,NA,51.4,NA,57.2,47.5
"1990-08-01",46.1,45.5,47.9,43.1,50.1,43,NA,53.1,NA,54.6,46.9
"1990-09-01",44.5,44.9,45.5,41.3,48.9,40.8,NA,70.2,NA,54.7,46
"1990-10-01",43.2,43.1,43.6,40.2,48.1,41.2,NA,73.4,NA,51.5,47.4
"1990-11-01",41.3,40.4,42.1,36.2,48.6,40.9,NA,64.2,NA,55.5,43.1
"1990-12-01",40.8,38.5,41.8,38.8,47.2,39.6,NA,58.9,NA,56.5,46.5
"1991-01-01",39.2,38.1,38.9,37.3,44.4,39.6,NA,51.6,NA,55.9,44.6
"1991-02-01",39.4,39.2,39.1,35.6,44.7,39.9,NA,44.5,NA,53.3,45.8
"1991-03-01",40.7,42.4,41.2,33.6,43.9,43.6,NA,41.2,NA,55.9,45.8
"1991-04-01",42.8,46.1,44.5,35.8,45,39.6,NA,38.8,NA,53.9,45.2
"1991-05-01",44.5,48.9,46.9,37.4,46,37.3,NA,38.2,NA,53.2,47
"1991-06-01",50.3,58.4,53.7,43,47.1,37.1,NA,39.6,NA,54.8,47
"1991-07-01",50.6,55.6,57.2,41.3,49.6,39.1,NA,38.4,NA,52.8,47.6
"1991-08-01",52.9,60.1,59.8,44,48.3,39,NA,41.8,NA,56.5,49.5
"1991-09-01",54.9,60.7,61.2,47.3,48.8,45.9,NA,45.5,NA,53.8,49.5
"1991-10-01",53.1,58,60.7,44.7,50.2,40.5,NA,50,NA,55.7,48.4
"1991-11-01",49.5,53.5,52.1,43,50.1,42.8,NA,47.6,NA,55.2,46.1
"1991-12-01",46.8,49.5,50.6,39.8,49.4,38.8,NA,48.9,NA,53.6,47.6
"1992-01-01",47.3,49.6,50.4,40.6,48.7,44.1,NA,45.4,NA,51.9,47
"1992-02-01",52.7,58.3,58.7,43.9,49.3,44,NA,45.9,NA,54.7,47.2
"1992-03-01",54.6,63.3,59.7,43.7,50.3,44.3,NA,48.1,NA,54.7,49.8
"1992-04-01",52.6,59.1,57.8,45,47.4,43.2,NA,51.1,NA,53.4,52.1
"1992-05-01",55.7,60.9,61.2,49.5,50,47,NA,55,NA,56.2,53.9
"1992-06-01",53.6,59.8,57.6,46.6,50.8,43.1,NA,53.9,NA,53.1,49.1
"1992-07-01",53.9,59.5,57.4,45.5,52.5,46.9,NA,56.2,NA,55.2,49.7
"1992-08-01",53.4,58.8,56.8,47.3,50.3,45.8,NA,53.7,NA,53.3,48.6
"1992-09-01",49.7,51.1,53.9,45.1,51.2,42.3,NA,51.6,NA,55.8,46.7
"1992-10-01",50.3,53.8,54.7,44.7,48.6,42.4,NA,46.4,NA,53.8,47.7
"1992-11-01",53.6,58.8,58.6,47.1,51.3,42.1,NA,42.1,NA,52.9,48
"1992-12-01",54.2,61,57.9,45.9,51.5,45,NA,48,NA,53.1,51.4
"1993-01-01",55.8,63,61.5,46.9,52.3,43.3,NA,49.8,56.5,53.4,49.4
"1993-02-01",55.2,59.7,63.5,47,51.7,42.6,NA,53.9,56,53.2,49.5
"1993-03-01",53.5,58.1,56.7,47.1,52.7,45.6,NA,53.6,54.5,52.3,49.4
"1993-04-01",50.2,53,51.6,44.8,52.8,44.7,NA,54.6,51,53.5,50.1
"1993-05-01",51.2,55.2,55,43.6,51.5,44.8,NA,50.4,51.5,54.2,47.4
"1993-06-01",49.6,51.6,53.1,43.2,50.4,46.5,NA,50.6,52,52.4,49.8
"1993-07-01",50.2,53.8,52.7,43.6,51,45.5,NA,51.4,45,50.1,48.7
"1993-08-01",50.7,55.3,53.9,41.9,51.8,44.4,NA,52.3,51,52.6,49.4
"1993-09-01",50.8,52.6,55.2,44.5,51.3,46.2,NA,49,49,51.7,49.9
"1993-10-01",53.4,58.9,56.1,46,50.7,48.6,NA,50.9,55.5,54.1,49.4
"1993-11-01",53.8,60.4,57.5,45.5,50.9,45.5,NA,52.7,56.5,55,51.5
"1993-12-01",55.6,62.4,61.7,47.1,51.5,43.2,NA,53.1,54.5,53.8,50.3
"1994-01-01",56,63.5,59.7,47.5,54.4,43.9,NA,58.9,58,55.3,52.4
"1994-02-01",56.5,62.2,60.2,48.7,57,44.6,NA,63,56.5,58.3,51.9
"1994-03-01",56.9,62.8,63.4,48.2,55.4,43,NA,62.9,56.5,55.2,51.8
"1994-04-01",57.4,62.7,61.4,50.1,57.2,45.9,NA,63.5,61.5,56.9,51.8
"1994-05-01",58.2,61.6,62.7,51.4,60.2,47.6,NA,67.8,61.5,54.9,53.4
"1994-06-01",58.8,65,62,49.5,60.3,48.3,NA,69.7,60,57.8,55.2
"1994-07-01",58.5,64.2,62.3,52.3,58.1,45.1,NA,71.6,59.5,56.7,51.1
"1994-08-01",58,63,60.2,51.4,61.6,44.9,NA,75.2,60.5,57.7,51.3
"1994-09-01",59,62.7,62.8,52.5,62.5,46.1,NA,80.3,60.5,60,53
"1994-10-01",59.4,63,63.3,51.1,64.9,47.6,NA,84.1,60.5,58.5,53.7
"1994-11-01",59.2,61.5,63.9,51.6,64.7,47.3,NA,84.5,58,56.1,53.2
"1994-12-01",56.1,58.9,59.5,46.7,64.8,45,NA,87.1,53.5,58.4,52.6
"1995-01-01",57.4,59.7,60.9,51.9,62.7,45.2,NA,86,54,59.1,52.2
"1995-02-01",55.1,56.6,57.4,50,60.7,47,NA,81.7,55,58.7,53
"1995-03-01",52.1,51.9,54.8,48.1,56.9,47,NA,78.9,51,56.9,52
"1995-04-01",51.5,52.2,54.1,47.4,56.3,44.2,NA,74.5,47.5,55.6,49.8
"1995-05-01",46.7,44,49.9,43.7,53.3,43.3,NA,70.5,42,56.3,47.9
"1995-06-01",45.9,43.5,46.1,46.5,51.8,43,NA,64.7,36,56.1,49.3
"1995-07-01",50.7,52.7,51.6,48.1,51.3,46.5,NA,58.6,41.5,56.4,53.3
"1995-08-01",47.1,46.5,49.1,45,49.1,45.5,NA,48.5,40.5,53.7,51.8
"1995-09-01",48.1,49.4,50.5,45.5,50,40.3,NA,48.8,43.5,52.6,49.4
"1995-10-01",46.7,47.5,47,45.9,48.4,42.2,NA,46.5,40.5,52.2,49.5
"1995-11-01",45.9,48.6,45,44.5,45.3,43.3,NA,44.5,41.5,54.7,44.2
"1995-12-01",46.2,45.9,46.9,46.2,47.5,43.1,NA,40.3,42,56.5,49.5
"1996-01-01",45.5,44.1,45.6,45.3,47.8,46.6,NA,40.3,41.5,50,48.3
"1996-02-01",45.9,46.1,45.7,44.6,49.5,43.3,NA,38.8,43.5,51.3,48.1
"1996-03-01",46.9,49.1,47.3,44.4,49.6,40,NA,39.9,40,50.8,47.5
"1996-04-01",49.3,52.3,51.6,44.7,49.4,43.9,NA,41.5,44,51.4,47.5
"1996-05-01",49.1,51.7,53,44.7,49.9,39.2,NA,50.2,48.5,57.2,48.5
"1996-06-01",53.6,59.4,55.5,48.2,52.8,43.1,NA,47.9,51,53.1,48.7
"1996-07-01",49.7,51.9,52.4,46.7,50.8,40.8,NA,44.1,47.5,53.2,53.1
"1996-08-01",51.6,54.6,55.1,47.4,51.9,42.2,NA,46.6,47,55.3,50
"1996-09-01",51.1,54.6,53.5,47.2,50,43.7,NA,50.1,49.5,55.1,50.7
"1996-10-01",50.5,52.9,55.4,46,50.9,39.6,NA,45.7,44.5,57,52.8
"1996-11-01",53,56.9,58.1,47.6,51.2,42.3,NA,46.3,49,55.5,53.2
"1996-12-01",55.2,61.7,58.9,48.6,52,44.4,NA,52,51,56.5,51.6
"1997-01-01",53.8,57,59.8,49.8,49.7,43.2,46.5,53.3,45.5,56.2,53.5
"1997-02-01",53.1,57.6,58.9,45.9,52.1,41.3,44.5,56.4,48.5,54.6,53.7
"1997-03-01",53.8,58.6,55,50.8,53.1,43.5,46.5,51.1,51.5,55.7,48.3
"1997-04-01",53.7,56.6,56.8,51.8,53.4,41.4,47,50.3,54,54.7,51.4
"1997-05-01",56.1,62.3,56.7,50.7,55,48.1,44.5,48.5,58,53.6,52.1
"1997-06-01",54.9,59.4,56.5,51.3,54.6,45.2,50.5,48.9,53.5,53.5,54.1
"1997-07-01",57.7,61.3,64.5,51.7,54.7,45.9,47.5,52,56.5,56.2,55.2
"1997-08-01",56.3,60.3,61.5,51.3,55.2,43,47,52.1,60,54.9,53.7
"1997-09-01",53.9,55.4,56.6,51.2,54.8,47.2,49.5,53,50,49.4,51.6
"1997-10-01",56.4,60.9,59.4,52.8,54.9,45,47,53.6,56.5,54.9,51.8
"1997-11-01",55.7,57.4,60.1,53.7,55.2,43.8,48,52.1,50,53.6,54.7
"1997-12-01",54.5,57.2,56.7,52.1,53.9,46.2,46.5,52.2,52,51.4,56
"1998-01-01",53.8,57.1,55.6,51.1,53,46.2,47.5,47,47,46.2,55.1
"1998-02-01",52.9,54.6,54.6,51.7,52.8,46.2,46.5,45.5,48,48.3,53.4
"1998-03-01",52.9,54.9,54.5,51.4,53,46,47,44.2,51.5,46.7,52.1
"1998-04-01",52.2,55.3,53.3,49,52.4,46.1,49,40.5,52.5,48.5,53.9
"1998-05-01",50.9,51.5,53.2,49.3,51.5,46,47.5,41.1,48.5,46.1,52.1
"1998-06-01",48.9,50.2,50.6,47,50.9,42,44.5,39.3,48.5,46.3,51.7
"1998-07-01",49.2,51.8,50.8,45.1,50.2,44.1,47,38.4,44.5,45.6,51.4
"1998-08-01",49.3,50.9,50.7,46.7,50.3,44.8,50.5,37.8,48.5,44,51.2
"1998-09-01",48.7,49.4,51.2,45.7,50.8,43.2,49,34,46,44.2,51.5
"1998-10-01",48.7,48,52.4,45.2,49.8,47.1,50.5,34.7,45.5,44.4,51.3
"1998-11-01",48.2,48.3,50.4,45.3,50.4,44.5,47.5,34.5,40.5,43.7,51.1
"1998-12-01",46.8,49.7,47.7,41.9,48.5,42.7,47,31.9,37,46.2,50.5
"1999-01-01",50.6,52.4,55.6,45.5,51,42.7,44,33.7,38,50,50.5
"1999-02-01",51.7,55,56,45.8,50.8,43.5,43,35.2,48.5,53.3,54.6
"1999-03-01",52.4,55.9,55.7,47.6,52.3,43.7,43.5,42.5,52,50.1,52.8
"1999-04-01",52.3,54,57.2,48.8,49.5,46.8,45,47.4,53,51.1,51.6
"1999-05-01",54.3,57.8,58.5,51.1,52.1,43.6,45.5,51.2,55.5,50.9,53.1
"1999-06-01",55.8,59.4,61.6,51.3,52.6,44.7,43.5,54.2,54.5,52.4,52.2
"1999-07-01",53.6,54.6,58.1,50.4,54,44.9,45,55.5,50.5,51.1,54.1
"1999-08-01",54.8,57.5,58.3,53.1,51.4,46.2,45.5,60.6,52.5,54.4,53.7
"1999-09-01",57,63.5,59.9,51.3,55.8,43.8,43.5,65.8,54.5,55.8,54.2
"1999-10-01",57.2,61.3,59.7,53,56.2,48,44.5,68.8,54,54.9,54.3
"1999-11-01",58.1,63.1,60.2,53.1,56.8,49.7,48.5,68.1,58.5,55.8,52.7
"1999-12-01",57.8,60.3,60.6,55.7,56.7,49,48.5,67.4,50,55,52
"2000-01-01",56.7,60.4,57.8,52.8,55,52.8,46.5,72.4,52,53.4,52.9
"2000-02-01",55.8,58.7,59.1,53.6,54.4,44.9,48,71.6,54,54.2,53
"2000-03-01",54.9,56.2,59.5,51.2,54.3,47.5,48,78.7,51,54.8,53.5
"2000-04-01",54.7,55.4,58.1,53.2,55.4,46.1,47,71.2,51,51.5,53.8
"2000-05-01",53.2,51.5,56.4,53,55.4,46.9,50.5,65.7,49,56.4,54.2
"2000-06-01",51.4,50,53.4,50.7,54.5,47,47,62.9,48.5,52.8,55.7
"2000-07-01",52.5,52,53.7,52.5,53.9,48.5,49.5,63.4,45,51.7,50.8
"2000-08-01",49.9,50,49.7,48.8,53.5,47.1,50.5,58.1,49,50.8,52.2
"2000-09-01",49.7,48.9,51.5,50.6,49.6,45.9,48.5,58.4,47,50.7,48.9
"2000-10-01",48.7,48.4,49.3,48.2,51.1,45.9,50.5,57.7,41,48.7,52.4
"2000-11-01",48.5,49.1,50.1,47.1,50.3,42.8,51.5,58.1,42,48.6,53.2
"2000-12-01",43.9,42.1,42.9,42.7,52.8,40.4,51,59.8,36,49.5,51.2
"2001-01-01",42.3,38.4,39.2,42.3,49.8,41.8,56,64.6,32.5,46.7,49.1
"2001-02-01",42.1,39.9,38.6,37.8,50.2,44.2,52.5,55.6,37,46.8,47.5
"2001-03-01",43.1,41.5,42.6,39.9,47.7,43.7,52,49.9,43.5,50.3,48.8
"2001-04-01",42.7,45.5,43.1,38.2,47.2,39.7,50,48,43.5,47.5,47.2
"2001-05-01",41.3,44.9,43.1,35.1,45.4,38.2,51,45.1,40,45.3,46.9
"2001-06-01",43.2,47.8,45.3,35.7,47.1,39.9,48,42.8,42,45.2,47
"2001-07-01",43.5,49.2,47,37.2,46.8,37.1,45,39.9,42.5,48.4,47.2
"2001-08-01",46.3,54.3,51.8,41.3,46.7,37.6,48.5,35,44.5,52,50
"2001-09-01",46.2,51.3,51.8,41.5,47.5,38.9,48.5,36.6,43,46.9,49.7
"2001-10-01",40.8,38.9,41.8,35.6,49.5,38.3,44.5,33.3,36,44.3,47.6
"2001-11-01",44.1,49.1,46.9,36.4,49.1,38.9,44.5,32,38.5,50,49.5
"2001-12-01",45.3,51.4,49.2,39.1,49.3,37.6,44,33.2,39.5,47.6,50.2
"2002-01-01",47.5,55.2,51.1,41,51.2,39.2,43.5,43.9,44.5,50.1,51.3
"2002-02-01",50.7,60.7,58.1,43.8,51.4,39.7,41.5,41.5,53,50.7,52.4
"2002-03-01",52.4,63.8,58.3,46.6,51.9,41.4,40,51.9,62.5,50.6,53.9
"2002-04-01",52.4,59.9,59.1,46.6,53.5,43,40.5,60.3,56,51.9,55.5
"2002-05-01",53.1,61.8,59.4,47.3,53.4,43.8,39,63,56.5,53.3,53.9
"2002-06-01",53.6,61.2,61.1,48.3,54.4,43.2,44.5,65.5,53.5,54.1,53.8
"2002-07-01",50.2,51.9,56.6,45,54.8,42.7,42.5,68.3,45.5,52.2,53.2
"2002-08-01",50.3,50.6,54.9,46.8,53.6,45.4,42.5,61.5,45,53.4,52.6
"2002-09-01",50.5,52.9,53.5,45.8,56.7,43.8,40.5,62.5,44.5,53.8,54.7
"2002-10-01",49,52.1,51.3,46.4,53.4,42,42.5,58.3,43.5,53,51.2
"2002-11-01",48.5,49.9,52.7,44.8,52.1,43.1,46.5,55.7,42.5,50,52.4
"2002-12-01",51.6,58.7,53.9,47.5,52.9,45.2,43,56.9,46.5,52,55.1
"2003-01-01",51.3,58.2,54.1,47.4,52.8,44.2,42.5,57.5,45,54.4,58.6
"2003-02-01",48.8,51.9,53.6,42.6,52.8,43,46,65.5,49,55.2,54.6
"2003-03-01",46.3,47.2,47,42.2,52.6,42.3,42,70,41.5,51.3,53.3
"2003-04-01",46.1,47.2,48.5,41.8,49.9,43.1,44.5,63.5,47.5,50.8,54.8
"2003-05-01",49,53.4,52.9,42.4,50.6,45.7,45,51.5,51,51.7,52.2
"2003-06-01",49,53.6,54.1,45.6,49.8,42,45.5,56.5,50,54.6,55.9
"2003-07-01",51,56.8,53.9,46.3,51.5,46.3,42.5,53,51,54.4,54.9
"2003-08-01",53.2,61.1,61.8,47.1,53,43.1,43,53,51.5,56.4,55.2
"2003-09-01",52.4,60.8,57.8,46.5,53.4,43.4,44.5,56,52.5,54.5,61.4
"2003-10-01",55.2,64.4,62.8,48.6,54.6,45.6,39,58.5,53.5,59.5,59.2
"2003-11-01",58.4,69.1,66.6,50.4,56.4,49.7,39.5,64,59,57.1,61.4
"2003-12-01",60.1,71.3,70,54.1,59.3,45.9,39,66,61,59.3,57.8
"2004-01-01",60.8,70.6,69.3,54.7,61.5,47.9,40,75.5,60.5,57.2,59.2
"2004-02-01",59.9,66.5,65.6,55.7,62.9,49,38.5,81.5,62,55.1,59.9
"2004-03-01",60.6,64.6,66.8,57,66.7,48,39.5,86,63.5,60.2,57.1
"2004-04-01",60.6,67.1,66.6,57.2,66.7,45.2,40.5,88,66.5,59.9,58.7
"2004-05-01",61.4,64.5,65.3,60.1,68.3,48.8,37,86,63,60,58.8
"2004-06-01",60.5,60.9,63.7,59.4,67.1,51.3,39,81,58.5,57.3,57.5
"2004-07-01",59.9,62.8,63.8,57.4,64.5,50.8,37.5,77,58,56.7,58.8
"2004-08-01",58.5,62.1,59.3,56.4,62.8,52.1,45.5,81.5,55,55.8,58.3
"2004-09-01",57.4,57.7,59.8,58,59.8,51.6,41.5,76,55,53.5,58.2
"2004-10-01",56.3,58.4,59.3,55.5,59.2,49.3,43.5,78.5,49,56.7,59.2
"2004-11-01",56.2,60.1,57.3,56.9,56.8,49.7,43.5,74,47.5,54.5,58.8
"2004-12-01",57.2,66.3,57.9,53.8,55.3,52.8,44,72,54,59.1,60.8
"2005-01-01",56.8,57.9,59.3,58.6,54.7,53.5,44.5,69,50.5,56.5,61.1
"2005-02-01",55.5,55.9,58.2,56,56.5,51,42.5,65.5,50.5,56.5,60.7
"2005-03-01",55.2,57.7,57.5,52.5,53.5,55,46,73,56,55.1,58.9
"2005-04-01",52.2,53.4,54.2,53,51.8,48.5,41.5,71,53,57,56.7
"2005-05-01",50.8,51.8,54.7,49.3,49.8,48.5,47.5,58,51,55.3,53.9
"2005-06-01",52.4,55.7,55.1,51.1,52,48,44,50.5,51,51.2,54.2
"2005-07-01",52.8,57.2,57.4,53.2,50.8,45.5,44.5,48.5,49,55.8,54.7
"2005-08-01",52.4,57.8,55.6,51.8,49.9,47,46.5,62.5,50.5,54.5,53.4
"2005-09-01",56.8,60.9,62.4,53.4,57.7,49.5,44.5,78,55,57.3,53.4
"2005-10-01",57.2,61.4,62.1,54.3,61.8,46.5,41,84,55.5,55.2,58.2
"2005-11-01",56.7,61.2,62.4,56,57,47,43.5,74,53,57.9,54.1
"2005-12-01",55.1,60.1,60.3,53.7,54.9,46.5,48,63,49.5,54.3,52.8
"2006-01-01",55,58.9,59.7,53.1,55.7,47.5,46,65,53.5,58.5,57
"2006-02-01",55.8,61,57.9,53.5,54.4,52,48.5,62.5,54.5,57,57.5
"2006-03-01",54.3,57,57,53.8,53.9,50,48,66.5,59.5,57.3,57
"2006-04-01",55.2,55.7,57.1,54.2,57.4,51.5,46.5,71.5,57,53.4,59
"2006-05-01",53.7,54.9,56,53.2,56.1,48.5,44,77,53,55.7,56.5
"2006-06-01",52,55,53.4,49.9,54,47.5,45.5,76.5,54,55.4,56.5
"2006-07-01",53,55.8,56.9,50.7,53.5,48,44.5,78.5,50.5,51.9,57.5
"2006-08-01",53.7,55.3,55.2,52.6,54.2,51,46,73,51.5,55.7,54
"2006-09-01",52.2,54.8,56.2,49.9,52.9,47,49,61,46.5,55.3,56
"2006-10-01",51.4,54.1,54.3,49.6,51.3,47.5,52,47,44.5,57.8,57
"2006-11-01",50.3,50.8,50.7,49.2,53.1,47.5,50.5,53.5,46.5,56.9,56.5
"2006-12-01",51.4,51.4,52.7,49.8,55.7,47.5,50.5,47.5,45,54.3,55.5
"2007-01-01",49.5,52.2,51.2,50.3,53.1,40.5,52,53,43.5,52.5,54.5
"2007-02-01",51.9,55.1,53.8,50.9,52.8,47,53,59,51.5,54,61.5
"2007-03-01",50.7,50.2,53.1,49.9,51.2,49,48,65.5,47,55.5,57.5
"2007-04-01",52.6,57.4,56.2,51.9,50.3,47,47,73,54.5,57,58
"2007-05-01",52.5,58.6,56.2,52.2,49.3,46,48,71,52.5,59,57.5
"2007-06-01",52.6,57.7,59.5,51.9,48.9,45,47,68,53.5,56,54.5
"2007-07-01",52.4,58.6,57,49.8,50,46.5,51,65,52,56.5,54.5
"2007-08-01",50.9,54.4,54.3,50,49.2,46.5,49,63,50.5,57,52.5
"2007-09-01",51,54.4,56.3,52,50.7,41.5,50,59,51,54.5,53
"2007-10-01",51.1,56.4,51.3,50.7,51.6,45.5,54,63,46,57,47.5
"2007-11-01",50.5,52.4,53.7,48.4,52.4,45.5,49,67.5,41.5,58.5,47.5
"2007-12-01",49,46.5,49.2,48.6,56,44.5,51.5,68,43,52.5,48
"2008-01-01",50.3,48,53.7,47.1,53.8,49,49.5,76,44,58.5,52.5
"2008-02-01",47.6,46.4,47.4,45.8,51.6,47,49,75.5,45,56,47.5
"2008-03-01",48.3,45.6,48.3,48.2,52.7,46.5,51,83.5,47.5,56.5,45
"2008-04-01",48.8,46.5,48.3,46.6,53.8,49,45,84.5,51.5,57.5,48
"2008-05-01",48.8,48.5,49.4,46.1,52.2,48,47,87,46,59.5,49.5
"2008-06-01",49.8,49.7,50.7,44.8,53.9,50,55,91.5,47.5,58.5,46
"2008-07-01",50,47,54.6,51.2,53.3,44,47,88.5,43,54,46.5
"2008-08-01",49.2,46.7,50.4,48.9,49.3,50.5,54.5,77,43.5,57,48.5
"2008-09-01",44.8,41.8,45.4,42.1,51.6,43,53.5,53.5,35,52,44
"2008-10-01",38.9,33.2,33.6,33.7,50.3,43.5,55,37,29.5,41,41
"2008-11-01",36.5,27.6,32.4,34.4,49.7,38.5,55,25.5,27,41,37.5
"2008-12-01",33.1,23.2,26.3,29.9,48.1,38,57,18,23,35.5,39
"2009-01-01",34.9,31.8,30.3,28.8,45.5,38,55.5,29,29.5,37.5,36.5
"2009-02-01",35.5,32.8,35.3,25.5,46,38,51,29,31,37.5,32
"2009-03-01",36,40.3,36.3,28.6,41.9,33,54,31,35.5,39,33
"2009-04-01",39.5,46.5,39,33.2,44.4,34.5,49.5,32,40.5,44,42
"2009-05-01",41.7,49,42.7,34.8,49.2,33,46,43.5,48,48,42.5
"2009-06-01",45.8,51.7,55.4,40.7,50.4,31,43.5,50,47.5,49.5,46
"2009-07-01",49.9,57.6,59.9,47.1,52.2,32.5,42.5,55,50,50.5,50
"2009-08-01",53.5,66.6,62.4,46.1,56.5,36,39,65,52.5,55.5,49.5
"2009-09-01",54.4,63.3,61.2,47.8,58.4,41.5,39,63.5,53.5,55,52
"2009-10-01",56,59.9,63,52.4,58.4,46.5,38.5,65,53.5,55.5,51
"2009-11-01",54.4,60.6,62.7,51.7,57.5,39.5,37,55,52,56,51.5
"2009-12-01",55.3,63,62.3,51.6,58.3,41.5,35,61.5,50,54.5,55
"2010-01-01",57.2,62.9,64.7,53.6,59,46,32,70,56,58.5,56.5
"2010-02-01",55.8,57.1,58.4,54.6,59.8,49,37,67,61,56.5,56
"2010-03-01",58.8,61.4,60.7,54,61.3,56.5,39,75,58,61.5,57
"2010-04-01",58.1,62.4,63,55.6,58.9,50.5,33,78,57.5,61,58
"2010-05-01",58.3,63.1,64.6,57.1,60.8,46,32,77.5,59.5,62,56.5
"2010-06-01",56.4,60,62.2,55.9,57.8,46,38,57,57,56,56.5
"2010-07-01",56.4,57,57.7,59.5,58.9,49,39,57.5,54.5,56.5,52.5
"2010-08-01",58,56.9,60.7,62.1,57.1,53,43.5,61.5,51.5,55.5,56.5
"2010-09-01",56.3,53.5,60.2,57.9,54,56,42.5,70.5,46.5,54.5,56.5
"2010-10-01",57.7,59.5,63.5,59.5,52.9,53,44,71,46,60.5,51.5
"2010-11-01",57.6,57.9,56,60.5,59.5,54,45.5,69.5,46,57,53
"2010-12-01",57.5,59.8,62.5,58.2,57,50,40,72.5,47,54.5,50.5
"2011-01-01",59,62.5,62.9,60.6,57.2,52,45.5,81.5,58,62,55
"2011-02-01",59.3,61.9,63.5,61.5,59.2,50.5,40,82,59,62.5,55
"2011-03-01",59.1,61.9,63.8,60.7,59.9,49,39.5,85,52.5,56,56.5
"2011-04-01",58.9,60.4,60.7,59.7,59.2,54.5,40.5,85.5,61,62,55.5
"2011-05-01",53.7,52.4,54.4,57.2,55.9,48.5,39.5,76.5,50.5,55,54.5
"2011-06-01",56.6,55.7,57.3,60.3,56.4,53.5,47,68,49,53.5,51
"2011-07-01",52.9,54.9,54.3,56.1,51.4,48,44,59,45,54,53.5
"2011-08-01",53,52.1,51.7,54.9,52,54.5,46.5,55.5,46,50.5,55.5
"2011-09-01",52.8,51.6,53.7,54.8,51.9,52,49,56,41.5,53.5,54.5
"2011-10-01",51.8,52.4,52.8,55.1,52,46.5,43.5,41,47.5,50,49.5
"2011-11-01",52.1,55.2,54.4,53,51.3,46.5,50,45,45,52,49
"2011-12-01",53.1,55.4,59.9,55,49.9,45.5,42.5,47.5,48,53,54
"2012-01-01",52.8,55.2,54.3,54,50.8,49.5,47.5,55.5,52.5,55,52.5
"2012-02-01",52.4,55.2,55.5,53.6,48.4,49.5,46,61.5,52,59.5,54
"2012-03-01",53,55.5,56.5,54.6,48.6,50,44.5,61,52.5,54,53.5
"2012-04-01",53.7,55.8,59.2,56.5,48.7,48.5,45.5,61,49.5,59,53.5
"2012-05-01",53.2,57.1,56.6,56,50.2,46,43.5,47.5,47,53.5,53.5
"2012-06-01",51,51.3,53.8,55.8,50,44,48.5,37,44.5,47.5,53.5
"2012-07-01",50.6,50.3,50.6,53.3,49.6,49,49.5,39.5,43,46.5,50.5
"2012-08-01",51.1,49.6,49.5,52.9,50.3,53,49,54,42.5,47,49
"2012-09-01",52.2,53.5,51.9,54.3,50.6,50.5,49.5,58,44,48.5,49.5
"2012-10-01",51.2,51.8,51.9,53.1,49.4,50,49,55,41.5,48,47.5
"2012-11-01",49.5,51.4,52.2,48.8,50.2,45,42.5,52.5,41,47,48
"2012-12-01",50.4,50.1,53.1,52.7,52.9,43,47,55.5,48.5,51.5,51.5
"2013-01-01",52.3,50.8,53.8,53.8,51.9,51,48.5,56.5,47.5,50.5,50
"2013-02-01",53.1,55.7,54.5,52.2,51.5,51.5,46.5,61.5,55,53.5,54
"2013-03-01",51.5,51.7,53.9,52.1,50.4,49.5,47.5,54.5,51,56,54
"2013-04-01",50,49.7,52.1,50.5,51.1,46.5,44.5,50,53,54,55
"2013-05-01",50,49.6,52.5,49,49.7,49,46,49.5,48,51,54.5
"2013-06-01",52.5,55.7,55.7,50,50.4,50.5,45,52.5,46.5,54.5,56
"2013-07-01",54.9,59.1,60.8,55.5,52,47,47.5,49,45,53.5,57.5
"2013-08-01",56.3,63.6,63,55,52.4,47.5,42.5,54,46.5,55.5,58
"2013-09-01",56,61.3,61.2,54.8,52.7,50,43,56.5,49.5,52,55
"2013-10-01",56.6,61.3,60.8,54.3,54.1,52.5,47,55.5,51.5,57,55.5
"2013-11-01",57,63.4,62.4,55.4,53.3,50.5,45,52.5,54,59.5,55
"2013-12-01",56.5,64.4,61.7,55.8,53.7,47,47.5,53.5,51.5,55,55
"2014-01-01",51.3,51.2,54.8,52.3,54.3,44,44,60.5,48,54.5,53.5
"2014-02-01",54.3,54.5,48.2,52.3,58.5,52.5,46.5,60,52,53.5,53.5
"2014-03-01",54.4,55.1,55.9,51.1,54,52.5,42,59,57.5,55.5,54.5
"2014-04-01",55.3,55.1,55.7,54.7,55.9,53,42,56.5,55.5,57,58
"2014-05-01",55.6,56.9,61,52.8,53.2,53,46.5,60,52.5,56.5,54.5
"2014-06-01",55.7,58.9,60,52.8,51.9,53,46.5,58,48,54.5,57
"2014-07-01",56.4,63.4,61.2,58.2,54.1,48.5,43.5,59.5,49.5,53,52
"2014-08-01",58.1,66.7,64.5,58.1,53.9,52,49,58,52.5,55,56
"2014-09-01",56.1,60,64.6,54.6,52.2,51.5,44.5,59.5,47,53.5,53
"2014-10-01",57.9,65.8,64.8,55.5,56.2,52.5,48,53.5,53,51.5,54.5
"2014-11-01",57.6,66,64.4,54.9,56.8,51.5,50,44.5,55,55,56
"2014-12-01",55.1,57.3,58.8,56.8,59.3,45.5,44.5,38.5,52.5,52,55
"2015-01-01",53.5,52.9,56.5,54.1,52.9,51,42.5,35,46,49.5,55.5
"2015-02-01",52.9,52.5,53.7,51.4,54.3,52.5,46.5,35,51.5,48.5,54
"2015-03-01",51.5,51.8,53.8,50,50.5,51.5,45.5,39,49.5,47.5,52.5
"2015-04-01",51.5,53.5,56,48.3,50.1,49.5,44,40.5,49.5,51.5,54
"2015-05-01",52.8,55.8,54.5,51.7,50.7,51.5,45.5,49.5,53.5,50,55
"2015-06-01",53.5,56,54,55.5,48.8,53,48.5,49.5,47,49.5,53.5
"2015-07-01",52.7,56.5,56,52.7,48.9,49.5,44,44,42.5,48,52
"2015-08-01",51.1,51.7,53.6,51.2,50.7,48.5,53,39,46.5,46.5,51.5
"2015-09-01",50.2,50.1,51.8,50.5,50.2,48.5,54.5,38,41.5,46.5,50.5
"2015-10-01",49.4,50.8,52.5,47.7,49.7,46.5,51,39,42.5,47.5,47
"2015-11-01",48.4,49,49.8,50.8,49.6,43,50.5,35.5,43,47.5,49
"2015-12-01",48,48.8,49.9,48,49.8,43.5,51.5,33.5,41,51,45.5
"2016-01-01",48.2,51.5,50.2,45.9,50,43.5,51.5,33.5,43,47,51
"2016-02-01",49.7,51.5,52.8,48.5,49.7,45,47,38.5,48.5,46.5,49
"2016-03-01",51.7,58.3,55.3,48.1,50.2,47,49,51.5,51,52,49.5
"2016-04-01",50.7,55.8,54.2,49.2,49.1,45.5,46,59,50.5,52.5,50
"2016-05-01",51,55.7,52.6,49.2,54.1,45,50,63.5,47,52.5,50
"2016-06-01",52.8,57,54.7,50.4,55.4,48.5,51,60.5,52.5,53.5,52
"2016-07-01",52.3,56.9,55.4,49.4,51.8,49.5,51,55,48,52.5,52
"2016-08-01",49.4,49.1,49.6,48.3,50.9,49,49.5,53,45.5,52.5,47
"2016-09-01",51.7,55.1,52.8,49.7,50.3,49.5,53,53,49.5,52,49
"2016-10-01",52,52.1,54.6,52.9,52.2,47.5,49.5,54.5,45.5,52.5,52
"2016-11-01",53.5,54.8,55.6,52.5,55.5,49,49,54.5,49,52,50.5
"2016-12-01",54.5,60.3,59.4,52.8,53,47,49,65.5,49,56,50.5
"2017-01-01",56,60.4,61.4,56.1,53.6,48.5,48.5,69,49.5,54.5,50
"2017-02-01",57.6,65.1,62.9,54.2,54.8,51.5,47.5,68,57,55,54
"2017-03-01",56.6,64.5,57.6,58.9,55.9,49,47,70.5,57.5,59,53.5
"2017-04-01",55.3,57.5,58.6,52,55.1,51,45.5,68.5,57,59.5,55.5
"2017-05-01",55.5,59.5,57.1,53.5,53.1,51.5,49.5,60.5,55,57.5,53.5
"2017-06-01",56.7,63.5,62.4,57.2,57,49,50.5,55,57,59.5,54
"2017-07-01",56.5,60.4,60.6,55.2,55.4,50,49,62,55,57.5,56
"2017-08-01",59.3,60.3,61,59.9,57.1,55.5,41,62,57.5,55.5,54.5
"2017-09-01",60.2,64.6,62.2,60.3,64.4,52.5,42,71.5,58,57,54
"2017-10-01",58.5,63.5,61,59.8,60.1,48.1,43.5,68.1,53.9,55.1,54.3
"2017-11-01",58.2,63.9,64.3,59.2,56.6,47.1,45.1,64.8,54.3,56.3,54.3
"2017-12-01",59.3,67.4,65.2,58.1,57.2,48.5,42.9,68.3,54.9,57.6,56.5
"2018-01-01",59.1,65.4,64.5,54.2,59.1,52.3,45.6,72.7,56.2,59.8,58.4
"2018-02-01",60.7,64.2,62,59.7,61.1,56.7,43.7,74.2,59.8,62.8,60.5
"2018-03-01",59.3,61.9,61,57.3,60.6,55.5,42,78.1,59.8,58.7,59.7
"2018-04-01",57.9,61.2,57.2,54.2,61.1,52.9,44.3,79.3,62,57.7,57.8
"2018-05-01",58.7,63.7,61.5,56.3,62,50.2,39.6,79.5,63.5,55.6,54.1
"2018-06-01",60,63.5,62.3,56,68.2,50.8,39.7,76.8,60.1,56.3,59
"2018-07-01",58.4,60.2,58.5,56.5,62.1,53.3,39.4,73.2,54.7,55.3,54.7
"2018-08-01",60.8,65.1,63.3,58.5,64.5,55.4,41,72.1,57.5,55.2,53.9
"2018-09-01",59.5,61.8,63.9,58.8,61.1,53.3,40.5,66.9,55.7,56,54.5
"2018-10-01",57.5,58,59.3,56.5,63.2,50.7,43.3,71.6,55.8,52.2,54.3
"2018-11-01",58.8,61.8,59.9,57.7,61.5,52.9,41.5,60.7,56.4,52.2,53.6
"2018-12-01",54.3,51.3,54.1,56,59,51.2,41.7,54.9,50,52.8,52.7
"2019-01-01",56.6,58.2,60.5,55.5,56.2,52.8,42.8,49.6,50.3,51.8,53.8
"2019-02-01",54.1,55.5,54.8,52.3,54.9,53.4,39,49.4,52.3,52.8,55.3
"2019-03-01",54.6,57.4,55.8,57.5,54.2,51.8,42.7,54.3,50.4,51.7,51.1
"2019-04-01",53.4,51.7,52.3,52.4,54.6,52.9,42.6,50,53.9,49.5,49.8
"2019-05-01",52.3,52.7,51.3,53.7,52,50.9,43.7,53.2,47.2,51,49.4
"2019-06-01",51.6,50,54.1,54.5,50.7,49.1,44.6,47.9,47.4,50.5,50
"2019-07-01",51.3,50.8,50.8,51.7,53.3,49.5,45.7,45.1,43.1,48.1,47
"2019-08-01",48.8,47.2,49.5,47.4,51.4,49.9,44.9,46,46.3,43.3,46
"2019-09-01",48.2,47.3,47.3,46.3,51.1,46.9,45.5,49.7,45.1,41,48.1
"2019-10-01",48.5,48.9,46.3,47.9,50.1,49.4,47.8,45.5,44.1,50.4,45.3
"2019-11-01",48.1,46.8,48,46.8,51.7,47.2,45,46.7,43,47.9,48.3
"2019-12-01",47.8,47.6,44.8,45.2,52.2,49.2,41.1,51.7,43.3,47.3,48.8
"2020-01-01",50.9,52,54.3,46.6,52.9,48.8,43.8,53.3,45.7,53.3,51.3
"2020-02-01",50.3,49.8,50.3,46.9,57.3,46.5,41.8,45.9,50.3,51.2,42.6
"2020-03-01",49.7,42.2,47.7,43.8,65,46.9,43.4,37.4,45.9,46.6,42.1
"2020-04-01",41.7,27.1,27.5,27.5,76,49.7,48.8,35.3,37.8,35.3,42.7
"2020-05-01",43.1,31.8,33.2,32.1,68,50.4,46.2,40.8,38.2,39.5,41.3
"2020-06-01",52.2,56.4,57.3,42.1,56.9,50.5,44.6,51.3,45.3,47.6,48.8
"2020-07-01",53.7,61.5,62.1,44.3,55.8,47,41.6,53.2,51.8,50.4,53.1
"2020-08-01",55.6,67.6,63.3,46.4,58.2,44.4,38.1,59.5,54.6,53.3,55.6
"2020-09-01",55.7,60.2,61,49.6,59,47.1,37.9,62.8,55.2,54.3,54
"2020-10-01",58.8,66.9,63.1,52.1,60.5,51.6,36.7,65.5,55.7,55.7,58.1
"2020-11-01",57.7,65.7,62.2,48.3,61.7,50.8,36.3,65.4,56.9,57.8,55.1
"2020-12-01",60.5,67.5,64.7,51.7,67.7,51,37.9,77.6,59.1,57.5,54.6
"2021-01-01",58.7,61.1,60.7,52.6,68.2,50.8,33.1,82.1,59.7,54.9,56.8
"2021-02-01",60.8,64.8,63.2,54.4,72,49.7,32.5,86,64,57.2,56.1
"2021-03-01",64.7,68,68.1,59.6,76.6,50.8,29.9,85.6,67.5,54.5,56.7
"2021-04-01",60.7,64.3,62.5,55.1,75,46.5,28.4,89.6,68.2,54.9,52.2
"2021-05-01",61.2,67,58.5,50.9,78.8,50.8,28,88,70.6,55.4,54
"2021-06-01",60.6,66,60.8,49.9,75.1,51.1,30.8,92.1,64.5,56.2,61
"2021-07-01",59.5,64.9,58.4,52.9,72.5,48.9,25,85.7,65,55.7,53.7
"2021-08-01",59.9,66.7,60,49,69.5,54.2,30.2,79.4,68.2,56.6,54.3
"2021-09-01",61.1,66.7,59.4,50.2,73.4,55.6,31.7,81.2,64.8,53.4,54.9
"2021-10-01",60.8,59.8,59.3,52,75.6,57,31.7,85.7,63.6,54.6,49.1
"2021-11-01",61.1,61.5,61.5,53.3,72.2,56.8,25.1,82.4,61.9,54,52.6
