"date","IPMAN","PCUOMFGOMFG","AMTMNO","ADXTNO","ADXDNO"
1972-01-01,36.0856,NA,NA,NA,NA
1972-02-01,36.3699,NA,NA,NA,NA
1972-03-01,36.6126,NA,NA,NA,NA
1972-04-01,37.0278,NA,NA,NA,NA
1972-05-01,37.0977,NA,NA,NA,NA
1972-06-01,37.2049,NA,NA,NA,NA
1972-07-01,37.1972,NA,NA,NA,NA
1972-08-01,37.6906,NA,NA,NA,NA
1972-09-01,37.9677,NA,NA,NA,NA
1972-10-01,38.5217,NA,NA,NA,NA
1972-11-01,39.0233,NA,NA,NA,NA
1972-12-01,39.5934,NA,NA,NA,NA
1973-01-01,39.888,NA,NA,NA,NA
1973-02-01,40.5253,NA,NA,NA,NA
1973-03-01,40.6055,NA,NA,NA,NA
1973-04-01,40.5511,NA,NA,NA,NA
1973-05-01,40.8108,NA,NA,NA,NA
1973-06-01,40.8257,NA,NA,NA,NA
1973-07-01,41.0082,NA,NA,NA,NA
1973-08-01,40.8993,NA,NA,NA,NA
1973-09-01,41.2452,NA,NA,NA,NA
1973-10-01,41.6391,NA,NA,NA,NA
1973-11-01,41.9302,NA,NA,NA,NA
1973-12-01,41.942,NA,NA,NA,NA
1974-01-01,41.5782,NA,NA,NA,NA
1974-02-01,41.4109,NA,NA,NA,NA
1974-03-01,41.3949,NA,NA,NA,NA
1974-04-01,41.2343,NA,NA,NA,NA
1974-05-01,41.5027,NA,NA,NA,NA
1974-06-01,41.5264,NA,NA,NA,NA
1974-07-01,41.5095,NA,NA,NA,NA
1974-08-01,41.1198,NA,NA,NA,NA
1974-09-01,41.1793,NA,NA,NA,NA
1974-10-01,40.8682,NA,NA,NA,NA
1974-11-01,39.6248,NA,NA,NA,NA
1974-12-01,37.7976,NA,NA,NA,NA
1975-01-01,37.0086,NA,NA,NA,NA
1975-02-01,35.9633,NA,NA,NA,NA
1975-03-01,35.4655,NA,NA,NA,NA
1975-04-01,35.4631,NA,NA,NA,NA
1975-05-01,35.3924,NA,NA,NA,NA
1975-06-01,35.6964,NA,NA,NA,NA
1975-07-01,36.2085,NA,NA,NA,NA
1975-08-01,36.5947,NA,NA,NA,NA
1975-09-01,37.2364,NA,NA,NA,NA
1975-10-01,37.434,NA,NA,NA,NA
1975-11-01,37.5107,NA,NA,NA,NA
1975-12-01,38.0449,NA,NA,NA,NA
1976-01-01,38.5249,NA,NA,NA,NA
1976-02-01,39.1241,NA,NA,NA,NA
1976-03-01,39.2461,NA,NA,NA,NA
1976-04-01,39.4607,NA,NA,NA,NA
1976-05-01,39.6546,NA,NA,NA,NA
1976-06-01,39.6982,NA,NA,NA,NA
1976-07-01,39.9823,NA,NA,NA,NA
1976-08-01,40.2314,NA,NA,NA,NA
1976-09-01,40.3114,NA,NA,NA,NA
1976-10-01,40.2677,NA,NA,NA,NA
1976-11-01,40.8165,NA,NA,NA,NA
1976-12-01,41.2484,NA,NA,NA,NA
1977-01-01,41.1187,NA,NA,NA,NA
1977-02-01,41.8867,NA,NA,NA,NA
1977-03-01,42.4905,NA,NA,NA,NA
1977-04-01,42.9302,NA,NA,NA,NA
1977-05-01,43.2782,NA,NA,NA,NA
1977-06-01,43.6554,NA,NA,NA,NA
1977-07-01,43.6594,NA,NA,NA,NA
1977-08-01,43.9009,NA,NA,NA,NA
1977-09-01,43.9072,NA,NA,NA,NA
1977-10-01,43.9961,NA,NA,NA,NA
1977-11-01,44.1161,NA,NA,NA,NA
1977-12-01,44.5899,NA,NA,NA,NA
1978-01-01,43.9192,NA,NA,NA,NA
1978-02-01,44.0819,NA,NA,NA,NA
1978-03-01,44.8703,NA,NA,NA,NA
1978-04-01,45.5733,NA,NA,NA,NA
1978-05-01,45.8117,NA,NA,NA,NA
1978-06-01,46.1505,NA,NA,NA,NA
1978-07-01,46.1084,NA,NA,NA,NA
1978-08-01,46.3688,NA,NA,NA,NA
1978-09-01,46.6253,NA,NA,NA,NA
1978-10-01,46.9399,NA,NA,NA,NA
1978-11-01,47.3857,NA,NA,NA,NA
1978-12-01,47.7254,NA,NA,NA,NA
1979-01-01,47.3727,NA,NA,NA,NA
1979-02-01,47.5167,NA,NA,NA,NA
1979-03-01,47.7473,NA,NA,NA,NA
1979-04-01,46.9632,NA,NA,NA,NA
1979-05-01,47.5953,NA,NA,NA,NA
1979-06-01,47.6561,NA,NA,NA,NA
1979-07-01,47.6781,NA,NA,NA,NA
1979-08-01,47.0565,NA,NA,NA,NA
1979-09-01,47.1273,NA,NA,NA,NA
1979-10-01,47.3641,NA,NA,NA,NA
1979-11-01,47.19,NA,NA,NA,NA
1979-12-01,47.3456,NA,NA,NA,NA
1980-01-01,47.5693,NA,NA,NA,NA
1980-02-01,47.5114,NA,NA,NA,NA
1980-03-01,47.1231,NA,NA,NA,NA
1980-04-01,46.1501,NA,NA,NA,NA
1980-05-01,44.6972,NA,NA,NA,NA
1980-06-01,43.9726,NA,NA,NA,NA
1980-07-01,43.4656,NA,NA,NA,NA
1980-08-01,43.7938,NA,NA,NA,NA
1980-09-01,44.5709,NA,NA,NA,NA
1980-10-01,45.4058,NA,NA,NA,NA
1980-11-01,46.214,NA,NA,NA,NA
1980-12-01,46.4002,NA,NA,NA,NA
1981-01-01,46.2204,NA,NA,NA,NA
1981-02-01,45.9828,NA,NA,NA,NA
1981-03-01,46.1268,NA,NA,NA,NA
1981-04-01,46.3707,NA,NA,NA,NA
1981-05-01,46.5818,NA,NA,NA,NA
1981-06-01,46.3602,NA,NA,NA,NA
1981-07-01,46.4651,NA,NA,NA,NA
1981-08-01,46.4487,NA,NA,NA,NA
1981-09-01,46.2541,NA,NA,NA,NA
1981-10-01,45.797,NA,NA,NA,NA
1981-11-01,45.1891,NA,NA,NA,NA
1981-12-01,44.4055,NA,NA,NA,NA
1982-01-01,43.3192,NA,NA,NA,NA
1982-02-01,44.5513,NA,NA,NA,NA
1982-03-01,44.2051,NA,NA,NA,NA
1982-04-01,43.8757,NA,NA,NA,NA
1982-05-01,43.7735,NA,NA,NA,NA
1982-06-01,43.7298,NA,NA,NA,NA
1982-07-01,43.6733,NA,NA,NA,NA
1982-08-01,43.2538,NA,NA,NA,NA
1982-09-01,43.1493,NA,NA,NA,NA
1982-10-01,42.6066,NA,NA,NA,NA
1982-11-01,42.351,NA,NA,NA,NA
1982-12-01,42.198,NA,NA,NA,NA
1983-01-01,43.2063,NA,NA,NA,NA
1983-02-01,43.2041,NA,NA,NA,NA
1983-03-01,43.6187,NA,NA,NA,NA
1983-04-01,44.1489,NA,NA,NA,NA
1983-05-01,44.703,NA,NA,NA,NA
1983-06-01,45.0676,NA,NA,NA,NA
1983-07-01,45.7459,NA,NA,NA,NA
1983-08-01,46.144,NA,NA,NA,NA
1983-09-01,47.032,NA,NA,NA,NA
1983-10-01,47.5157,NA,NA,NA,NA
1983-11-01,47.7541,NA,NA,NA,NA
1983-12-01,47.8977,NA,NA,NA,NA
1984-01-01,48.7835,NA,NA,NA,NA
1984-02-01,49.3219,NA,NA,NA,NA
1984-03-01,49.5399,NA,NA,NA,NA
1984-04-01,49.7923,NA,NA,NA,NA
1984-05-01,49.9335,NA,NA,NA,NA
1984-06-01,50.1659,NA,NA,NA,NA
1984-07-01,50.3687,NA,NA,NA,NA
1984-08-01,50.4624,NA,NA,NA,NA
1984-09-01,50.2846,NA,NA,NA,NA
1984-10-01,50.5399,NA,NA,NA,NA
1984-11-01,50.677,NA,NA,NA,NA
1984-12-01,50.8267,100,NA,NA,NA
1985-01-01,50.6737,NA,NA,NA,NA
1985-02-01,50.4645,NA,NA,NA,NA
1985-03-01,50.8501,NA,NA,NA,NA
1985-04-01,50.6841,NA,NA,NA,NA
1985-05-01,50.7775,NA,NA,NA,NA
1985-06-01,50.7946,NA,NA,NA,NA
1985-07-01,50.5746,NA,NA,NA,NA
1985-08-01,50.8314,NA,NA,NA,NA
1985-09-01,50.8941,NA,NA,NA,NA
1985-10-01,50.7794,NA,NA,NA,NA
1985-11-01,51.1419,NA,NA,NA,NA
1985-12-01,51.3224,NA,NA,NA,NA
1986-01-01,51.9409,101.3,NA,NA,NA
1986-02-01,51.6698,99.9,NA,NA,NA
1986-03-01,51.482,98.3,NA,NA,NA
1986-04-01,51.6179,97.9,NA,NA,NA
1986-05-01,51.6696,98.2,NA,NA,NA
1986-06-01,51.4726,98.2,NA,NA,NA
1986-07-01,51.744,97.5,NA,NA,NA
1986-08-01,51.9034,97.4,NA,NA,NA
1986-09-01,52.0594,97.6,NA,NA,NA
1986-10-01,52.2521,98.2,NA,NA,NA
1986-11-01,52.4352,98.3,NA,NA,NA
1986-12-01,52.9739,98.3,NA,NA,NA
1987-01-01,52.7867,99.1,NA,NA,NA
1987-02-01,53.5672,99.5,NA,NA,NA
1987-03-01,53.5742,99.5,NA,NA,NA
1987-04-01,53.8949,100.2,NA,NA,NA
1987-05-01,54.2745,100.6,NA,NA,NA
1987-06-01,54.4821,100.9,NA,NA,NA
1987-07-01,54.9168,101.3,NA,NA,NA
1987-08-01,55.2029,101.6,NA,NA,NA
1987-09-01,55.5814,101.3,NA,NA,NA
1987-10-01,56.4697,102,NA,NA,NA
1987-11-01,56.7507,102.2,NA,NA,NA
1987-12-01,57.1648,102.1,NA,NA,NA
1988-01-01,57.0335,102.4,NA,NA,NA
1988-02-01,57.2317,102.6,NA,NA,NA
1988-03-01,57.3964,102.8,NA,NA,NA
1988-04-01,57.9301,103.4,NA,NA,NA
1988-05-01,57.8111,103.9,NA,NA,NA
1988-06-01,57.9382,104.3,NA,NA,NA
1988-07-01,57.9195,104.9,NA,NA,NA
1988-08-01,58.02,105.1,NA,NA,NA
1988-09-01,58.2081,105.1,NA,NA,NA
1988-10-01,58.4369,105.6,NA,NA,NA
1988-11-01,58.6715,106.1,NA,NA,NA
1988-12-01,58.9316,106.4,NA,NA,NA
1989-01-01,59.4458,107.5,NA,NA,NA
1989-02-01,58.8424,107.9,NA,NA,NA
1989-03-01,58.7762,108.5,NA,NA,NA
1989-04-01,58.8847,109.4,NA,NA,NA
1989-05-01,58.4046,110.1,NA,NA,NA
1989-06-01,58.5115,110.1,NA,NA,NA
1989-07-01,57.7941,109.9,NA,NA,NA
1989-08-01,58.3755,109.6,NA,NA,NA
1989-09-01,58.2623,109.9,NA,NA,NA
1989-10-01,58.1012,110.8,NA,NA,NA
1989-11-01,58.2235,110.8,NA,NA,NA
1989-12-01,58.2664,111,NA,NA,NA
1990-01-01,58.1907,112.7,NA,NA,NA
1990-02-01,59.0064,112.2,NA,NA,NA
1990-03-01,59.3297,112.3,NA,NA,NA
1990-04-01,59.127,112.6,NA,NA,NA
1990-05-01,59.2784,113.1,NA,NA,NA
1990-06-01,59.4813,113.1,NA,NA,NA
1990-07-01,59.3302,113.2,NA,NA,NA
1990-08-01,59.5568,114.6,NA,NA,NA
1990-09-01,59.4998,116.2,NA,NA,NA
1990-10-01,59.089,118.1,NA,NA,NA
1990-11-01,58.3864,118.2,NA,NA,NA
1990-12-01,57.9173,117.2,NA,NA,NA
1991-01-01,57.5281,116.9,NA,NA,NA
1991-02-01,57.1164,116.2,NA,NA,NA
1991-03-01,56.7293,115.3,NA,NA,NA
1991-04-01,56.9895,115.4,NA,NA,NA
1991-05-01,57.3813,115.6,NA,NA,NA
1991-06-01,57.9485,115.6,NA,NA,NA
1991-07-01,58.2618,115.4,NA,NA,NA
1991-08-01,58.3109,115.7,NA,NA,NA
1991-09-01,58.961,115.7,NA,NA,NA
1991-10-01,58.8685,116.4,NA,NA,NA
1991-11-01,58.7682,116.5,NA,NA,NA
1991-12-01,58.6438,116,NA,NA,NA
1992-01-01,58.3307,115.9,NA,NA,NA
1992-02-01,58.8926,116.3,223500,82931,106189
1992-03-01,59.5003,116.4,233732,85725,113354
1992-04-01,59.8441,116.9,238173,86604,115995
1992-05-01,60.1968,117.6,241916,88340,117605
1992-06-01,60.3944,117.9,240660,88219,115878
1992-07-01,60.9707,117.8,238609,87727,116709
1992-08-01,60.6883,117.6,235633,87497,114544
1992-09-01,60.7776,117.6,239052,88681,114022
1992-10-01,61.1751,118.3,242803,87064,115727
1992-11-01,61.4273,118.2,240286,89497,114116
1992-12-01,61.3676,117.9,244173,91359,117702
1993-01-01,61.9438,118.4,239924,91074,115615
1993-02-01,62.0967,118.9,247176,90448,121420
1993-03-01,61.9756,119.3,245506,91923,118717
1993-04-01,62.3009,119.7,244703,91700,120216
1993-05-01,62.2327,119.8,245194,91493,119649
1993-06-01,62.1256,119.5,249521,91139,124266
1993-07-01,62.2911,119.3,245765,92496,119325
1993-08-01,62.1896,118.6,246562,93424,121450
1993-09-01,62.6277,118.4,245731,94082,120779
1993-10-01,63.1862,119.4,251656,96033,125808
1993-11-01,63.4892,119.3,247827,94450,124269
1993-12-01,63.8832,118.8,250057,97857,127594
1994-01-01,63.9601,119.3,257125,97250,130159
1994-02-01,64.0819,119.8,256624,98720,131270
1994-03-01,64.9342,119.9,257190,98497,131368
1994-04-01,65.5367,120.1,260006,101101,134410
1994-05-01,65.9732,120.4,263419,102623,135316
1994-06-01,66.2023,120.4,267027,104475,138289
1994-07-01,66.4961,120.9,267694,104841,138141
1994-08-01,67.0497,121.5,269994,103904,139058
1994-09-01,67.3207,121.1,270377,104826,139135
1994-10-01,67.9952,121.5,275087,107955,141113
1994-11-01,68.5539,121.9,276477,107142,143323
1994-12-01,69.3168,121.7,282738,109357,144805
1995-01-01,69.4444,122.6,279692,111899,145879
1995-02-01,69.244,123.1,284915,109484,146538
1995-03-01,69.4426,123.4,282195,109712,145807
1995-04-01,69.2846,124.1,283370,110480,145517
1995-05-01,69.5089,124.5,282955,111794,146352
1995-06-01,69.8331,124.4,281900,109440,143562
1995-07-01,69.3542,124.4,281269,108990,142786
1995-08-01,70.1963,124.4,285979,112316,147062
1995-09-01,70.8715,124.3,293326,113019,153556
1995-10-01,70.8105,125.1,287568,115650,149481
1995-11-01,70.8769,125.1,287704,113473,150718
1995-12-01,71.1869,125.3,297684,116432,156997
1996-01-01,70.7137,125.8,285822,112070,148982
1996-02-01,71.7652,125.7,277940,110398,145094
1996-03-01,71.5897,126,298862,114653,152130
1996-04-01,72.5121,126.8,290320,113802,150475
1996-05-01,73.0722,127.4,298700,117175,156429
1996-06-01,73.8066,127.1,299606,117889,156863
1996-07-01,74.1398,127.1,298909,116598,157889
1996-08-01,74.4438,127.4,293231,117708,151860
1996-09-01,75.0938,127.5,302015,116336,159031
1996-10-01,74.9676,128.2,301595,119499,158298
1996-11-01,75.6366,128,309537,119569,156723
1996-12-01,76.2699,128,300179,116695,151939
1997-01-01,76.355,128.1,300765,118690,157118
1997-02-01,77.4119,127.9,310604,123490,163696
1997-03-01,78.179,127.8,307465,123185,162083
1997-04-01,78.0751,127.7,313694,125909,167051
1997-05-01,78.6235,127.6,308733,122860,162721
1997-06-01,79.11,127.2,315090,126457,168024
1997-07-01,79.6685,126.9,318485,128937,172439
1997-08-01,80.6979,127.4,319106,127817,170596
1997-09-01,81.4513,127.3,318687,130673,172083
1997-10-01,82.1597,127.6,319565,127387,172275
1997-11-01,83.0032,127.5,334896,128586,184858
1997-12-01,83.4898,127,315121,128191,169053
1998-01-01,84.1769,126.4,315893,127262,168413
1998-02-01,84.2643,126.1,322715,130630,175093
1998-03-01,84.0693,125.9,317454,128771,171668
1998-04-01,84.4739,126.2,320388,126519,173267
1998-05-01,84.9067,126.4,320787,129740,175262
1998-06-01,84.2224,126.2,311219,130048,166768
1998-07-01,83.8018,126.2,308769,126102,164656
1998-08-01,85.948,126,318026,126589,173292
1998-09-01,85.8601,125.9,319546,128820,173517
1998-10-01,86.6608,126.4,315959,125391,172814
1998-11-01,86.7538,126.2,319291,128102,175917
1998-12-01,87.2904,125.9,315467,130753,171696
1999-01-01,87.5506,126.2,324278,127125,178955
1999-02-01,88.3515,125.9,324617,130143,178797
1999-03-01,88.3035,126.3,322604,129497,176954
1999-04-01,88.6402,127.4,321414,130468,177226
1999-05-01,89.3814,127.7,325581,130627,179129
1999-06-01,89.1748,127.8,323793,130642,177042
1999-07-01,89.613,128.3,330548,134206,181571
1999-08-01,90.0666,129,332510,134061,184078
1999-09-01,89.6284,129.7,333492,135632,184169
1999-10-01,91.0202,130.2,341407,137171,186205
1999-11-01,91.6313,130.3,334281,134658,182096
1999-12-01,92.2801,130.5,344248,139078,189055
2000-01-01,92.3525,130.8,350725,139613,192052
2000-02-01,92.6583,132.2,331991,132425,178520
2000-03-01,93.2688,132.9,344182,139841,186944
2000-04-01,93.8974,132.6,347917,141338,189901
2000-05-01,93.9749,133.1,340085,137890,183199
2000-06-01,94.1071,134.2,374700,143496,192711
2000-07-01,94.1749,133.9,343351,137968,183526
2000-08-01,93.5862,133.5,340728,138633,182241
2000-09-01,94.0624,134.7,354557,141463,194299
2000-10-01,93.7545,134.9,339610,137264,180302
2000-11-01,93.4893,134.9,343578,136045,181736
2000-12-01,92.9602,134.3,343858,135323,185300
2001-01-01,92.497,134.8,331600,131646,172069
2001-02-01,91.9674,134.8,335205,131335,174230
2001-03-01,91.7962,134.5,333486,125568,173019
2001-04-01,91.4419,135.6,321890,120800,165193
2001-05-01,90.798,136.5,329643,126158,170387
2001-06-01,90.2159,135.8,324044,125138,170143
2001-07-01,89.6779,134.4,318401,121761,163190
2001-08-01,89.3345,134.6,321838,122061,164593
2001-09-01,89.0025,135.6,311821,118407,155425
2001-10-01,88.5813,133.7,318537,115125,152471
2001-11-01,88.2903,132.7,310008,117164,157390
2001-12-01,88.4847,131.6,311731,118387,158149
2002-01-01,89.0582,131.7,308617,113631,157413
2002-02-01,89.095,132,317481,115732,162338
2002-03-01,89.8219,132.8,315160,114652,157855
2002-04-01,90.1449,133.8,319110,118882,164479
2002-05-01,90.6321,133.5,321471,119944,165886
2002-06-01,91.5685,133.6,316320,117193,158878
2002-07-01,91.4591,133.6,320937,116993,164086
2002-08-01,91.5546,133.7,326896,117043,169023
2002-09-01,91.6661,135,319466,116461,158513
2002-10-01,91.3287,135.6,320658,116624,163571
2002-11-01,91.829,134.6,322463,116947,163175
2002-12-01,91.1988,134,316933,115767,156085
2003-01-01,91.9849,135.7,323882,115609,161973
2003-02-01,91.8644,137.6,330320,118098,164139
2003-03-01,91.9432,138.7,330437,116926,162941
2003-04-01,91.2891,136.3,321380,115023,158517
2003-05-01,91.3216,135.8,324549,116303,161370
2003-06-01,91.7528,136.3,328625,117719,165123
2003-07-01,92.1127,136.4,329530,118215,164584
2003-08-01,91.771,137,330322,119931,162258
2003-09-01,92.6227,137.1,336048,121332,169820
2003-10-01,92.6848,138.2,342054,125195,172776
2003-11-01,93.5187,137.7,339229,125148,172903
2003-12-01,93.4735,137.7,340507,124803,170591
2004-01-01,93.4095,138.9,339193,123228,168214
2004-02-01,94.0779,139.3,341261,123810,171570
2004-03-01,94.0431,140.3,354358,131645,181448
2004-04-01,94.3521,141.8,349488,127956,173902
2004-05-01,95.037,143.3,351373,128782,175303
2004-06-01,94.3149,142.9,354635,128558,175494
2004-07-01,95.1532,143.2,356710,127850,177293
2004-08-01,95.5847,143.7,355629,130447,176538
2004-09-01,95.6459,144.2,361042,132455,178667
2004-10-01,96.6842,146.5,364476,132178,175497
2004-11-01,96.6738,146.1,373177,134122,183784
2004-12-01,97.4337,145,373419,136981,186095
2005-01-01,98.0818,146.2,378937,137331,186957
2005-02-01,99.0119,147,381880,139138,188702
2005-03-01,98.506,148.9,374642,136810,180157
2005-04-01,98.9124,149.6,385450,137264,186553
2005-05-01,99.1715,149.4,395916,137358,197735
2005-06-01,99.3821,149.6,400506,141241,199935
2005-07-01,99.0321,151,386590,135974,186870
2005-08-01,99.6139,151.8,401287,143073,197525
2005-09-01,98.4772,154.2,404154,143841,195857
2005-10-01,99.9437,156.6,409487,145723,200608
2005-11-01,100.869,152.7,421486,148043,213196
2005-12-01,100.977,152.8,422981,147852,211350
2006-01-01,101.806,154.1,415824,150953,204019
2006-02-01,101.4664,153.5,421074,150818,207134
2006-03-01,101.4334,155,430457,153217,217005
2006-04-01,101.8341,157.2,418625,151952,205466
2006-05-01,101.5978,158.5,423472,153734,207554
2006-06-01,101.9341,159.5,427440,154888,208711
2006-07-01,101.6403,159.4,416849,153064,200707
2006-08-01,102.4749,159.8,418759,150575,200148
2006-09-01,102.5924,156.8,435776,153923,219853
2006-10-01,102.0895,155.9,415798,153537,208239
2006-11-01,102.2042,156.4,426451,153502,210917
2006-12-01,103.7844,156.9,437894,158499,217834
2007-01-01,103.3519,156.4,427905,153402,210186
2007-02-01,103.6928,157.7,430410,155151,211415
2007-03-01,104.6548,160.1,442158,156356,222472
2007-04-01,105.3938,162.2,446596,159160,223837
2007-05-01,105.3419,163.8,445891,158536,218415
2007-06-01,105.764,163.7,446539,154569,221064
2007-07-01,105.8107,164.9,450464,156767,221982
2007-08-01,105.5804,163,452598,158130,219485
2007-09-01,105.9396,163.7,448633,157646,217157
2007-10-01,105.7749,164.5,458907,159832,217527
2007-11-01,106.4071,168,464910,160074,219719
2007-12-01,106.4915,166.9,481274,163300,229953
2008-01-01,106.2369,168.5,478676,164615,226573
2008-02-01,105.4563,169.6,473714,160985,221341
2008-03-01,105.0191,173.4,473829,163953,221367
2008-04-01,103.9853,175.3,477888,167301,218861
2008-05-01,103.4363,179.4,477706,164561,214179
2008-06-01,102.728,182,485010,166622,215671
2008-07-01,101.6006,185.6,477725,162295,208607
2008-08-01,100.3275,182.6,463929,156865,201813
2008-09-01,96.8169,182.9,452545,153392,196922
2008-10-01,96.2567,176.8,419715,141024,179810
2008-11-01,93.8288,169.4,386733,138472,171297
2008-12-01,90.6205,164.1,365490,127962,154844
2009-01-01,87.7088,164.7,343559,114948,144441
2009-02-01,87.6782,163.9,343150,116595,139166
2009-03-01,86.1225,162.9,333431,113312,135287
2009-04-01,85.5838,164.2,334449,110601,133533
2009-05-01,84.6453,165.8,339817,113080,136506
2009-06-01,84.4264,168.4,345129,115485,137316
2009-07-01,85.8723,167.1,348909,117705,142708
2009-08-01,86.8489,169.4,355776,117142,147236
2009-09-01,87.7008,168.6,359189,122042,147422
2009-10-01,87.7672,168.9,366143,122244,150367
2009-11-01,88.6866,170.7,369445,122532,151373
2009-12-01,88.5309,170.8,371392,124425,150419
2010-01-01,89.5895,173.1,393694,127057,163907
2010-02-01,89.5743,172.2,394215,128810,165895
2010-03-01,90.803,173.9,400659,134835,167256
2010-04-01,91.6463,175.2,400842,131196,169689
2010-05-01,92.8747,176.1,404370,136881,176036
2010-06-01,92.8559,174.8,400624,137226,174280
2010-07-01,93.4024,174.7,402326,134656,173972
2010-08-01,93.5687,175.3,408354,137093,179013
2010-09-01,93.611,175.5,422049,139248,186703
2010-10-01,93.6743,177.3,417830,134518,181818
2010-11-01,93.8085,178.2,426427,142450,182184
2010-12-01,94.265,179.1,429764,144216,179976
2011-01-01,94.3736,181.1,445734,143113,187397
2011-02-01,94.5587,183.3,438975,141061,183093
2011-03-01,95.1976,187.3,463133,145907,197694
2011-04-01,94.662,190.2,454441,143390,185170
2011-05-01,94.6853,191.9,458536,146454,191707
2011-06-01,94.7826,191.1,454746,146197,188604
2011-07-01,95.3484,191.7,459477,147897,194162
2011-08-01,95.8112,190.7,468947,147496,201795
2011-09-01,96.0706,191.5,457843,148657,192112
2011-10-01,96.5661,190.2,463126,151629,199429
2011-11-01,96.4054,190.6,471598,150443,203549
2011-12-01,97.0455,189.6,478391,154801,214193
2012-01-01,97.9377,191.1,480643,151995,214431
2012-02-01,98.2862,192.1,488152,153841,214949
2012-03-01,97.8117,194.3,478609,153408,207101
2012-04-01,98.398,194.7,473998,151383,207863
2012-05-01,98.0764,193.6,472231,150820,208014
2012-06-01,98.4172,191.7,463523,147012,203860
2012-07-01,98.2585,191.2,474847,146370,211687
2012-08-01,98.1307,193.5,456164,142809,190181
2012-09-01,97.9556,195.4,475331,144398,205292
2012-10-01,97.7918,195.1,478923,147556,206718
2012-11-01,98.4262,192.6,473540,147575,205345
2012-12-01,99.1394,191.8,488766,146089,209033
2013-01-01,98.8728,192.6,484894,151759,212755
2013-02-01,99.3492,195.2,503233,149375,224037
2013-03-01,99.3193,194.5,473239,145948,208031
2013-04-01,99.0061,194,481548,149549,215966
2013-05-01,99.2753,194,492711,150337,224838
2013-06-01,99.4315,193.9,502485,150635,234548
2013-07-01,98.6067,194,484427,148765,211975
2013-08-01,99.4428,194.6,485244,147563,213335
2013-09-01,99.5085,194.3,497588,148413,225038
2013-10-01,99.6548,193.7,491886,148997,220631
2013-11-01,99.7013,192.7,501796,151251,234290
2013-12-01,99.5094,193.2,501033,147895,228223
2014-01-01,98.4403,194.2,485538,150968,213792
2014-02-01,99.3761,195.2,498158,151089,220661
2014-03-01,100.2558,196.2,495345,153332,220666
2014-04-01,100.2374,197.5,501214,151959,216980
2014-05-01,100.5182,197.2,493978,152127,221643
2014-06-01,100.8298,197.2,501164,156585,225786
2014-07-01,101.3804,197.4,562533,153702,293033
2014-08-01,100.78,197.4,495828,155211,225689
2014-09-01,100.8729,196.8,494092,156982,227371
2014-10-01,100.7731,194.8,484393,152761,219496
2014-11-01,101.4719,192.7,474757,149271,219055
2014-12-01,101.2906,189.1,465733,150221,214785
2015-01-01,100.7507,185,455570,147536,213887
2015-02-01,99.9995,185.4,453775,146440,210559
2015-03-01,100.3065,186.2,460854,147112,216337
2015-04-01,100.2717,185.7,458444,146593,214016
2015-05-01,100.2641,188.2,450554,144774,206979
2015-06-01,99.8626,188.9,466847,147815,220509
2015-07-01,100.6576,188.5,462042,146096,218140
2015-08-01,100.2236,187,450712,146193,212739
2015-09-01,99.9551,184.3,444408,145929,209234
2015-10-01,99.8786,183.7,450612,144418,214240
2015-11-01,99.5454,182.9,444829,143766,210458
2015-12-01,99.2474,180.8,435650,141875,206209
2016-01-01,99.7701,179.7,440739,144186,214739
2016-02-01,99.4433,178.7,431345,142597,208194
2016-03-01,99.3761,179.3,434562,141252,201087
2016-04-01,99.1948,180.5,446633,142498,214398
2016-05-01,99.1557,181.9,441629,141585,212348
2016-06-01,99.3456,183.6,432256,140522,199833
2016-07-01,99.5246,183.4,437673,141800,207922
2016-08-01,99.0539,182.5,439979,142038,205900
2016-09-01,99.245,183,438120,140922,204167
2016-10-01,99.3552,183.7,457161,142058,221339
2016-11-01,99.2667,183.2,438612,142414,202264
2016-12-01,99.2929,183.9,447092,142533,202813
2017-01-01,99.5659,185.6,447249,145178,205905
2017-02-01,99.4363,186.2,452577,145214,210332
2017-03-01,99.1859,186.7,450876,146824,210860
2017-04-01,100.3278,187.6,451123,146180,209576
2017-05-01,100.1789,187.3,450172,147376,211138
2017-06-01,100.1078,187.6,466309,145833,227878
2017-07-01,99.9136,187.3,448049,147843,205612
2017-08-01,99.6133,188.4,454873,148854,210879
2017-09-01,99.6704,189.6,461244,150371,216661
2017-10-01,100.7151,190.2,465763,153146,219054
2017-11-01,100.7652,191.2,470676,153298,221464
2017-12-01,100.5196,191.3,481124,154340,225116
2018-01-01,100.1512,192.6,469569,154535,214485
2018-02-01,101.0804,193.5,478323,157084,223743
2018-03-01,101.2387,194,486328,157483,230928
2018-04-01,101.9111,195.3,483649,159991,227106
2018-05-01,101.1222,197.7,489577,161607,225917
2018-06-01,101.7276,198.4,492979,161931,227520
2018-07-01,101.9494,198.5,484186,162893,222795
2018-08-01,102.1579,198.6,494902,160822,227711
2018-09-01,102.1361,198.9,496790,160120,225492
2018-10-01,101.6586,200.4,491304,161994,225756
2018-11-01,101.2411,198.4,476292,158377,218356
2018-12-01,101.4882,195.2,478638,159589,224254
2019-01-01,100.7316,194.3,470023,159378,216359
2019-02-01,100.1606,195.4,466237,159319,212888
2019-03-01,100.0939,197.4,475062,158787,218166
2019-04-01,99.3145,199.2,467207,159686,210358
2019-05-01,99.4229,199.1,460025,158746,204840
2019-06-01,99.6115,197,458859,159812,209701
2019-07-01,99.2139,197.5,464846,157829,213422
2019-08-01,99.7598,196.4,462869,157610,210438
2019-09-01,99.1341,195.9,459825,156184,206404
2019-10-01,98.4399,196.6,458943,155758,206513
2019-11-01,99.2558,196.5,448388,154752,204256
2019-12-01,99.2449,196.4,451857,152508,196271
2020-01-01,99.0067,196.6,459272,150988,211303
2020-02-01,99.0241,195.1,460927,150101,214263
2020-03-01,94.7071,192.3,416951,145999,181834
2020-04-01,79.6749,186.1,356382,131804,145666
2020-05-01,83.4381,188.9,377550,136456,163948
2020-06-01,89.587,190.2,408711,143507,184589
2020-07-01,93.2777,192.3,431781,147581,202870
2020-08-01,94.6289,193,436444,149170,205393
2020-09-01,94.5951,192.9,441723,152724,213376
2020-10-01,95.9801,193.7,446352,154200,214806
2020-11-01,96.6509,194.5,447337,155167,213599
2020-12-01,97.3233,196.7,454763,159092,218046
2021-01-01,98.7911,199.6,465947,160923,220327
2021-02-01,94.9946,203.1,465933,161039,221818
2021-03-01,98.2512,207.9,470612,163381,224826
2021-04-01,98.1511,210.1,467703,166043,222636
2021-05-01,99.1008,215.1,476677,166210,227501
2021-06-01,98.9562,217.9,486157,167836,231180
2021-07-01,100.357,219.492,487733,168528,231377
2021-08-01,99.7374,220.114,493380,170357,236124
2021-09-01,98.8617,221.869,491911,170626,231116
2021-10-01,100.5509,225.478,500871,171142,235333
2021-11-01,101.1764,227.109,506291,173429,239468
2021-12-01,101.1785,226.47,508780,175086,242494
2022-01-01,101.0266,231.451,520531,176592,249808
2022-02-01,102.4136,237.235,522118,176015,246260
2022-03-01,103.2703,245.171,531412,178038,249386
2022-04-01,104.0476,249.164,533188,178704,250144
