"SF43707.date","SF43707.value"
1995-12-29,15741
1996-01-05,15671.9
1996-01-12,16045.3
1996-01-19,15991.6
1996-01-26,16002.1
1996-02-02,15392.3
1996-02-09,15545.2
1996-02-16,15773
1996-02-23,15784.9
1996-03-01,15956.8
1996-03-08,15784.4
1996-03-15,15796.3
1996-03-22,15797.7
1996-03-29,15491
1996-04-03,15663.4
1996-04-12,15619.8
1996-04-19,15714.4
1996-04-26,15639.1
1996-05-03,15893.7
1996-05-10,15908.3
1996-05-17,15919.3
1996-05-24,16017.1
1996-05-31,15954.5
1996-06-07,15970.8
1996-06-14,15872.5
1996-06-21,15843.7
1996-06-28,15402.2
1996-07-05,15464.4
1996-07-12,15371.1
1996-07-19,15874.9
1996-07-26,15905.2
1996-08-02,16245.7
1996-08-09,15887
1996-08-16,15424.7
1996-08-23,15386.8
1996-08-30,15443.6
1996-09-06,15528.1
1996-09-13,15426.3
1996-09-20,15580.5
1996-09-27,15571
1996-10-04,15847.5
1996-10-11,15850.8
1996-10-18,15738.8
1996-10-25,15762.6
1996-11-01,16122.1
1996-11-08,15897.4
1996-11-15,15801.2
1996-11-22,16257.1
1996-11-29,16316.9
1996-12-06,16397.6
1996-12-13,16344.1
1996-12-20,16779.9
1996-12-27,17172.1
1996-12-31,17509.2
1997-01-03,17651.3
1997-01-10,17862.6
1997-01-17,17710.2
1997-01-24,18147.2
1997-01-31,18960.2
1997-02-07,18809.4
1997-02-14,18483.2
1997-02-21,19592
1997-02-28,20201.6
1997-03-07,20339
1997-03-14,20175.6
1997-03-20,20251.8
1997-03-26,19836
1997-04-04,20509.5
1997-04-11,20547.1
1997-04-18,20903.3
1997-04-25,21717.9
1997-05-02,21446.1
1997-05-09,21773.4
1997-05-16,21726.9
1997-05-23,22181
1997-05-30,22262.1
1997-06-06,22287.2
1997-06-13,22391.2
1997-06-20,21257.6
1997-06-27,21695.5
1997-07-04,21999.5
1997-07-11,22155.6
1997-07-18,22474.3
1997-07-25,22512.2
1997-08-01,22485.1
1997-08-08,22726.2
1997-08-15,22676.3
1997-08-22,23109.8
1997-08-29,23285.4
1997-09-05,23340.2
1997-09-12,23425.5
1997-09-19,23824.9
1997-09-26,24427.7
1997-10-03,25039.4
1997-10-10,25384.2
1997-10-17,25438.6
1997-10-24,26066.7
1997-10-31,25830.5
1997-11-07,25709.3
1997-11-14,25462.4
1997-11-21,25414.5
1997-11-28,25474.2
1997-12-05,25801.5
1997-12-11,25745.4
1997-12-19,27609
1997-12-26,27808.2
1998-01-02,28175.6
1998-01-09,28458.8
1998-01-16,28347.5
1998-01-23,28629.4
1998-01-30,28632.7
1998-02-06,28886.1
1998-02-13,28452.3
1998-02-20,28441.9
1998-02-27,28597.4
1998-03-06,28813.2
1998-03-13,29534.1
1998-03-20,29452.9
1998-03-27,29421.7
1998-04-03,29877.3
1998-04-08,30643.7
1998-04-17,30791.9
1998-04-24,30991.1
1998-04-30,30499.3
1998-05-08,30567.1
1998-05-15,30402
1998-05-22,30404.7
1998-05-29,30201.8
1998-06-05,30152.7
1998-06-12,29997.7
1998-06-19,29976.4
1998-06-26,29877.1
1998-07-03,29758
1998-07-10,29695.5
1998-07-17,30071.9
1998-07-24,30507.3
1998-07-31,30723.9
1998-08-07,30027.6
1998-08-14,29703.9
1998-08-21,29574.2
1998-08-28,29390
1998-09-04,29692.3
1998-09-11,29101.9
1998-09-18,28990.4
1998-09-25,28929.7
1998-10-02,28415.3
1998-10-09,28722.1
1998-10-16,29330.4
1998-10-23,29197.3
1998-10-30,29282.5
1998-11-06,29142
1998-11-13,29097.1
1998-11-19,29132.5
1998-11-27,28815.2
1998-12-04,29263.5
1998-12-11,29182.3
1998-12-18,29395.4
1998-12-24,29735.6
1998-12-31,30139.8
1999-01-08,30359.8
1999-01-15,30127.5
1999-01-22,30356.1
1999-01-29,30365.8
1999-02-04,30399.6
1999-02-12,30699.7
1999-02-19,30624.6
1999-02-26,30477.9
1999-03-05,30731.9
1999-03-12,30894.3
1999-03-19,30628.9
1999-03-26,30620.3
1999-03-31,30102
1999-04-09,30365.4
1999-04-16,30389
1999-04-23,30427.5
1999-04-30,30259.9
1999-05-07,29604.4
1999-05-14,30035
1999-05-21,30254.5
1999-05-28,30184.2
1999-06-04,30090.2
1999-06-11,30365.1
1999-06-18,30139.4
1999-06-25,30260.9
1999-07-02,30167.9
1999-07-09,30293.9
1999-07-16,31078
1999-07-23,31331.9
1999-07-30,31420.7
1999-08-06,31223.4
1999-08-13,30758.9
1999-08-20,30856.4
1999-08-27,30826
1999-09-03,31024.3
1999-09-10,31116.4
1999-09-17,30741.8
1999-09-24,30948.7
1999-10-01,31000.4
1999-10-08,30930.1
1999-10-15,31014.4
1999-10-22,30923.7
1999-10-29,30775.8
1999-11-05,29921.8
1999-11-12,30274.8
1999-11-19,30264.5
1999-11-26,30355.3
1999-12-03,30364.6
1999-12-10,30652.3
1999-12-17,30694.7
1999-12-24,31062.5
1999-12-31,30733.4
2000-01-07,30717.3
2000-01-14,30711.6
2000-01-21,31117.7
2000-01-28,31540.9
2000-02-04,30763.7
2000-02-11,31491.8
2000-02-18,31687
2000-02-25,31903.2
2000-03-03,32167
2000-03-10,32311.4
2000-03-17,32366.1
2000-03-24,33833.7
2000-03-31,34010
2000-04-07,34013.5
2000-04-14,34095.6
2000-04-19,34001.5
2000-04-28,33746
2000-05-04,33639.8
2000-05-12,33719.5
2000-05-19,33712.9
2000-05-26,33679.2
2000-06-02,32866.2
2000-06-09,32916.1
2000-06-16,32218.7
2000-06-23,32475.2
2000-06-30,31904.4
2000-07-07,31661.5
2000-07-14,31485
2000-07-21,31825.4
2000-07-28,32337.5
2000-08-04,32525.5
2000-08-11,32748.9
2000-08-18,32847.1
2000-08-25,33037.7
2000-09-01,30558.4
2000-09-08,30605.3
2000-09-15,30661.9
2000-09-22,31286
2000-09-29,31869.9
2000-10-06,31891.6
2000-10-13,31965
2000-10-20,31991.7
2000-10-27,32936.6
2000-11-03,32681.4
2000-11-10,32602.6
2000-11-17,32498.6
2000-11-24,32482.8
2000-11-30,32164.1
2000-12-08,32505.4
2000-12-15,32506.9
2000-12-22,32459.3
2000-12-29,33554.9
2001-01-05,33927.4
2001-01-12,33847
2001-01-19,33927
2001-01-26,33935.5
2001-02-02,35941.5
2001-02-09,36368.4
2001-02-16,36348.7
2001-02-23,36381.8
2001-03-02,37331.8
2001-03-09,37657
2001-03-16,37755.5
2001-03-23,37789.4
2001-03-30,38035.5
2001-04-06,38333.7
2001-04-11,38092.6
2001-04-20,38186.1
2001-04-27,38160.5
2001-05-04,38669.8
2001-05-11,38651.4
2001-05-18,38372.1
2001-05-25,38367.1
2001-06-01,38900
2001-06-08,39018.4
2001-06-15,39158.6
2001-06-22,39012.5
2001-06-29,38730.4
2001-07-06,38794.9
2001-07-13,38614.3
2001-07-20,38689.1
2001-07-27,38724.5
2001-08-03,38659.1
2001-08-10,38877.8
2001-08-17,38674.4
2001-08-24,38643.1
2001-08-31,39021.1
2001-09-07,39119.7
2001-09-14,39159.9
2001-09-21,39122.8
2001-09-28,39414.6
2001-10-05,39550
2001-10-12,39558.7
2001-10-19,39560
2001-10-26,39634.8
2001-11-02,40521.1
2001-11-09,40612.4
2001-11-16,39886
2001-11-23,39688.3
2001-11-30,40069.6
2001-12-07,39768.2
2001-12-14,40140.8
2001-12-21,40172.2
2001-12-28,40091.2
2002-01-04,40889.9
2002-01-11,41046.3
2002-01-18,41114.8
2002-01-25,41202.5
2002-02-01,41726.4
2002-02-08,41946.4
2002-02-15,41956.5
2002-02-22,41986.2
2002-03-01,42124.7
2002-03-08,41940.8
2002-03-15,42064.4
2002-03-22,42092.8
2002-03-27,42228.7
2002-04-05,41861.1
2002-04-12,41689.4
2002-04-19,40950.7
2002-04-26,41067
2002-05-03,41318.5
2002-05-10,41456.1
2002-05-17,41101.7
2002-05-24,41222.9
2002-05-31,41594.1
2002-06-07,41740.6
2002-06-14,41960.5
2002-06-21,42107.4
2002-06-28,42722.9
2002-07-05,42740.6
2002-07-12,43055.4
2002-07-19,43213.8
2002-07-26,43258.5
2002-08-02,43918.8
2002-08-09,44038.6
2002-08-16,44061
2002-08-23,44162.7
2002-08-30,44273.1
2002-09-06,44465
2002-09-13,44344.7
2002-09-20,44412.5
2002-09-27,44981.4
2002-10-04,44999.4
2002-10-11,44705.8
2002-10-18,44592
2002-10-25,44664.3
2002-11-01,45248.9
2002-11-08,45312.4
2002-11-15,44948.1
2002-11-22,44850.3
2002-11-29,45238.5
2002-12-06,45407.8
2002-12-13,45660.9
2002-12-20,45990.8
2002-12-27,46098.7
2003-01-03,47931.3
2003-01-10,48119.4
2003-01-17,48328.4
2003-01-24,48536.6
2003-01-31,49440.1
2003-02-07,49723.6
2003-02-14,49747.8
2003-02-21,49822.7
2003-02-28,50315.3
2003-03-07,50575.8
2003-03-14,50810.4
2003-03-20,50741.8
2003-03-28,51095.8
2003-04-04,52042.3
2003-04-11,52199.4
2003-04-16,52485.5
2003-04-25,52612.7
2003-05-02,53734.8
2003-05-09,53967.6
2003-05-16,53803.1
2003-05-23,53800.5
2003-05-30,53571.4
2003-06-06,53494.4
2003-06-13,53652.2
2003-06-20,53322.8
2003-06-27,52899.3
2003-07-04,53370.6
2003-07-11,52886.7
2003-07-18,52450.2
2003-07-25,51636.4
2003-08-01,51725.7
2003-08-08,51980.3
2003-08-15,51338.9
2003-08-22,51123.1
2003-08-29,51486.9
2003-09-05,51570.3
2003-09-12,51350.3
2003-09-19,51477.9
2003-09-26,51417.7
2003-10-03,52081.8
2003-10-10,52212.3
2003-10-17,52183.2
2003-10-24,52374.7
2003-10-31,53645.6
2003-11-07,53735.6
2003-11-14,54117
2003-11-21,54303.7
2003-11-28,55395.9
2003-12-05,55454.4
2003-12-11,55834
2003-12-19,55638.2
2003-12-26,56085.7
2004-01-02,57383.2
2004-01-09,57721.9
2004-01-16,57330.8
2004-01-23,57540.7
2004-01-30,58742.5
2004-02-06,58810
2004-02-13,58931.6
2004-02-20,58527.6
2004-02-27,59151.3
2004-03-05,59041
2004-03-12,58821.5
2004-03-19,58649
2004-03-26,58405.9
2004-04-02,58847.9
2004-04-07,58711.5
2004-04-16,58305.1
2004-04-23,57981.2
2004-04-30,58393.7
2004-05-07,58115.6
2004-05-14,58422.4
2004-05-21,58405.7
2004-05-28,58481.6
2004-06-04,58676.9
2004-06-11,58543.8
2004-06-18,58461.4
2004-06-25,58407.3
2004-07-02,59254.3
2004-07-09,59070.7
2004-07-16,58239.6
2004-07-23,57891.3
2004-07-30,57827.2
2004-08-06,57920.9
2004-08-13,57503
2004-08-20,57590.7
2004-08-27,57622.8
2004-09-03,58253
2004-09-10,57413.2
2004-09-17,57242
2004-09-24,56886.8
2004-10-01,57586.2
2004-10-08,57673.4
2004-10-15,57710.6
2004-10-22,57685.2
2004-10-29,58137.3
2004-11-05,58321.4
2004-11-12,58375.2
2004-11-19,58505.6
2004-11-26,58737.6
2004-12-03,60592
2004-12-10,60671.7
2004-12-17,60922.1
2004-12-24,61410.7
2004-12-31,61496.3
2005-01-07,61252.1
2005-01-14,61550.4
2005-01-21,61762.7
2005-01-28,61780.9
2005-02-04,61677.3
2005-02-11,61560.9
2005-02-18,61495.9
2005-02-25,61368.3
2005-03-04,62096.6
2005-03-11,61853.8
2005-03-18,61694.9
2005-03-23,61363
2005-04-01,61728.3
2005-04-08,60374
2005-04-15,60179.3
2005-04-22,60122.9
2005-04-29,60714.6
2005-05-06,60141.1
2005-05-13,59890.3
2005-05-20,59742.6
2005-05-27,59756.8
2005-06-03,60697
2005-06-10,60244.4
2005-06-17,60377.5
2005-06-24,60654.7
2005-07-01,61633.2
2005-07-08,60597.4
2005-07-15,57332.9
2005-07-22,57460.7
2005-07-29,59330.6
2005-08-05,59381.4
2005-08-12,59281.2
2005-08-19,59174.5
2005-08-26,59300.8
2005-09-02,60946.5
2005-09-09,61173.2
2005-09-15,60965.2
2005-09-23,60946.4
2005-09-30,62836.1
2005-10-07,62755
2005-10-14,62331.2
2005-10-21,62357.7
2005-10-28,62294.4
2005-11-04,64958.7
2005-11-11,65134.1
2005-11-18,65237
2005-11-25,65474.5
2005-12-02,66916.9
2005-12-09,66994.2
2005-12-16,67115.2
2005-12-23,67081.2
2005-12-30,68668.9
2006-01-06,68861.5
2006-01-13,69133.8
2006-01-20,69184
2006-01-27,69608.9
2006-02-03,67251.6
2006-02-10,67142.6
2006-02-17,67271.4
2006-02-24,67273.1
2006-03-03,67351.6
2006-03-10,67240.5
2006-03-17,67513.3
2006-03-24,67546
2006-03-31,67487.1
2006-04-07,67561.3
2006-04-12,68677.7
2006-04-21,69617
2006-04-28,70611.5
2006-05-05,71915.9
2006-05-12,72822
2006-05-19,73386.7
2006-05-26,74574.4
2006-06-02,75755.3
2006-06-09,76049.6
2006-06-16,76718.6
2006-06-23,77306.1
2006-06-30,78742.7
2006-07-07,79101.2
2006-07-14,78190.4
2006-07-21,78033.3
2006-07-28,77597.5
2006-08-04,77692.3
2006-08-11,77911.9
2006-08-18,65639.7
2006-08-25,65857.3
2006-09-01,65888.5
2006-09-08,65549.2
2006-09-15,66220.1
2006-09-22,66951.4
2006-09-29,67302.6
2006-10-06,67597.2
2006-10-13,67470.2
2006-10-20,68244.4
2006-10-27,68754.4
2006-11-03,68570.6
2006-11-10,68595
2006-11-17,68701
2006-11-24,69192.6
2006-11-30,69542.2
2006-12-08,69337.6
2006-12-15,69556.1
2006-12-22,69716.8
2006-12-29,67679.7
2007-01-05,68051.9
2007-01-12,68135.5
2007-01-19,67847.8
2007-01-26,67840.2
2007-02-02,67795.2
2007-02-09,68214.4
2007-02-16,68649.7
2007-02-23,68872.9
2007-03-02,68992.2
2007-03-09,69064.9
2007-03-16,69331.9
2007-03-23,69329.9
2007-03-30,69195.5
2007-04-04,69351.5
2007-04-13,69186.6
2007-04-20,69338.4
2007-04-27,69423.2
2007-05-04,69681.3
2007-05-11,69825
2007-05-18,69489.8
2007-05-25,69632.5
2007-06-01,69473.9
2007-06-08,69555.6
2007-06-15,69687.6
2007-06-22,69847.3
2007-06-29,69939.4
2007-07-06,69885.1
2007-07-13,69720.1
2007-07-20,70910.1
2007-07-27,71180.3
2007-08-03,71311.8
2007-08-10,71677.7
2007-08-17,70420.7
2007-08-24,70907
2007-08-31,71060.4
2007-09-07,71425.2
2007-09-14,72279.8
2007-09-21,73241.3
2007-09-28,73224.1
2007-10-05,73234.1
2007-10-12,74023.3
2007-10-19,75308.4
2007-10-26,75522
2007-11-01,75708.9
2007-11-09,75737.9
2007-11-16,75643.6
2007-11-23,76418.2
2007-11-30,77402.5
2007-12-07,77238.7
2007-12-14,77013.4
2007-12-21,77242.1
2007-12-28,77894.1
2008-01-04,78347.7
2008-01-11,78888.1
2008-01-18,79689.5
2008-01-25,79925.2
2008-02-01,80116.3
2008-02-08,79997.9
2008-02-15,80450.8
2008-02-22,80329.7
2008-02-29,81391.6
2008-03-07,82689.8
2008-03-14,82037.8
2008-03-19,82838.9
2008-03-28,82880.9
2008-04-04,83677.1
2008-04-11,84650.2
2008-04-18,84386.4
2008-04-25,84768.6
2008-05-02,84658.3
2008-05-09,84770.2
2008-05-16,84832.5
2008-05-23,85225.6
2008-05-30,84635.9
2008-06-06,85025.5
2008-06-13,84849
2008-06-20,85561.9
2008-06-27,85663
2008-07-04,86105
2008-07-11,86742.8
2008-07-18,86884.7
2008-07-25,78135.1
2008-08-01,78232.7
2008-08-08,78426.2
2008-08-15,78942.5
2008-08-22,79111.4
2008-08-29,80687.5
2008-09-05,81206.4
2008-09-12,81882.4
2008-09-19,81977
2008-09-26,83552.7
2008-10-03,84115.8
2008-10-10,75121.2
2008-10-17,78655
2008-10-24,76570.7
2008-10-31,77135.6
2008-11-07,81115.2
2008-11-14,80863.8
2008-11-21,80983.8
2008-11-28,83396.1
2008-12-05,83963.5
2008-12-11,84662.3
2008-12-19,85374.7
2008-12-26,85273.7
2009-01-02,85186.9
2009-01-09,85118.6
2009-01-16,84512.1
2009-01-23,84045.1
2009-01-30,83630.9
2009-02-06,82084.7
2009-02-13,81555.9
2009-02-20,80933.4
2009-02-27,80060.6
2009-03-06,79822.3
2009-03-13,79329.6
2009-03-20,80619.5
2009-03-27,79004.5
2009-04-03,78401.5
2009-04-08,77984.3
2009-04-17,77910.4
2009-04-24,77491.3
2009-04-30,76849.8
2009-05-08,76313.2
2009-05-15,76550.6
2009-05-22,76185
2009-05-29,75653.1
2009-06-05,74484.5
2009-06-12,74717.5
2009-06-19,74375.7
2009-06-26,74380.4
2009-07-03,74124.5
2009-07-10,73699
2009-07-17,73626.2
2009-07-24,73514.5
2009-07-31,73269
2009-08-07,72598.4
2009-08-14,73587
2009-08-21,73163.5
2009-08-28,76374.5
2009-09-04,76458.8
2009-09-11,77005.3
2009-09-18,76542.4
2009-09-25,76138.4
2009-10-02,78301.9
2009-10-09,79239.5
2009-10-16,80137.4
2009-10-23,80050.5
2009-10-30,79778.5
2009-11-06,79927.7
2009-11-13,80873.9
2009-11-20,80834
2009-11-27,81877
2009-12-04,81645.9
2009-12-11,87561.9
2009-12-18,87069.7
2009-12-24,90930.6
2009-12-31,90837.8
2010-01-08,90993.6
2010-01-15,91347.1
2010-01-22,91187.5
2010-01-29,92554.8
2010-02-05,93476.1
2010-02-12,93426.6
2010-02-19,93750.1
2010-02-26,94469.9
2010-03-05,94545.4
2010-03-12,94789.5
2010-03-19,94918.4
2010-03-26,94478.1
2010-03-31,95682.3
2010-04-09,96219.6
2010-04-16,97433.3
2010-04-23,97328
2010-04-30,97401.8
2010-05-07,98078.2
2010-05-14,98034.7
2010-05-21,98062
2010-05-28,97994.3
2010-06-04,98010
2010-06-11,98130.9
2010-06-18,100096.4
2010-06-25,100362.9
2010-07-02,101547.4
2010-07-09,101729.3
2010-07-16,102868.8
2010-07-23,103416.2
2010-07-30,104865.3
2010-08-06,105622
2010-08-13,106300.4
2010-08-20,106286.3
2010-08-27,106239
2010-09-03,106927.7
2010-09-10,106861.4
2010-09-15,106989
2010-09-24,108029.9
2010-10-01,108384.9
2010-10-08,109061.3
2010-10-15,109697.2
2010-10-22,109477
2010-10-29,110657.8
2010-11-05,110938.4
2010-11-12,110445
2010-11-19,110134.1
2010-11-26,110544.4
2010-12-03,111453.7
2010-12-10,111036.3
2010-12-17,111885.6
2010-12-24,112995.7
2010-12-31,113596.5
2011-01-07,116861.4
2011-01-14,116573.3
2011-01-21,117564.5
2011-01-28,118458.5
2011-02-04,118548.9
2011-02-11,118528.5
2011-02-18,119485
2011-02-25,121754.3
2011-03-04,121906.1
2011-03-11,122083.7
2011-03-18,122051.5
2011-03-25,121884.7
2011-04-01,122593.2
2011-04-08,123149
2011-04-15,124289.6
2011-04-20,125304.9
2011-04-29,125793.8
2011-05-06,125647.6
2011-05-13,125837.7
2011-05-20,126698.5
2011-05-27,127982.1
2011-06-03,128508.9
2011-06-10,129593.3
2011-06-17,129568.6
2011-06-24,129565.8
2011-07-01,129203.2
2011-07-08,130857.9
2011-07-15,131156.2
2011-07-22,132814.3
2011-07-29,134011.4
2011-08-05,133892.5
2011-08-12,134534
2011-08-19,136128
2011-08-26,136820.2
2011-09-02,137038.2
2011-09-09,136455.6
2011-09-15,136075.7
2011-09-23,136454.2
2011-09-30,137962
2011-10-07,138022
2011-10-14,138799.1
2011-10-21,138901.1
2011-10-28,140486.5
2011-11-04,140385.4
2011-11-11,140375.2
2011-11-18,140024.5
2011-11-25,139611.9
2011-12-02,141467.3
2011-12-09,141303.6
2011-12-16,140848.2
2011-12-23,140863.9
2011-12-30,142475.5
2012-01-06,144136
2012-01-13,144112.5
2012-01-20,145175
2012-01-27,147381.1
2012-02-03,148128.7
2012-02-10,147935.1
2012-02-17,147835
2012-02-24,147968
2012-03-02,148848.4
2012-03-09,148528
2012-03-16,148021.9
2012-03-23,148122.7
2012-03-30,150264.1
2012-04-04,150810.7
2012-04-13,151479.7
2012-04-20,152416.8
2012-04-27,154304
2012-05-04,154224.3
2012-05-11,153929.8
2012-05-18,153787.2
2012-05-25,154283.5
2012-06-01,155060.4
2012-06-08,155441.3
2012-06-15,156472.5
2012-06-22,156964.2
2012-06-29,157337.3
2012-07-06,157756.7
2012-07-13,157873.8
2012-07-20,159052.8
2012-07-27,158917.6
2012-08-03,159979.5
2012-08-10,160058
2012-08-17,159795.8
2012-08-24,161203.7
2012-08-31,161319.1
2012-09-07,161302
2012-09-14,161100.9
2012-09-21,160910.3
2012-09-28,161881.9
2012-10-05,161742.3
2012-10-12,161525.3
2012-10-19,161098.2
2012-10-26,160951.5
2012-11-01,162435.9
2012-11-09,162638
2012-11-16,162270.5
2012-11-23,162235.8
2012-11-30,163116.9
2012-12-07,163089.9
2012-12-14,163042.6
2012-12-21,163649.5
2012-12-28,163591.8
2013-01-04,163225.8
2013-01-11,163429.8
2013-01-18,163392.8
2013-01-25,163432.9
2013-02-01,165427.3
2013-02-08,165405.3
2013-02-15,165005.4
2013-02-22,164714.8
2013-03-01,165792.7
2013-03-08,165383.7
2013-03-15,165675
2013-03-22,165820
2013-03-27,166962.3
2013-04-05,166643.6
2013-04-12,166343.8
2013-04-19,165627.4
2013-04-26,167135.8
2013-05-03,168145.1
2013-05-10,167497.5
2013-05-17,166915.4
2013-05-24,167487.8
2013-05-31,167129.3
2013-06-07,167503.3
2013-06-14,167933.5
2013-06-21,166376.6
2013-06-28,166530.3
2013-07-05,166102.8
2013-07-12,166750.3
2013-07-19,166993.8
2013-07-26,168247.4
2013-08-02,169048.1
2013-08-09,169325.4
2013-08-16,169162.1
2013-08-23,169869.8
2013-08-30,170708.9
2013-09-06,170631.6
2013-09-13,170553.5
2013-09-20,170927.1
2013-09-27,172031.7
2013-10-04,172070.2
2013-10-11,171840.1
2013-10-18,173236.4
2013-10-25,174261.6
2013-11-01,174053.3
2013-11-08,173903.8
2013-11-15,174008
2013-11-22,175882
2013-11-29,176152.3
2013-12-06,175736.3
2013-12-13,175661.2
2013-12-20,176554.1
2013-12-27,176578.7
2014-01-03,176586.1
2014-01-10,176526.2
2014-01-17,176466.7
2014-01-24,177179.1
2014-01-31,179570.1
2014-02-07,179662.9
2014-02-14,179841.5
2014-02-21,179704.8
2014-02-28,180855
2014-03-07,180801.5
2014-03-14,181042.6
2014-03-21,180700.2
2014-03-28,182741.8
2014-04-04,183313.7
2014-04-11,183617.4
2014-04-16,183509.9
2014-04-25,184013.2
2014-05-02,186084.5
2014-05-09,186194.5
2014-05-16,186288.7
2014-05-23,187275.2
2014-05-30,188265.5
2014-06-06,188139.6
2014-06-13,188237.6
2014-06-20,188405.5
2014-06-27,190276.6
2014-07-04,190217.6
2014-07-11,190340.7
2014-07-18,190236.9
2014-07-25,190192.1
2014-08-01,190427.9
2014-08-08,190474.1
2014-08-15,190522.2
2014-08-22,190336.6
2014-08-29,191513.3
2014-09-05,191255.4
2014-09-12,190871.7
2014-09-19,190861.6
2014-09-26,190688.4
2014-10-03,190475.3
2014-10-10,190838.8
2014-10-17,190987.2
2014-10-24,190731.3
2014-10-31,191717.3
2014-11-07,191409.7
2014-11-14,191361.9
2014-11-21,192966.1
2014-11-28,192718.2
2014-12-05,192297.8
2014-12-11,192365.4
2014-12-19,193217
2014-12-26,193045
2015-01-02,193088.4
2015-01-09,193174.1
2015-01-16,193251.4
2015-01-23,192910.4
2015-01-30,196010.5
2015-02-06,195806.7
2015-02-13,195821.3
2015-02-20,195646.9
2015-02-27,195739.2
2015-03-06,194938.4
2015-03-13,195425.3
2015-03-20,195539.8
2015-03-27,195375.2
2015-04-01,195219
2015-04-10,194826.1
2015-04-17,195909.6
2015-04-24,195577
2015-04-30,195340.4
2015-05-08,195009.5
2015-05-15,194959.2
2015-05-22,194301.5
2015-05-29,193901
2015-06-05,193304.9
2015-06-12,193238
2015-06-19,193181.4
2015-06-26,192402.7
2015-07-03,192207.5
2015-07-10,191819.5
2015-07-17,191302.8
2015-07-24,190711.3
2015-07-31,190759.2
2015-08-07,189718.1
2015-08-14,188347
2015-08-21,187333.1
2015-08-28,185785.4
2015-09-04,184496.4
2015-09-11,183477.1
2015-09-18,182998.6
2015-09-25,181039.6
2015-10-02,180307.9
2015-10-09,179307.9
2015-10-16,178219.2
2015-10-23,176977.5
2015-10-30,175564.7
2015-11-06,174090.3
2015-11-13,173151.3
2015-11-20,172236.3
2015-11-27,171881.6
2015-12-04,171954.4
2015-12-11,172324.8
2015-12-18,174525.9
2015-12-24,176352.5
2015-12-31,176735.4
2016-01-08,175754.7
2016-01-15,175232
2016-01-22,174715.4
2016-01-29,175387.3
2016-02-05,174974.8
2016-02-12,174401.5
2016-02-19,174710.8
2016-02-26,176015.5
2016-03-04,176097.5
2016-03-11,176093.8
2016-03-18,176939.1
2016-03-23,176665.1
2016-04-01,177476.4
2016-04-08,177675.8
2016-04-15,177664.6
2016-04-22,177651.8
2016-04-29,177968.8
2016-05-06,177731.3
2016-05-13,177652.8
2016-05-20,177323.1
2016-05-27,176994.4
2016-06-03,177300.1
2016-06-10,177371.2
2016-06-17,177291.1
2016-06-24,177334.9
2016-07-01,177578.6
2016-07-08,177512.9
2016-07-15,177315.4
2016-07-22,177104.6
2016-07-29,177388.6
2016-08-05,176607.2
2016-08-12,176628.1
2016-08-19,176519.3
2016-08-26,176348.3
2016-09-02,176336.6
2016-09-09,176302
2016-09-15,175868.9
2016-09-23,175934.6
2016-09-30,175831.3
2016-10-07,175353.6
2016-10-14,175218.8
2016-10-21,175229.6
2016-10-28,175091.4
2016-11-04,175268
2016-11-11,174497.6
2016-11-18,174138.6
2016-11-25,174077.8
2016-12-02,174064.3
2016-12-09,176656.3
2016-12-16,176245.8
2016-12-23,176284.2
2016-12-30,176541.5
2017-01-06,174725.6
2017-01-13,174901.7
2017-01-20,174695.4
2017-01-27,174791.4
2017-02-03,174953.3
2017-02-10,174948
2017-02-17,174978.1
2017-02-24,175145.4
2017-03-03,174661.1
2017-03-10,174524.1
2017-03-17,174825
2017-03-24,175014.8
2017-03-31,174930.5
2017-04-07,174998.2
2017-04-12,174969.1
2017-04-21,175022.5
2017-04-28,175010.5
2017-05-05,174844.6
2017-05-12,174869.5
2017-05-19,175078.5
2017-05-26,175138.1
2017-06-02,174693.8
2017-06-09,174576.7
2017-06-16,174504
2017-06-23,174506.2
2017-06-30,174245.5
2017-07-07,173931.4
2017-07-14,173877.1
2017-07-21,173621.2
2017-07-28,173360.1
2017-08-04,173210.6
2017-08-11,173129.4
2017-08-18,173062.4
2017-08-25,173032
2017-09-01,173247.5
2017-09-08,173575.3
2017-09-15,173370.4
2017-09-22,173276.3
2017-09-29,173031.2
2017-10-06,172872.5
2017-10-13,173185.6
2017-10-20,172984.7
2017-10-27,172819.8
2017-11-03,172765.1
2017-11-10,172802.6
2017-11-17,172671.8
2017-11-24,172749.1
2017-12-01,172581
2017-12-08,172408.9
2017-12-15,172538.9
2017-12-22,172464.7
2017-12-29,172801.8
2018-01-05,172904.4
2018-01-12,172951.2
2018-01-19,173021.5
2018-01-26,173194.6
2018-02-02,172990.7
2018-02-09,172796.8
2018-02-16,173024.2
2018-02-23,172910.3
2018-03-02,173004.5
2018-03-09,172992.7
2018-03-16,173033.6
2018-03-23,173220
2018-03-28,173231.6
2018-04-06,173276.7
2018-04-13,173397.1
2018-04-20,173256.5
2018-04-27,173068.4
2018-05-04,173060
2018-05-11,173111.4
2018-05-18,172912.9
2018-05-25,173118
2018-06-01,173249.9
2018-06-08,173275.7
2018-06-15,173172.1
2018-06-22,173177.4
2018-06-29,173211.4
2018-07-06,173362.4
2018-07-13,173295.9
2018-07-20,173272.9
2018-07-27,173238.1
2018-08-03,173287
2018-08-10,173351.4
2018-08-17,173329
2018-08-24,173569.5
2018-08-31,173606.1
2018-09-07,173516.2
2018-09-14,173554.3
2018-09-21,173568.4
2018-09-28,173566.1
2018-10-05,173391.2
2018-10-12,173649.4
2018-10-19,173634.8
2018-10-26,173582.4
2018-11-01,173632.9
2018-11-09,173560.8
2018-11-16,173851.4
2018-11-23,173907.4
2018-11-30,173775.3
2018-12-07,174118
2018-12-14,174081.1
2018-12-21,174393.7
2018-12-28,174609.1
2019-01-04,174937.4
2019-01-11,175091
2019-01-18,175029.4
2019-01-25,175155.9
2019-02-01,175522.9
2019-02-08,175511
2019-02-15,175500.7
2019-02-22,175693.9
2019-03-01,175646.3
2019-03-08,175767.4
2019-03-15,176045.1
2019-03-22,176475.9
2019-03-29,176648.6
2019-04-05,176466.3
2019-04-12,176465
2019-04-17,176455.2
2019-04-26,176660.7
2019-05-03,176695.7
2019-05-10,176924.2
2019-05-17,177090.9
2019-05-24,177322.3
2019-05-31,177855.9
2019-06-07,178290.6
2019-06-14,178298.7
2019-06-21,178601.2
2019-06-28,178867.6
2019-07-05,178739.5
2019-07-12,178754.8
2019-07-19,179020.2
2019-07-26,178920.9
2019-08-02,179397.3
2019-08-09,179814.8
2019-08-16,180243
2019-08-23,180263.4
2019-08-30,180377
2019-09-06,180456
2019-09-13,179747.1
2019-09-20,180019.2
2019-09-27,180212.6
2019-10-04,180796.1
2019-10-11,180324.1
2019-10-18,180461.9
2019-10-25,180432.5
2019-11-01,180727.5
2019-11-08,180277.8
2019-11-15,180566.9
2019-11-22,180557.2
2019-11-29,180597.3
2019-12-06,180469.4
2019-12-13,180616.4
2019-12-20,180512.3
2019-12-27,180749.5
2020-01-03,181177.1
2020-01-10,181132.9
2020-01-17,181210.3
2020-01-24,182402.5
2020-01-31,182796.4
2020-02-07,182602.9
2020-02-14,182659.7
2020-02-21,183336.9
2020-02-28,184249.6
2020-03-06,185570.9
2020-03-13,184619
2020-03-20,184174.5
2020-03-27,185508.5
2020-04-03,185556.9
2020-04-08,185617.6
2020-04-17,185942.8
2020-04-24,186128.2
2020-04-30,186655.4
2020-05-08,186642.7
2020-05-15,186921.9
2020-05-22,187171.8
2020-05-29,187315.6
2020-06-05,187247.2
2020-06-12,188105.2
2020-06-19,188276.6
2020-06-26,188941.5
2020-07-03,190546.3
2020-07-10,191121.8
2020-07-17,191468.4
2020-07-24,192292.2
2020-07-31,192605.6
2020-08-07,192653.7
2020-08-14,192531
2020-08-21,193130.3
2020-08-28,193267.1
2020-09-04,193250.6
2020-09-11,193315.5
2020-09-18,193795.8
2020-09-25,193883.1
2020-10-02,193991.1
2020-10-09,194026
2020-10-16,194029.3
2020-10-23,194471
2020-10-30,194351.1
2020-11-06,194698.3
2020-11-13,194360.8
2020-11-20,194379.8
2020-11-27,194287.8
2020-12-04,194359.1
2020-12-11,195340.6
2020-12-18,195441.2
2020-12-24,195479.1
2020-12-31,195667.2
2021-01-08,195517.8
2021-01-15,195438.1
2021-01-22,195957.2
2021-01-29,195946.1
2021-02-05,195726.3
2021-02-12,195812.1
2021-02-19,195609.5
2021-02-26,195269.5
2021-03-05,195056.8
2021-03-12,194973.5
2021-03-19,194938.5
2021-03-26,194933.5
2021-03-31,194774.2
2021-04-09,195002.2
2021-04-16,195246.7
2021-04-23,195373.1
2021-04-30,195267.6
2021-05-07,195129.1
2021-05-14,194645
2021-05-21,194380.9
2021-05-28,194168.7
2021-06-04,193769.9
2021-06-11,193467.4
2021-06-18,192826.9
2021-06-25,192886
2021-07-02,193020.4
