"Date","USDSB3L1Y.","USDSB3L2Y.","USDSB3L3Y.","USDSB3L4Y.","USDSB3L5Y.","USDSB3L6Y.","USDSB3L7Y.","USDSB3L8Y.","USDSB3L10Y.","USDSB3L30Y."
2018-07-16,2.631,2.8,2.854,2.887,2.8872,2.8884,2.8946,2.9015,2.9201,2.912
2018-07-17,2.643,2.833,2.8879,2.8968,2.8983,2.8964,2.8971,2.9025,2.9232,2.912
2018-07-18,2.644,2.832,2.8852,2.8997,2.9042,2.9034,2.9096,2.9138,2.932,2.921
2018-07-19,2.637,2.814,2.859,2.875,2.8769,2.875,2.878,2.8849,2.903,2.906
2018-07-20,2.637,2.8169,2.8766,2.8972,2.9078,2.9113,2.9172,2.929,2.955,2.961
2018-07-23,2.642,2.831,2.899,2.926,2.938,2.9593,2.965,2.9767,2.99,2.998
2018-07-24,2.637,2.8414,2.9145,2.937,2.949,2.956,2.9651,2.9748,2.998,3.006
2018-07-25,2.637,2.863,2.915,2.9577,2.9763,2.9823,2.9904,2.9994,3.0227,3.009
2018-07-26,2.656,2.872,2.938,2.961,2.972,2.9793,2.988,2.996,3.0221,3.01
2018-07-27,2.661,2.852,2.9301,2.9492,2.956,2.9654,2.9747,2.9816,3.008,3.004
2018-07-30,2.66,2.866,2.9324,2.958,2.9712,2.9842,2.994,3.0076,3.03,3.048
2018-07-31,2.668,2.877,2.945,2.966,2.973,2.9829,2.9922,3.0014,3.0248,3.04
2018-08-01,2.674,2.893,2.9649,2.9895,3.0092,3.0171,3.0271,3.0391,3.066,3.064
2018-08-02,2.666,2.881,2.945,2.9774,2.9914,3.0018,3.0147,3.0247,3.0497,3.065
2018-08-03,2.66,2.8677,2.927,2.9512,2.9617,2.9696,2.9823,2.9942,3.022,3.038
2018-08-06,2.661,2.8577,2.914,2.9383,2.9466,2.957,2.9674,2.9775,3.0051,3.035
2018-08-07,2.667,2.86,2.9357,2.9627,2.9722,2.9822,2.996,3.0037,3.0293,3.038
2018-08-08,2.665,2.846,2.9257,2.9472,2.9587,2.9657,2.9748,2.9865,3.009,3.036
2018-08-09,2.643,2.823,2.904,2.921,2.929,2.9378,2.929,2.9552,2.9833,2.991
2018-08-10,2.607,2.793,2.8439,2.863,2.874,2.883,2.8927,2.9034,2.932,2.94
2018-08-13,2.607,2.796,2.849,2.8712,2.8799,2.8888,2.9001,2.9103,2.9379,2.969
2018-08-14,2.629,2.832,2.867,2.898,2.9077,2.9138,2.9225,2.9336,2.947,2.989
2018-08-15,2.625,2.7957,2.849,2.8618,2.867,2.874,2.883,2.894,2.923,2.956
2018-08-16,2.638,2.803,2.8644,2.876,2.882,2.8903,2.8976,2.9085,2.9353,2.951
2018-08-17,2.638,2.8022,2.8532,2.8697,2.8762,2.8819,2.8901,2.9007,2.928,2.948
2018-08-20,2.608,2.784,2.8308,2.838,2.841,2.8463,2.852,2.8644,2.8897,2.916
2018-08-21,2.617,2.788,2.8369,2.8484,2.8499,2.8537,2.8602,2.8708,2.896,2.922
2018-08-22,2.613,2.784,2.8235,2.8358,2.8431,2.8468,2.8552,2.8653,2.8932,2.904
2018-08-23,2.62,2.798,2.8406,2.8482,2.8483,2.8542,2.8626,2.8706,2.8968,2.917
2018-08-24,2.63,2.7961,2.8321,2.8396,2.8371,2.8386,2.843,2.853,2.8812,2.89
2018-08-27,2.647,2.821,2.85,2.872,2.874,2.8781,2.884,2.895,2.92,2.926
2018-08-28,2.657,2.835,2.884,2.8975,2.9027,2.9051,2.909,2.9243,2.951,2.973
2018-08-29,2.657,2.8485,2.899,2.9084,2.9128,2.897,2.901,2.912,2.939,2.966
2018-08-30,2.663,2.826,2.8732,2.8824,2.88,2.8842,2.892,2.9006,2.9256,2.951
2018-08-31,2.655,2.799,2.8564,2.8706,2.859,2.861,2.888,2.9005,2.9279,2.956
2018-09-03,2.654,2.799,2.842,2.853,2.859,2.861,2.868,2.882,2.91,2.94
2018-09-04,2.665,2.8433,2.8869,2.8993,2.9069,2.913,2.9218,2.9357,2.96,2.991
2018-09-05,2.662,2.834,2.879,2.8913,2.901,2.9054,2.9168,2.9278,2.961,2.996
2018-09-06,2.659,2.8164,2.8484,2.86,2.8689,2.875,2.885,2.898,2.9276,2.966
2018-09-07,2.705,2.864,2.919,2.9457,2.949,2.9544,2.964,2.9764,3.0031,3.025
2018-09-10,2.706,2.877,2.939,2.9501,2.95,2.9537,2.958,2.9677,2.99,3.01
2018-09-11,2.732,2.9288,2.964,2.991,2.994,3.0012,3.0096,3.0184,3.0411,3.049
2018-09-12,2.724,2.921,2.971,2.983,2.9878,2.9914,2.9971,3.005,3.0258,3.019
2018-09-13,2.725,2.914,2.979,2.9924,2.9981,2.9989,3.003,3.0108,3.0357,3.028
2018-09-14,2.738,2.933,3.0089,3.0197,3.0231,3.0254,3.0301,3.0366,3.0572,3.065
2018-09-17,2.728,2.9387,2.99,3.001,3.0045,3.0073,3.0126,3.0196,3.0436,3.056
2018-09-18,2.728,2.959,3.023,3.0459,3.0578,3.0643,3.074,3.085,3.111,3.11
2018-09-19,2.747,2.953,3.0244,3.044,3.0554,3.0646,3.0735,3.0852,3.113,3.13
2018-09-20,2.767,2.987,3.051,3.0705,3.076,3.081,3.092,3.1016,3.125,3.133
2018-09-21,2.762,2.976,3.023,3.059,3.066,3.071,3.0813,3.093,3.115,3.12
2018-09-24,2.76,2.982,3.051,3.0768,3.0867,3.0919,3.0994,3.1143,3.1414,3.134
2018-09-25,2.777,3.002,3.073,3.082,3.095,3.098,3.116,3.127,3.149,3.154
2018-09-26,2.778,2.9823,3.0418,3.0585,3.062,3.0697,3.076,3.0846,3.1062,3.114
2018-09-27,2.782,2.9919,3.046,3.0618,3.0679,3.071,3.0766,3.0883,3.1118,3.117
2018-09-28,2.775,2.984,3.028,3.0596,3.0662,3.0744,3.0874,3.0953,3.098,3.129
2018-10-01,2.777,2.986,3.034,3.0694,3.0781,3.0878,3.0974,3.1073,3.1317,3.152
2018-10-02,2.777,2.963,3.023,3.057,3.064,3.072,3.066,3.0924,3.116,3.137
2018-10-03,2.79,3.041,3.111,3.1388,3.1507,3.167,3.182,3.1973,3.2263,3.244
2018-10-04,2.805,3.038,3.1192,3.146,3.158,3.1735,3.1904,3.204,3.234,3.251
2018-10-05,2.81,3.06,3.1421,3.169,3.182,3.2035,3.221,3.238,3.2722,3.296
2018-10-08,2.812,3.06,3.141,3.168,3.18,3.2014,3.219,3.2282,3.274,3.294
2018-10-09,2.816,3.063,3.143,3.167,3.1782,3.172,3.187,3.203,3.233,3.266
2018-10-10,2.815,3.007,3.0912,3.1152,3.1217,3.1351,3.153,3.1671,3.202,3.235
2018-10-11,2.81,3.036,3.1055,3.122,3.1294,3.143,3.1578,3.1722,3.2,3.204
2018-10-12,2.815,3.019,3.091,3.13,3.1391,3.1511,3.16,3.1747,3.2057,3.216
2018-10-15,2.831,3.033,3.108,3.128,3.1356,3.1456,3.156,3.1679,3.2,3.231
2018-10-16,2.84,3.057,3.121,3.1405,3.1544,3.1612,3.1756,3.19,3.2214,3.232
2018-10-17,2.841,3.0748,3.1519,3.1745,3.1846,3.1981,3.213,3.229,3.2606,3.288
2018-10-18,2.878,3.099,3.1549,3.1716,3.1754,3.1881,3.2007,3.2166,3.2461,3.277
2018-10-19,2.896,3.093,3.1647,3.1778,3.1785,3.1923,3.2084,3.2221,3.2495,3.289
2018-10-22,2.883,3.098,3.1628,3.1792,3.1831,3.1959,3.209,3.2244,3.2559,3.279
2018-10-23,2.867,3.062,3.1322,3.1487,3.151,3.165,3.18,3.1987,3.2326,3.259
2018-10-24,2.867,3.033,3.0731,3.0831,3.0856,3.1005,3.114,3.134,3.17,3.233
2018-10-25,2.883,3.0501,3.0844,3.0942,3.0987,3.1094,3.122,3.1389,3.177,3.225
2018-10-26,2.856,3.0112,3.0454,3.053,3.058,3.0678,3.0825,3.0976,3.1355,3.18
2018-10-29,2.857,3.0193,3.0592,3.0666,3.0715,3.082,3.0975,3.1124,3.149,3.197
2018-10-30,2.88,3.03,3.068,3.1005,3.106,3.118,3.1324,3.1514,3.1921,3.23
2018-10-31,2.894,3.062,3.1072,3.1173,3.1224,3.1327,3.1474,3.1652,3.207,3.259
2018-11-01,2.897,3.055,3.0919,3.1017,3.1088,3.1206,3.136,3.1527,3.1934,3.262
2018-11-02,2.927,3.1059,3.151,3.163,3.1713,3.1859,3.2028,3.2261,3.2702,3.336
2018-11-05,2.914,3.091,3.13,3.142,3.145,3.1808,3.1953,3.2158,3.242,3.302
2018-11-06,2.923,3.087,3.143,3.156,3.1853,3.1978,3.2155,3.233,3.271,3.324
2018-11-07,2.952,3.107,3.165,3.201,3.2053,3.194,3.209,3.227,3.259,3.331
2018-11-08,2.965,3.151,3.185,3.194,3.201,3.213,3.227,3.241,3.276,3.32
2018-11-09,2.947,3.114,3.138,3.164,3.1688,3.1784,3.192,3.207,3.2456,3.285
2018-11-12,2.918,3.099,3.135,3.1563,3.148,3.157,3.17,3.2006,3.223,3.27
2018-11-13,2.911,3.05,3.088,3.095,3.115,3.106,3.121,3.1605,3.199,3.254
2018-11-14,2.905,3.047,3.075,3.0916,3.0967,3.092,3.108,3.125,3.166,3.258
2018-11-15,2.917,3.031,3.06,3.062,3.066,3.091,3.094,3.113,3.157,3.241
2018-11-16,2.885,2.981,3.019,3.0243,3.0309,3.0467,3.0648,3.088,3.115,3.216
2018-11-19,2.862,2.9797,2.9905,2.9983,3.0063,3.005,3.03,3.0658,3.1123,3.181
2018-11-20,2.872,2.961,2.995,2.997,3.005,3.021,3.04,3.061,3.104,3.195
2018-11-21,2.884,3.0018,3.0173,3.0237,3.0301,3.0451,3.043,3.1,3.103,3.183
2018-11-22,2.889,3.0018,3.0173,3.0229,3.0284,3.0441,3.067,3.0785,3.129,3.184
2018-11-23,2.888,2.981,2.986,2.991,2.996,3.008,3.025,3.042,3.082,3.19
2018-11-26,2.922,3.0102,3.022,3.022,3.005,3.019,3.038,3.058,3.101,3.198
2018-11-27,2.904,2.988,3.001,2.997,3,3.013,3.028,3.047,3.103,3.185
2018-11-28,2.888,2.963,2.974,2.979,2.988,3,3.015,3.034,3.078,3.171
2018-11-29,2.895,2.974,2.965,2.9778,2.9779,2.99,2.983,3.002,3.049,3.16
2018-11-30,2.9,2.9711,2.9711,2.9656,2.9627,2.9675,2.96,2.9971,3.0419,3.117
2018-12-03,2.918,2.982,2.973,2.961,2.953,2.951,2.957,2.974,3.014,3.094
2018-12-04,2.898,2.94,2.935,2.92,2.905,2.907,2.9252,2.9393,2.97,3.042
2018-12-05,2.908,2.973,2.965,2.927,2.937,2.947,2.911,2.9392,2.97,3.043
2018-12-06,2.892,2.904,2.883,2.887,2.865,2.872,2.884,2.899,2.956,3.038
2018-12-07,2.854,2.8699,2.818,2.804,2.815,2.808,2.821,2.843,2.881,2.9942
2018-12-10,2.846,2.826,2.797,2.782,2.78,2.79,2.803,2.824,2.865,2.9652
2018-12-11,2.86,2.8832,2.8557,2.817,2.812,2.82,2.83,2.849,2.891,2.9805
2018-12-12,2.873,2.9073,2.888,2.8776,2.8723,2.8776,2.875,2.9079,2.9439,3.0088
2018-12-13,2.873,2.894,2.856,2.841,2.834,2.846,2.865,2.882,2.923,3.0187
2018-12-14,2.865,2.869,2.836,2.822,2.821,2.829,2.8577,2.8786,2.9231,3.0015
2018-12-17,2.83,2.834,2.806,2.795,2.775,2.788,2.8,2.8461,2.8895,2.973
2018-12-18,2.793,2.7822,2.7461,2.734,2.719,2.731,2.764,2.772,2.82,2.9239
2018-12-19,2.819,2.79,2.7329,2.713,2.7057,2.7124,2.7212,2.7375,2.7777,2.8467
2018-12-20,2.839,2.8,2.744,2.74,2.7459,2.739,2.7707,2.791,2.8319,2.9133
2018-12-21,2.819,2.7919,2.714,2.701,2.709,2.718,2.733,2.756,2.802,2.9031
2018-12-24,2.776,2.66,2.626,2.62,2.651,2.67,2.662,2.688,2.74,2.844
2018-12-25,2.776,2.66,2.626,2.62,2.651,2.67,2.662,2.688,2.74,2.844
2018-12-26,2.8,2.7486,2.706,2.6991,2.7125,2.7304,2.73,2.7745,2.8229,2.9103
2018-12-27,2.771,2.7006,2.65,2.64,2.651,2.6892,2.7132,2.7422,2.783,2.9026
2018-12-28,2.752,2.645,2.588,2.5894,2.6013,2.6195,2.6475,2.655,2.716,2.8422
2018-12-31,2.749,2.65,2.572,2.554,2.557,2.577,2.602,2.632,2.691,2.828
2019-01-01,2.749,2.65,2.572,2.554,2.557,2.577,2.602,2.632,2.691,2.828
2019-01-02,2.757,2.64,2.58,2.5639,2.5585,2.554,2.576,2.602,2.66,2.8021
2019-01-03,2.682,2.533,2.436,2.407,2.41,2.434,2.463,2.509,2.564,2.7339
2019-01-04,2.748,2.633,2.562,2.539,2.545,2.561,2.587,2.616,2.675,2.8148
2019-01-07,2.753,2.6749,2.588,2.596,2.572,2.595,2.618,2.6615,2.7157,2.818
2019-01-08,2.769,2.7176,2.669,2.6484,2.633,2.6638,2.6823,2.7058,2.733,2.8428
2019-01-09,2.769,2.6979,2.6374,2.6162,2.6225,2.6352,2.6551,2.6794,2.729,2.8314
2019-01-10,2.774,2.7087,2.6481,2.6312,2.6342,2.635,2.655,2.681,2.74,2.8575
2019-01-11,2.759,2.669,2.603,2.6048,2.6063,2.6196,2.6404,2.6603,2.7154,2.8371
2019-01-14,2.753,2.669,2.608,2.588,2.591,2.607,2.6428,2.6705,2.723,2.8453
2019-01-15,2.748,2.665,2.618,2.594,2.597,2.617,2.641,2.668,2.723,2.8619
2019-01-16,2.755,2.7009,2.6443,2.6228,2.616,2.632,2.649,2.675,2.735,2.8687
2019-01-17,2.763,2.704,2.651,2.6541,2.64,2.659,2.682,2.707,2.761,2.8795
2019-01-18,2.779,2.758,2.707,2.688,2.692,2.708,2.7444,2.7691,2.803,2.9191
2019-01-21,2.78,2.764,2.72,2.705,2.709,2.722,2.741,2.7664,2.814,2.921
2019-01-22,2.772,2.734,2.666,2.642,2.644,2.657,2.6971,2.7192,2.771,2.8726
2019-01-23,2.773,2.7375,2.658,2.656,2.659,2.672,2.675,2.7172,2.7702,2.8793
2019-01-24,2.759,2.703,2.638,2.608,2.604,2.6446,2.6649,2.6889,2.723,2.8566
2019-01-25,2.764,2.716,2.661,2.658,2.661,2.677,2.7,2.722,2.756,2.8829
2019-01-28,2.759,2.705,2.657,2.631,2.635,2.65,2.671,2.7154,2.7672,2.8854
2019-01-29,2.747,2.7036,2.627,2.601,2.602,2.617,2.639,2.665,2.72,2.8517
2019-01-30,2.718,2.6611,2.599,2.5741,2.5841,2.6053,2.6285,2.656,2.7139,2.8407
2019-01-31,2.688,2.6087,2.5518,2.5267,2.5315,2.534,2.563,2.591,2.6596,2.7985
2019-02-01,2.704,2.631,2.5989,2.569,2.576,2.588,2.606,2.632,2.688,2.8328
2019-02-04,2.721,2.6764,2.6322,2.6158,2.6219,2.624,2.643,2.672,2.725,2.866
2019-02-05,2.722,2.6647,2.595,2.575,2.58,2.599,2.624,2.6669,2.7226,2.8464
2019-02-06,2.729,2.6693,2.6123,2.592,2.5967,2.598,2.618,2.647,2.702,2.8462
2019-02-07,2.706,2.626,2.554,2.537,2.5547,2.5754,2.585,2.623,2.665,2.808
2019-02-08,2.683,2.584,2.549,2.51,2.515,2.537,2.559,2.585,2.64,2.7872
2019-02-11,2.682,2.6204,2.5645,2.5483,2.538,2.5704,2.5935,2.6188,2.6761,2.8079
2019-02-12,2.691,2.617,2.566,2.548,2.551,2.574,2.599,2.6438,2.703,2.8317
2019-02-13,2.702,2.6671,2.599,2.598,2.589,2.603,2.623,2.6717,2.73,2.8575
2019-02-14,2.689,2.6335,2.558,2.534,2.535,2.554,2.5935,2.6198,2.6775,2.8118
2019-02-15,2.69,2.629,2.574,2.555,2.556,2.575,2.6106,2.6354,2.674,2.8179
2019-02-18,2.674,2.652,2.577,2.556,2.555,2.5911,2.598,2.6356,2.675,2.825
2019-02-19,2.665,2.6088,2.539,2.517,2.52,2.534,2.551,2.581,2.639,2.7969
2019-02-20,2.654,2.61,2.537,2.517,2.523,2.5549,2.5759,2.6039,2.646,2.8103
2019-02-21,2.662,2.6216,2.5776,2.536,2.544,2.565,2.588,2.617,2.679,2.8438
2019-02-22,2.655,2.572,2.521,2.499,2.503,2.525,2.549,2.581,2.643,2.8094
2019-02-25,2.653,2.582,2.53,2.509,2.512,2.531,2.554,2.6072,2.6712,2.8262
2019-02-26,2.636,2.5714,2.507,2.493,2.501,2.507,2.533,2.562,2.626,2.7938
2019-02-27,2.654,2.572,2.52,2.508,2.522,2.542,2.567,2.602,2.673,2.8474
2019-02-28,2.658,2.593,2.569,2.555,2.554,2.592,2.607,2.641,2.709,2.8818
2019-03-01,2.667,2.618,2.583,2.5979,2.6121,2.6373,2.6676,2.7014,2.769,2.9291
2019-03-04,2.67,2.605,2.561,2.5633,2.5726,2.5991,2.628,2.6593,2.7291,2.8907
2019-03-05,2.676,2.6421,2.5996,2.5812,2.5852,2.6065,2.6331,2.6641,2.7312,2.8851
2019-03-06,2.664,2.61,2.5742,2.555,2.5582,2.5811,2.6085,2.6388,2.7047,2.8681
2019-03-07,2.651,2.567,2.512,2.492,2.5,2.516,2.541,2.573,2.635,2.8229
2019-03-08,2.648,2.5825,2.509,2.485,2.489,2.506,2.528,2.564,2.634,2.8111
2019-03-11,2.656,2.5977,2.533,2.511,2.497,2.5358,2.5619,2.5912,2.656,2.816
2019-03-12,2.636,2.562,2.498,2.469,2.4701,2.489,2.514,2.5468,2.6104,2.7863
2019-03-13,2.638,2.5794,2.5243,2.494,2.4937,2.5143,2.5371,2.5678,2.6295,2.7954
2019-03-14,2.643,2.5752,2.5134,2.4928,2.4946,2.517,2.5445,2.577,2.6421,2.8197
2019-03-15,2.646,2.531,2.486,2.459,2.4609,2.4792,2.5076,2.5391,2.6021,2.782
2019-03-18,2.653,2.5646,2.4972,2.4729,2.4761,2.4942,2.5198,2.5509,2.6176,2.782
2019-03-19,2.64,2.568,2.505,2.476,2.475,2.493,2.5222,2.5521,2.6173,2.785
2019-03-20,2.619,2.501,2.4238,2.389,2.386,2.4093,2.431,2.46,2.529,2.7257
2019-03-21,2.614,2.497,2.418,2.393,2.3937,2.4085,2.4334,2.462,2.525,2.7167
2019-03-22,2.566,2.402,2.307,2.2785,2.2811,2.3008,2.323,2.3531,2.4197,2.6135
2019-03-25,2.512,2.292,2.203,2.177,2.183,2.2,2.227,2.259,2.333,2.5741
2019-03-26,2.525,2.33,2.257,2.23,2.237,2.2561,2.2809,2.3158,2.382,2.5881
2019-03-27,2.505,2.3035,2.203,2.1856,2.1946,2.2125,2.232,2.2703,2.339,2.525
2019-03-28,2.512,2.3529,2.264,2.24,2.2496,2.2641,2.283,2.314,2.3821,2.5529
2019-03-29,2.538,2.3816,2.3,2.2773,2.284,2.3,2.323,2.3485,2.4068,2.5785
2019-04-01,2.563,2.435,2.3687,2.348,2.3573,2.3754,2.397,2.4262,2.4859,2.6535
2019-04-02,2.558,2.422,2.3439,2.3239,2.3315,2.3515,2.38,2.4041,2.4616,2.629
2019-04-03,2.568,2.449,2.376,2.353,2.3626,2.387,2.412,2.4427,2.5016,2.6658
2019-04-04,2.563,2.4419,2.3694,2.3511,2.3601,2.3819,2.407,2.438,2.4969,2.663
2019-04-05,2.569,2.4418,2.3639,2.3388,2.3411,2.3627,2.3867,2.4151,2.473,2.6574
2019-04-08,2.569,2.4548,2.3837,2.3605,2.3647,2.3855,2.4113,2.4434,2.503,2.679
2019-04-09,2.556,2.422,2.354,2.334,2.339,2.3606,2.3892,2.4211,2.483,2.665
2019-04-10,2.562,2.4158,2.324,2.297,2.299,2.3232,2.348,2.379,2.444,2.622
2019-04-11,2.57,2.42,2.347,2.3383,2.3399,2.3609,2.3868,2.4143,2.46,2.67
2019-04-12,2.596,2.4934,2.4235,2.4,2.406,2.426,2.4536,2.4861,2.5488,2.715
2019-04-15,2.601,2.487,2.4182,2.3966,2.4052,2.4232,2.449,2.475,2.5425,2.7187
2019-04-16,2.608,2.48,2.43,2.4286,2.436,2.458,2.4861,2.515,2.576,2.7561
2019-04-17,2.601,2.4997,2.4374,2.4241,2.4384,2.459,2.486,2.516,2.581,2.7603
2019-04-18,2.589,2.463,2.403,2.379,2.384,2.408,2.438,2.469,2.533,2.7295
2019-04-19,2.589,2.463,2.403,2.379,2.384,2.408,2.438,2.469,2.533,2.7295
2019-04-22,2.571,2.4691,2.396,2.4013,2.4163,2.439,2.4692,2.5024,2.567,2.7528
2019-04-23,2.561,2.442,2.3869,2.3731,2.3868,2.4129,2.443,2.476,2.545,2.736
2019-04-24,2.537,2.378,2.3402,2.3264,2.3402,2.3665,2.3974,2.4317,2.496,2.696
2019-04-25,2.552,2.429,2.3644,2.3475,2.3607,2.384,2.409,2.445,2.516,2.693
2019-04-26,2.526,2.3851,2.3119,2.3004,2.3191,2.3457,2.3797,2.4125,2.4832,2.686
2019-04-29,2.535,2.3972,2.329,2.32,2.338,2.367,2.3991,2.4356,2.5052,2.7083
2019-04-30,2.518,2.3761,2.3141,2.3024,2.32,2.344,2.3822,2.4153,2.4868,2.6888
2019-05-01,2.538,2.4169,2.354,2.3416,2.349,2.3704,2.3994,2.4299,2.494,2.6821
2019-05-02,2.564,2.4568,2.393,2.379,2.39,2.4105,2.421,2.4669,2.5289,2.688
2019-05-03,2.556,2.4405,2.377,2.3589,2.3709,2.3899,2.4164,2.4455,2.5082,2.6772
2019-05-06,2.53,2.377,2.316,2.292,2.3,2.323,2.3553,2.3871,2.448,2.6373
2019-05-07,2.514,2.3819,2.308,2.288,2.2991,2.316,2.3405,2.3702,2.433,2.616
2019-05-08,2.516,2.3912,2.3304,2.3102,2.318,2.338,2.349,2.3999,2.463,2.646
2019-05-09,2.495,2.3534,2.2866,2.2691,2.2791,2.2988,2.326,2.3543,2.4212,2.5947
2019-05-10,2.495,2.363,2.2976,2.282,2.295,2.3173,2.3454,2.3773,2.4461,2.6261
2019-05-13,2.429,2.2689,2.2014,2.1901,2.2089,2.2343,2.2647,2.2991,2.366,2.5602
2019-05-14,2.434,2.2715,2.205,2.1909,2.203,2.228,2.259,2.2978,2.367,2.5616
2019-05-15,2.413,2.2341,2.1592,2.1452,2.1614,2.1874,2.2181,2.2541,2.3265,2.5263
2019-05-16,2.432,2.2597,2.186,2.17,2.1863,2.2118,2.2424,2.2774,2.3477,2.5513
2019-05-17,2.428,2.2581,2.1865,2.1725,2.1837,2.2129,2.2422,2.2765,2.3452,2.5382
2019-05-20,2.44,2.279,2.199,2.194,2.209,2.2347,2.262,2.295,2.363,2.5561
2019-05-21,2.46,2.3063,2.2359,2.2199,2.2314,2.251,2.281,2.3104,2.3746,2.557
2019-05-22,2.451,2.2731,2.1951,2.1776,2.1852,2.2102,2.2371,2.268,2.3303,2.5286
2019-05-23,2.386,2.1977,2.1275,2.1096,2.1216,2.1439,2.1712,2.2022,2.2696,2.4675
2019-05-24,2.392,2.1941,2.1205,2.1018,2.1155,2.12,2.148,2.181,2.25,2.4637
2019-05-27,2.396,2.199,2.121,2.103,2.114,2.137,2.168,2.198,2.266,2.462
2019-05-28,2.374,2.1565,2.059,2.038,2.047,2.0844,2.1126,2.1462,2.2165,2.4198
2019-05-29,2.344,2.1535,2.0767,2.0576,2.0661,2.0842,2.1099,2.1422,2.2147,2.4128
2019-05-30,2.338,2.1039,2.024,2.0058,2.0198,2.0426,2.0728,2.1049,2.169,2.37
2019-05-31,2.234,1.9706,1.9011,1.8931,1.9151,1.9433,1.975,2.0104,2.0855,2.285
2019-06-03,2.135,1.8692,1.7956,1.7951,1.8222,1.856,1.8973,1.9336,2.01,2.256
2019-06-04,2.138,1.9274,1.862,1.8734,1.902,1.941,1.9838,2.0252,2.1031,2.3252
2019-06-05,2.118,1.913,1.851,1.8578,1.8921,1.9371,1.9816,2.0292,2.1123,2.364
2019-06-06,2.133,1.9297,1.8714,1.8735,1.902,1.9426,1.9823,2.026,2.104,2.339
2019-06-07,2.114,1.9144,1.8645,1.862,1.882,1.915,1.9535,1.9943,2.0709,2.297
2019-06-10,2.145,1.965,1.9115,1.9122,1.938,1.9718,2.0082,2.0498,2.105,2.3566
2019-06-11,2.166,1.9751,1.909,1.9035,1.9255,1.9555,1.987,2.0293,2.1089,2.3334
2019-06-12,2.138,1.925,1.8575,1.852,1.877,1.916,1.955,1.9986,2.0772,2.3185
2019-06-13,2.069,1.8607,1.7971,1.798,1.8261,1.8648,1.9085,1.9493,2.035,2.276
2019-06-14,2.077,1.857,1.7923,1.7841,1.8059,1.8423,1.885,1.9276,2.008,2.2571
2019-06-17,2.106,1.901,1.835,1.8249,1.8481,1.8817,1.919,1.9577,2.038,2.268
2019-06-18,2.098,1.894,1.8237,1.802,1.8199,1.8507,1.88,1.9228,1.993,2.225
2019-06-19,1.994,1.765,1.709,1.708,1.74,1.7763,1.821,1.865,1.9549,2.202
2019-06-20,1.988,1.805,1.745,1.7348,1.762,1.7972,1.8383,1.8808,1.9659,2.205
2019-06-21,2.001,1.78,1.724,1.7295,1.7639,1.8043,1.853,1.8955,1.981,2.252
2019-06-24,1.957,1.7353,1.681,1.689,1.719,1.7637,1.807,1.852,1.937,2.1896
2019-06-25,1.956,1.73,1.665,1.6634,1.688,1.7275,1.767,1.813,1.901,2.161
2019-06-26,2.013,1.768,1.733,1.7371,1.7652,1.8013,1.839,1.8862,1.971,2.224
2019-06-27,1.986,1.771,1.711,1.7174,1.742,1.776,1.813,1.857,1.9473,2.1953
2019-06-28,2.007,1.7944,1.735,1.7325,1.759,1.785,1.83,1.863,1.952,2.206
2019-07-01,2.047,1.84,1.776,1.7666,1.7844,1.8193,1.856,1.899,1.98,2.2321
2019-07-02,2.017,1.806,1.7338,1.7157,1.729,1.7647,1.803,1.8467,1.925,2.1799
2019-07-03,2.01,1.794,1.701,1.7023,1.698,1.7479,1.7844,1.8237,1.882,2.1466
2019-07-04,2.008,1.794,1.701,1.7023,1.698,1.7479,1.7844,1.8237,1.882,2.1466
2019-07-05,2.089,1.904,1.833,1.8043,1.813,1.8408,1.868,1.906,1.982,2.2233
2019-07-08,2.092,1.905,1.836,1.812,1.816,1.8467,1.872,1.908,1.979,2.208
2019-07-09,2.108,1.925,1.859,1.838,1.845,1.869,1.883,1.932,1.997,2.2172
2019-07-10,2.054,1.8702,1.8107,1.8008,1.8159,1.8521,1.8879,1.9267,2.007,2.2529
2019-07-11,2.067,1.896,1.8543,1.858,1.879,1.9196,1.954,2.0019,2.0828,2.3238
2019-07-12,2.052,1.8887,1.8431,1.8399,1.8617,1.899,1.936,1.977,2.0612,2.2977
2019-07-15,2.038,1.852,1.809,1.8012,1.821,1.8566,1.8947,1.9361,2.016,2.258
2019-07-16,2.05,1.873,1.835,1.826,1.843,1.879,1.9165,1.9549,2.019,2.2653
2019-07-17,2.039,1.834,1.7848,1.7784,1.7995,1.8316,1.851,1.9037,1.9776,2.2061
2019-07-18,1.986,1.7834,1.7311,1.7255,1.7448,1.7823,1.8198,1.8622,1.947,2.1944
2019-07-19,2.034,1.8383,1.7799,1.7752,1.7955,1.8293,1.8682,1.9057,1.986,2.208
2019-07-22,2.042,1.8298,1.7745,1.7683,1.7872,1.8229,1.8585,1.8997,1.9764,2.2155
2019-07-23,2.048,1.8624,1.807,1.8004,1.8189,1.853,1.8899,1.9323,2.0121,2.2528
2019-07-24,2.044,1.8459,1.7772,1.7664,1.7781,1.8111,1.8511,1.889,1.964,2.2054
2019-07-25,2.055,1.862,1.8211,1.807,1.8177,1.8463,1.8774,1.9171,1.9893,2.2293
2019-07-26,2.076,1.8844,1.8177,1.8069,1.8186,1.8503,1.882,1.918,1.9953,2.214
2019-07-29,2.057,1.8739,1.813,1.7992,1.8103,1.84,1.8722,1.9058,1.9783,2.2153
2019-07-30,2.061,1.8694,1.798,1.785,1.8053,1.823,1.8599,1.89,1.9687,2.2019
2019-07-31,2.109,1.9116,1.8313,1.8026,1.8014,1.82,1.8457,1.876,1.9419,2.1585
2019-08-01,1.988,1.767,1.6893,1.6582,1.6571,1.6736,1.7027,1.7359,1.8101,2.0616
2019-08-02,1.951,1.7353,1.6579,1.6247,1.6265,1.6439,1.6689,1.7032,1.772,2.0034
2019-08-05,1.818,1.5643,1.475,1.4496,1.445,1.461,1.489,1.526,1.5892,1.8293
2019-08-06,1.838,1.5785,1.461,1.4552,1.4548,1.4685,1.495,1.5273,1.5972,1.8423
2019-08-07,1.82,1.5809,1.4873,1.4585,1.4597,1.4739,1.4953,1.5245,1.5882,1.8284
2019-08-08,1.819,1.5842,1.4924,1.4598,1.4597,1.4716,1.4911,1.5222,1.5845,1.7961
2019-08-09,1.854,1.6341,1.5483,1.5154,1.5125,1.5204,1.5408,1.5662,1.6272,1.828
2019-08-12,1.803,1.5827,1.474,1.4418,1.4301,1.4393,1.456,1.4818,1.538,1.725
2019-08-13,1.862,1.65,1.567,1.528,1.512,1.5187,1.5294,1.5495,1.5976,1.764
2019-08-14,1.812,1.5832,1.4892,1.44,1.4258,1.4205,1.4274,1.4397,1.4743,1.6155
2019-08-15,1.741,1.4916,1.4115,1.3736,1.3557,1.3573,1.3664,1.3754,1.4111,1.5591
2019-08-16,1.746,1.4943,1.4023,1.3705,1.3661,1.3634,1.3731,1.3908,1.4337,1.6191
2019-08-19,1.799,1.5573,1.4669,1.4345,1.427,1.4304,1.4412,1.458,1.5038,1.6761
2019-08-20,1.755,1.52,1.4261,1.3874,1.3787,1.379,1.3919,1.4083,1.4513,1.6345
2019-08-21,1.796,1.5658,1.484,1.4309,1.4169,1.4183,1.4293,1.4476,1.4943,1.6679
2019-08-22,1.82,1.6087,1.5127,1.4686,1.4495,1.4536,1.4652,1.4823,1.5315,1.714
2019-08-23,1.771,1.509,1.4054,1.3693,1.3607,1.357,1.3633,1.3829,1.4316,1.627
2019-08-26,1.784,1.5435,1.435,1.38,1.369,1.369,1.3918,1.4111,1.4593,1.6488
2019-08-27,1.764,1.4957,1.3899,1.3419,1.3187,1.317,1.3254,1.3398,1.3811,1.5551
2019-08-28,1.761,1.486,1.3554,1.3092,1.2929,1.2943,1.3082,1.325,1.3685,1.55
2019-08-29,1.79,1.511,1.388,1.3459,1.3264,1.3238,1.3288,1.3448,1.387,1.5475
2019-08-30,1.784,1.5065,1.3891,1.3349,1.3133,1.3132,1.3206,1.3354,1.3752,1.523
2019-09-02,1.768,1.493,1.377,1.323,1.302,1.301,1.308,1.323,1.364,1.523
2019-09-03,1.734,1.444,1.3246,1.2812,1.2628,1.2617,1.2734,1.2914,1.3399,1.497
2019-09-04,1.709,1.4264,1.3136,1.2684,1.2556,1.2633,1.2833,1.3038,1.3549,1.5442
2019-09-05,1.76,1.508,1.3986,1.3564,1.3444,1.3562,1.373,1.392,1.4402,1.6345
2019-09-06,1.774,1.5248,1.4233,1.381,1.3661,1.3694,1.3801,1.4001,1.4427,1.6007
2019-09-09,1.822,1.58,1.4852,1.4483,1.431,1.444,1.4618,1.4839,1.5355,1.7149
2019-09-10,1.865,1.6612,1.5571,1.5205,1.5114,1.5162,1.5312,1.561,1.604,1.7977
2019-09-11,1.854,1.652,1.5697,1.5302,1.514,1.5272,1.5433,1.5655,1.609,1.7972
2019-09-12,1.885,1.694,1.607,1.572,1.56,1.5689,1.58,1.6048,1.6528,1.8341
2019-09-13,1.948,1.7853,1.7165,1.6905,1.6844,1.6924,1.7078,1.7306,1.7838,1.9414
2019-09-16,1.923,1.732,1.6686,1.6311,1.6287,1.6415,1.6555,1.662,1.7262,1.8966
2019-09-17,1.906,1.7186,1.6308,1.6011,1.5963,1.6033,1.6155,1.6321,1.6791,1.851
2019-09-18,1.91,1.701,1.6344,1.6009,1.5907,1.587,1.6043,1.615,1.656,1.805
2019-09-19,1.898,1.678,1.614,1.558,1.5676,1.5699,1.5826,1.5994,1.624,1.773
2019-09-20,1.898,1.678,1.614,1.558,1.5676,1.5699,1.5826,1.5994,1.624,1.773
2019-09-23,1.858,1.6626,1.5734,1.5375,1.518,1.5242,1.52,1.542,1.569,1.7305
2019-09-24,1.808,1.567,1.477,1.4512,1.418,1.4369,1.4445,1.4605,1.4988,1.651
2019-09-25,1.853,1.6632,1.579,1.5452,1.5329,1.5334,1.525,1.54,1.597,1.7458
2019-09-26,1.836,1.6385,1.549,1.5162,1.5046,1.483,1.49,1.503,1.54,1.6999
2019-09-27,1.836,1.6385,1.549,1.5162,1.5046,1.483,1.49,1.503,1.54,1.6999
2019-09-30,1.828,1.63,1.551,1.506,1.488,1.497,1.516,1.524,1.553,1.705
2019-10-01,1.773,1.5761,1.475,1.467,1.438,1.4658,1.472,1.4991,1.5434,1.7048
2019-10-02,1.715,1.5182,1.433,1.4049,1.394,1.402,1.407,1.4465,1.4953,1.673
2019-10-03,1.64,1.422,1.327,1.298,1.31,1.313,1.332,1.37,1.415,1.615
2019-10-04,1.647,1.41,1.338,1.306,1.3164,1.3285,1.3482,1.3735,1.4282,1.604
2019-10-07,1.681,1.471,1.4085,1.3767,1.3673,1.3775,1.388,1.41,1.461,1.6531
2019-10-08,1.657,1.444,1.3733,1.333,1.3452,1.339,1.3738,1.381,1.4529,1.638
2019-10-09,1.678,1.488,1.4221,1.3936,1.3874,1.389,1.4147,1.429,1.4907,1.663
2019-10-10,1.717,1.55,1.47,1.458,1.455,1.469,1.4867,1.5098,1.5647,1.742
2019-10-11,1.717,1.55,1.47,1.458,1.455,1.469,1.4867,1.5098,1.5647,1.742
2019-10-14,1.772,1.632,1.5684,1.5436,1.54,1.5523,1.566,1.5936,1.645,1.806
2019-10-15,1.772,1.632,1.5684,1.5436,1.54,1.5523,1.566,1.5936,1.645,1.806
2019-10-16,1.762,1.6,1.552,1.5534,1.5529,1.5641,1.5826,1.6064,1.643,1.829
2019-10-17,1.758,1.6379,1.581,1.5647,1.5644,1.577,1.5958,1.6204,1.656,1.85
2019-10-18,1.73,1.6091,1.548,1.543,1.5522,1.5687,1.579,1.6205,1.6595,1.861
2019-10-21,1.732,1.6103,1.5662,1.5542,1.552,1.5701,1.583,1.606,1.7065,1.865
2019-10-22,1.736,1.621,1.583,1.568,1.571,1.5932,1.6139,1.6414,1.6775,1.8675
2019-10-23,1.731,1.6142,1.5713,1.5579,1.559,1.557,1.594,1.624,1.6802,1.854
2019-10-24,1.728,1.6114,1.57,1.543,1.5475,1.568,1.587,1.6261,1.6838,1.86
2019-10-25,1.728,1.6114,1.57,1.543,1.5475,1.568,1.587,1.6261,1.6838,1.86
2019-10-28,1.766,1.666,1.639,1.6308,1.6339,1.6519,1.662,1.688,1.758,1.944
2019-10-29,1.766,1.666,1.639,1.6308,1.6339,1.6519,1.662,1.688,1.758,1.944
2019-10-30,1.751,1.644,1.5965,1.585,1.5745,1.591,1.607,1.63,1.686,1.8705
2019-10-31,1.68,1.5502,1.49,1.4769,1.475,1.482,1.503,1.5215,1.576,1.773
2019-11-01,1.68,1.5502,1.49,1.4769,1.475,1.482,1.503,1.5215,1.576,1.773
2019-11-04,1.708,1.584,1.536,1.5167,1.513,1.5261,1.542,1.5696,1.615,1.884
2019-11-05,1.758,1.651,1.627,1.6205,1.637,1.657,1.675,1.703,1.77,1.949
2019-11-06,1.737,1.641,1.61,1.5855,1.5895,1.617,1.639,1.653,1.7125,1.909
2019-11-07,1.773,1.691,1.69,1.684,1.695,1.712,1.746,1.772,1.8328,2.002
2019-11-08,1.773,1.691,1.69,1.684,1.695,1.712,1.746,1.772,1.8328,2.002
2019-11-11,1.77,1.709,1.687,1.691,1.711,1.734,1.759,1.789,1.847,2.002
2019-11-12,1.77,1.709,1.687,1.691,1.711,1.734,1.759,1.789,1.847,1.9715
2019-11-13,1.745,1.6558,1.624,1.622,1.6367,1.65,1.679,1.708,1.7555,1.9385
2019-11-14,1.722,1.6181,1.563,1.559,1.57,1.589,1.6304,1.6596,1.701,1.89
2019-11-15,1.722,1.6181,1.563,1.559,1.57,1.589,1.6304,1.6596,1.701,1.89
2019-11-18,1.71,1.581,1.5654,1.5645,1.5774,1.586,1.6075,1.6498,1.692,1.883
2019-11-19,1.7,1.558,1.522,1.531,1.535,1.5699,1.576,1.618,1.67,1.848
2019-11-20,1.682,1.529,1.51,1.501,1.508,1.509,1.529,1.554,1.62,1.7955
2019-11-21,1.704,1.5735,1.514,1.512,1.52,1.555,1.557,1.597,1.65,1.825
2019-11-22,1.704,1.5735,1.514,1.512,1.52,1.555,1.557,1.597,1.65,1.825
2019-11-25,1.726,1.604,1.561,1.55,1.548,1.56,1.572,1.598,1.665,1.829
2019-11-26,1.72,1.585,1.526,1.513,1.515,1.531,1.554,1.577,1.63,1.8065
2019-11-27,1.745,1.6266,1.5804,1.5706,1.559,1.572,1.589,1.611,1.662,1.834
2019-11-28,1.744,1.6265,1.5858,1.5684,1.566,1.5957,1.5865,1.6326,1.675,1.8375
2019-11-29,1.744,1.6265,1.5858,1.557,1.562,1.579,1.601,1.623,1.68,1.848
2019-12-02,1.73,1.6139,1.575,1.5757,1.579,1.6051,1.613,1.6471,1.686,1.858
2019-12-03,1.678,1.542,1.493,1.4894,1.4998,1.509,1.525,1.549,1.606,1.807
2019-12-04,1.709,1.5967,1.544,1.5613,1.5751,1.5922,1.599,1.6437,1.694,1.873
2019-12-05,1.699,1.5835,1.568,1.568,1.5925,1.6117,1.6175,1.6405,1.715,1.894
2019-12-06,1.699,1.5835,1.568,1.568,1.5925,1.6117,1.6175,1.6405,1.715,1.894
2019-12-09,1.724,1.6271,1.6063,1.6129,1.619,1.6519,1.663,1.7066,1.742,1.943
2019-12-10,1.737,1.6544,1.631,1.6354,1.628,1.647,1.658,1.6925,1.752,1.916
2019-12-11,1.722,1.6075,1.576,1.5919,1.597,1.599,1.625,1.6435,1.6945,1.877
2019-12-12,1.761,1.6898,1.673,1.6917,1.702,1.724,1.748,1.776,1.8382,2.0005
2019-12-13,1.761,1.6898,1.673,1.6917,1.702,1.724,1.748,1.776,1.8382,2.0005
2019-12-16,1.737,1.6314,1.6062,1.6059,1.623,1.637,1.671,1.6899,1.752,1.995
2019-12-17,1.762,1.676,1.655,1.663,1.681,1.705,1.743,1.772,1.828,1.998
2019-12-18,1.769,1.6972,1.6866,1.7006,1.7245,1.751,1.77,1.793,1.8692,2.0315
2019-12-19,1.772,1.6705,1.6732,1.679,1.693,1.7165,1.744,1.7961,1.8395,2.024
2019-12-20,1.781,1.7004,1.6861,1.6999,1.718,1.7235,1.7605,1.8128,1.8723,2.036
2019-12-23,1.794,1.701,1.7118,1.7245,1.729,1.7728,1.7997,1.829,1.8874,2.046
2019-12-24,1.791,1.698,1.676,1.684,1.702,1.726,1.752,1.783,1.841,2.029
2019-12-25,1.791,1.698,1.676,1.684,1.702,1.726,1.752,1.783,1.841,2.029
2019-12-26,1.793,1.7102,1.684,1.7009,1.7225,1.7145,1.7475,1.77,1.852,2.031
2019-12-27,1.793,1.7102,1.684,1.7009,1.7225,1.7145,1.7475,1.77,1.852,2.031
2019-12-30,1.771,1.6719,1.6467,1.6534,1.665,1.6993,1.741,1.7602,1.821,2.006
2019-12-31,1.763,1.6909,1.6823,1.699,1.7085,1.7586,1.774,1.827,1.873,2.0705
2020-01-01,1.763,1.6909,1.6823,1.699,1.7085,1.7586,1.774,1.827,1.873,2.0705
2020-01-02,1.751,1.637,1.632,1.647,1.671,1.702,1.737,1.766,1.826,2.015
2020-01-03,1.751,1.637,1.632,1.647,1.671,1.702,1.737,1.766,1.826,2.015
2020-01-06,1.713,1.61,1.5832,1.5868,1.604,1.6314,1.65,1.6925,1.741,1.92
2020-01-07,1.711,1.604,1.5916,1.5961,1.605,1.6411,1.664,1.6835,1.762,1.9465
2020-01-08,1.72,1.639,1.6295,1.612,1.655,1.671,1.7202,1.7537,1.812,2.008
2020-01-09,1.718,1.6386,1.6025,1.6243,1.6435,1.665,1.7005,1.733,1.788,1.971
2020-01-10,1.718,1.6386,1.6025,1.6243,1.6435,1.665,1.7005,1.733,1.788,1.971
2020-01-13,1.711,1.6259,1.6029,1.6037,1.617,1.6409,1.666,1.6987,1.773,1.943
2020-01-14,1.72,1.6347,1.603,1.609,1.612,1.631,1.667,1.696,1.755,1.9435
2020-01-15,1.72,1.6308,1.6008,1.6004,1.589,1.6105,1.644,1.6904,1.744,1.928
2020-01-16,1.717,1.615,1.61,1.6114,1.6105,1.633,1.6745,1.7021,1.7594,1.931
2020-01-17,1.723,1.6437,1.6215,1.6246,1.624,1.6673,1.6959,1.719,1.781,1.9595
2020-01-20,1.713,1.6328,1.6087,1.6075,1.638,1.647,1.682,1.7098,1.772,1.942
2020-01-21,1.713,1.6328,1.6087,1.6075,1.638,1.647,1.682,1.7098,1.772,1.9045
2020-01-22,1.69,1.5933,1.5644,1.563,1.563,1.6045,1.6308,1.6595,1.7193,1.888
2020-01-23,1.679,1.5764,1.526,1.5402,1.551,1.5774,1.5805,1.61,1.668,1.847
2020-01-24,1.679,1.5764,1.526,1.5402,1.551,1.5774,1.5805,1.61,1.668,1.847
2020-01-27,1.666,1.5469,1.5059,1.498,1.4115,1.5309,1.538,1.5763,1.625,1.714
2020-01-28,1.643,1.514,1.456,1.4355,1.453,1.4779,1.484,1.51,1.567,1.757
2020-01-29,1.619,1.458,1.4035,1.401,1.402,1.4175,1.4592,1.465,1.5295,1.7215
2020-01-30,1.597,1.4423,1.3859,1.348,1.366,1.3795,1.393,1.427,1.4835,1.685
2020-01-31,1.597,1.4423,1.3859,1.348,1.366,1.3795,1.393,1.427,1.4835,1.685
2020-02-03,1.538,1.3703,1.3158,1.3021,1.328,1.3317,1.35,1.3869,1.445,1.66
2020-02-04,1.606,1.4758,1.4255,1.4142,1.4235,1.4419,1.4545,1.4943,1.5355,1.735
2020-02-05,1.62,1.496,1.448,1.4517,1.458,1.469,1.4965,1.524,1.6,1.792
2020-02-06,1.617,1.494,1.432,1.445,1.4628,1.478,1.5083,1.5369,1.579,1.7715
2020-02-07,1.617,1.494,1.432,1.445,1.4628,1.478,1.5083,1.5369,1.579,1.7715
2020-02-10,1.578,1.4489,1.4024,1.3971,1.402,1.4302,1.448,1.4809,1.545,1.672
2020-02-11,1.571,1.4439,1.387,1.3755,1.393,1.4202,1.4435,1.4705,1.512,1.697
2020-02-12,1.592,1.4788,1.4404,1.437,1.436,1.4711,1.4825,1.525,1.5655,1.7515
2020-02-13,1.583,1.4635,1.428,1.4265,1.4376,1.4588,1.48,1.511,1.558,1.738
2020-02-14,1.583,1.4635,1.428,1.4265,1.4376,1.4588,1.48,1.511,1.558,1.738
2020-02-17,1.577,1.4525,1.4103,1.4006,1.404,1.4273,1.441,1.4765,1.526,1.694
2020-02-18,1.577,1.4525,1.4103,1.4006,1.404,1.4273,1.441,1.4765,1.526,1.694
2020-02-19,1.569,1.44,1.4,1.387,1.384,1.397,1.4155,1.44,1.491,1.6595
2020-02-20,1.538,1.4154,1.3669,1.351,1.337,1.36,1.371,1.398,1.44,1.606
2020-02-21,1.538,1.4154,1.3669,1.351,1.337,1.36,1.371,1.398,1.44,1.606
2020-02-24,1.502,1.345,1.31,1.2909,1.288,1.3085,1.328,1.3462,1.372,1.52
2020-02-25,1.393,1.2287,1.157,1.1601,1.1618,1.162,1.191,1.215,1.268,1.421
2020-02-26,1.343,1.187,1.127,1.1313,1.1383,1.1564,1.178,1.2037,1.238,1.404
2020-02-27,1.284,1.119,1.079,1.08,1.096,1.1368,1.1581,1.1845,1.222,1.3935
2020-02-28,1.284,1.119,1.079,1.08,1.096,1.1368,1.1581,1.1845,1.222,1.3935
2020-03-02,0.982,0.8894,0.8813,0.887,0.909,0.9565,0.964,0.996,1.056,1.256
2020-03-03,0.878,0.7823,0.772,0.796,0.815,0.8425,0.886,0.9095,0.971,1.22
2020-03-04,0.762,0.6805,0.705,0.733,0.7937,0.827,0.868,0.902,0.9715,1.2235
2020-03-05,0.726,0.6549,0.652,0.701,0.7328,0.7736,0.804,0.8512,0.9219,1.151
2020-03-06,0.726,0.6549,0.652,0.701,0.7328,0.7736,0.804,0.8512,0.9219,1.151
2020-03-09,0.657,0.452,0.654,0.6899,0.72,0.7484,0.745,0.7845,0.6,0.619
2020-03-10,0.549,0.509,0.5845,0.6375,0.6824,0.6865,0.744,0.7335,0.786,0.822
2020-03-11,0.513,0.504,0.549,0.634,0.6832,0.722,0.758,0.7865,0.813,0.838
2020-03-12,0.496,0.4605,0.52,0.5986,0.669,0.7228,0.761,0.7904,0.8363,0.804
2020-03-13,0.496,0.4605,0.52,0.5986,0.669,0.7228,0.761,0.7904,0.8363,0.804
2020-03-16,0.534,0.504,0.595,0.6874,0.77,0.84,0.868,0.906,0.961,0.797
2020-03-17,0.581,0.51,0.56,0.6425,0.6975,0.7778,0.8255,0.8788,0.9215,0.944
2020-03-18,0.642,0.596,0.636,0.7785,0.8262,0.89,0.956,1.0286,1.1058,1.136
2020-03-19,0.702,0.632,0.6262,0.6255,0.7105,0.758,0.8365,0.874,0.964,1
2020-03-20,0.702,0.632,0.6262,0.6255,0.7105,0.758,0.8365,0.874,0.964,1
2020-03-23,0.623,0.5042,0.4962,0.5172,0.5009,0.5923,0.637,0.6889,0.644,0.711
2020-03-24,0.631,0.5106,0.5083,0.562,0.5726,0.629,0.6436,0.684,0.719,0.759
2020-03-25,0.653,0.512,0.5216,0.562,0.6049,0.632,0.687,0.729,0.777,0.876
2020-03-26,0.662,0.488,0.482,0.503,0.539,0.579,0.627,0.65,0.722,0.8035
2020-03-27,0.662,0.488,0.482,0.503,0.539,0.579,0.627,0.65,0.722,0.8035
2020-03-30,0.693,0.462,0.421,0.443,0.479,0.508,0.5385,0.579,0.625,0.715
2020-03-31,0.652,0.484,0.466,0.481,0.5208,0.556,0.596,0.6442,0.687,0.871
2020-04-01,0.655,0.477,0.4436,0.4615,0.492,0.5463,0.583,0.6257,0.6973,0.8635
2020-04-02,0.62,0.436,0.42,0.455,0.5051,0.5445,0.5805,0.6119,0.662,0.844
2020-04-03,0.62,0.436,0.42,0.455,0.5051,0.5445,0.5805,0.6119,0.662,0.844
2020-04-06,0.628,0.4692,0.4459,0.4677,0.506,0.5382,0.553,0.597,0.651,0.839
2020-04-07,0.668,0.497,0.4965,0.53,0.585,0.638,0.6921,0.727,0.779,0.926
2020-04-08,0.662,0.5066,0.501,0.5444,0.584,0.657,0.6855,0.728,0.8214,0.9775
2020-04-09,0.602,0.4613,0.4616,0.5037,0.5603,0.6226,0.654,0.7302,0.781,0.978
2020-04-10,0.602,0.4613,0.4616,0.5037,0.5603,0.6226,0.654,0.7302,0.781,0.978
2020-04-13,0.602,0.4632,0.4613,0.4987,0.543,0.6114,0.657,0.7205,0.782,0.978
2020-04-14,0.561,0.4333,0.432,0.4805,0.531,0.592,0.652,0.6995,0.798,1.031
2020-04-15,0.533,0.4072,0.367,0.397,0.439,0.514,0.569,0.617,0.7018,0.8845
2020-04-16,0.544,0.415,0.377,0.4221,0.441,0.5146,0.553,0.594,0.665,0.832
2020-04-17,0.544,0.415,0.377,0.4221,0.441,0.5146,0.553,0.594,0.665,0.832
2020-04-20,0.545,0.4152,0.399,0.4307,0.48,0.5381,0.588,0.6387,0.712,0.835
2020-04-21,0.535,0.4094,0.3841,0.4045,0.4437,0.4896,0.5318,0.5711,0.6378,0.7705
2020-04-22,0.515,0.3996,0.3846,0.4103,0.4547,0.485,0.553,0.5968,0.673,0.815
2020-04-23,0.508,0.3976,0.3808,0.4046,0.4305,0.4945,0.5375,0.5781,0.627,0.7805
2020-04-24,0.508,0.3976,0.3808,0.4046,0.4305,0.4945,0.5375,0.5781,0.627,0.7805
2020-04-27,0.47,0.3823,0.3725,0.4028,0.445,0.4911,0.526,0.5676,0.625,0.733
2020-04-28,0.417,0.334,0.346,0.362,0.4045,0.446,0.5123,0.5503,0.598,0.752
2020-04-29,0.384,0.3242,0.326,0.36,0.409,0.463,0.5177,0.5614,0.6364,0.792
2020-04-30,0.353,0.287,0.304,0.337,0.377,0.4555,0.506,0.549,0.63,0.799
2020-05-01,0.353,0.287,0.304,0.337,0.377,0.4555,0.506,0.549,0.63,0.799
2020-05-04,0.363,0.31,0.315,0.342,0.386,0.439,0.49,0.539,0.622,0.813
2020-05-05,0.343,0.3091,0.309,0.3536,0.4,0.449,0.5207,0.5679,0.641,0.8385
2020-05-06,0.328,0.2937,0.3028,0.323,0.381,0.4648,0.52,0.574,0.6525,0.8925
2020-05-07,0.291,0.2374,0.2359,0.2671,0.319,0.3841,0.435,0.492,0.575,0.8055
2020-05-08,0.291,0.2374,0.2359,0.2671,0.319,0.3841,0.435,0.492,0.575,0.8055
2020-05-11,0.304,0.2601,0.2628,0.3023,0.368,0.4326,0.504,0.5619,0.6648,0.9065
2020-05-12,0.322,0.261,0.243,0.28,0.335,0.402,0.4778,0.5356,0.624,0.873
2020-05-13,0.309,0.247,0.2546,0.2873,0.34,0.385,0.4609,0.4845,0.6105,0.8315
2020-05-14,0.297,0.243,0.2466,0.2768,0.3266,0.3861,0.442,0.4938,0.5685,0.799
2020-05-15,0.297,0.243,0.2466,0.2768,0.3266,0.3861,0.442,0.4938,0.5685,0.799
2020-05-18,0.307,0.2725,0.283,0.3421,0.409,0.462,0.55,0.607,0.717,0.958
2020-05-19,0.293,0.2576,0.257,0.295,0.371,0.442,0.5109,0.5771,0.677,0.9325
2020-05-20,0.28,0.241,0.254,0.2825,0.3445,0.41,0.488,0.549,0.6425,0.906
2020-05-21,0.286,0.217,0.236,0.3105,0.3711,0.431,0.482,0.543,0.6485,0.9175
2020-05-22,0.286,0.217,0.236,0.3105,0.3711,0.431,0.482,0.543,0.6485,0.9175
2020-05-25,0.296,0.244,0.261,0.303,0.363,0.429,0.49,0.547,0.649,0.9175
2020-05-26,0.296,0.244,0.261,0.303,0.363,0.429,0.49,0.547,0.649,0.966
2020-05-27,0.295,0.263,0.2782,0.296,0.359,0.4428,0.5066,0.558,0.647,0.943
2020-05-28,0.291,0.2637,0.2811,0.3274,0.37,0.458,0.51,0.5828,0.685,0.9923
2020-05-29,0.282,0.2335,0.249,0.274,0.3365,0.394,0.4585,0.516,0.63,0.913
2020-06-01,0.279,0.219,0.256,0.2954,0.351,0.4211,0.4876,0.5474,0.6365,0.953
2020-06-02,0.281,0.2467,0.2587,0.3022,0.363,0.4323,0.474,0.537,0.6707,0.9745
2020-06-03,0.293,0.2691,0.2883,0.3424,0.4112,0.4885,0.5642,0.6332,0.741,1.048
2020-06-04,0.291,0.2695,0.2968,0.34,0.422,0.5105,0.594,0.666,0.808,1.125
2020-06-05,0.298,0.2979,0.3466,0.409,0.505,0.6075,0.6879,0.7579,0.8806,1.169
2020-06-08,0.306,0.2996,0.3373,0.3855,0.4745,0.5832,0.667,0.7396,0.8614,1.155
2020-06-09,0.306,0.2885,0.29,0.3525,0.433,0.515,0.602,0.685,0.793,1.094
2020-06-10,0.288,0.259,0.2749,0.302,0.3928,0.458,0.5543,0.606,0.7382,1.046
2020-06-11,0.283,0.2538,0.2586,0.2961,0.349,0.398,0.479,0.54,0.626,0.911
2020-06-12,0.283,0.2538,0.2586,0.2961,0.349,0.398,0.479,0.54,0.626,0.911
2020-06-15,0.294,0.2543,0.2655,0.3089,0.349,0.4468,0.5181,0.5809,0.672,0.941
2020-06-16,0.295,0.2667,0.2793,0.3273,0.3959,0.4735,0.523,0.6163,0.7324,1.0205
2020-06-17,0.291,0.2587,0.2669,0.31,0.374,0.448,0.499,0.586,0.688,1.003
2020-06-18,0.281,0.2524,0.2606,0.28,0.342,0.4289,0.477,0.5571,0.65,0.938
2020-06-19,0.281,0.2524,0.2606,0.28,0.342,0.4289,0.477,0.5571,0.65,0.938
2020-06-22,0.282,0.244,0.258,0.293,0.351,0.424,0.497,0.559,0.668,0.952
2020-06-23,0.274,0.2473,0.243,0.298,0.35,0.4364,0.504,0.561,0.688,0.9775
2020-06-24,0.274,0.237,0.2532,0.2938,0.344,0.413,0.48,0.5577,0.66,0.948
2020-06-25,0.281,0.21,0.249,0.2958,0.352,0.421,0.488,0.5375,0.641,0.913
2020-06-26,0.271,0.2323,0.2225,0.2769,0.3205,0.3865,0.45,0.51,0.6095,0.8685
2020-06-27,0.27,0.207,0.226,0.256,0.319,0.385,0.449,0.506,0.61,0.862
2020-06-28,0.271,0.229,0.231,0.254,0.313,0.386,0.447,0.4985,0.595,0.855
2020-06-29,0.256,0.21,0.227,0.2599,0.2965,0.367,0.43,0.4895,0.607,0.884
2020-06-30,0.255,0.2005,0.221,0.2622,0.304,0.37,0.445,0.508,0.6155,0.899
2020-07-01,0.258,0.2276,0.2386,0.2808,0.3428,0.4144,0.48,0.543,0.6415,0.9245
2020-07-02,0.26,0.2283,0.232,0.2684,0.3271,0.3986,0.4701,0.5356,0.6472,0.919
2020-07-03,0.26,0.2283,0.232,0.2684,0.3271,0.3986,0.4701,0.5356,0.6472,0.919
2020-07-06,0.246,0.213,0.223,0.248,0.322,0.384,0.456,0.518,0.639,0.937
2020-07-07,0.243,0.2147,0.207,0.245,0.302,0.3715,0.447,0.5142,0.62,0.877
2020-07-08,0.244,0.2132,0.2203,0.2585,0.3174,0.368,0.438,0.5162,0.608,0.879
2020-07-09,0.24,0.2085,0.2133,0.2488,0.286,0.344,0.407,0.469,0.585,0.8155
2020-07-10,0.24,0.2085,0.2133,0.2488,0.286,0.344,0.407,0.469,0.585,0.8155
2020-07-13,0.245,0.203,0.2293,0.251,0.313,0.381,0.441,0.498,0.604,0.8505
2020-07-14,0.244,0.194,0.21,0.244,0.2985,0.3665,0.4378,0.4934,0.5898,0.824
2020-07-15,0.248,0.206,0.2302,0.243,0.298,0.3847,0.435,0.493,0.592,0.844
2020-07-16,0.242,0.202,0.225,0.2587,0.302,0.3743,0.416,0.473,0.577,0.819
2020-07-17,0.242,0.202,0.225,0.2587,0.302,0.3743,0.416,0.473,0.577,0.819
2020-07-20,0.238,0.202,0.226,0.2611,0.296,0.3783,0.4408,0.4975,0.572,0.8285
2020-07-21,0.233,0.203,0.2187,0.2529,0.3054,0.3684,0.407,0.482,0.561,0.836
2020-07-22,0.233,0.2084,0.214,0.2485,0.277,0.339,0.4232,0.46,0.5775,0.8085
2020-07-23,0.224,0.2044,0.2114,0.2446,0.268,0.3573,0.4146,0.4693,0.5678,0.79
2020-07-24,0.224,0.2044,0.2114,0.2446,0.268,0.3573,0.4146,0.4693,0.5678,0.79
2020-07-27,0.226,0.197,0.209,0.245,0.299,0.358,0.414,0.476,0.577,0.82
2020-07-28,0.234,0.196,0.2185,0.238,0.286,0.346,0.4196,0.455,0.55,0.7935
2020-07-29,0.222,0.195,0.199,0.2407,0.284,0.355,0.4166,0.4738,0.5727,0.8105
2020-07-30,0.208,0.1859,0.172,0.198,0.2485,0.3265,0.3844,0.4378,0.517,0.7645
2020-07-31,0.208,0.1859,0.172,0.198,0.2485,0.3265,0.3844,0.4378,0.517,0.7645
2020-08-03,0.201,0.173,0.164,0.196,0.247,0.301,0.356,0.4204,0.5178,0.7935
2020-08-04,0.206,0.166,0.1802,0.2,0.2405,0.2958,0.325,0.4071,0.478,0.7395
2020-08-05,0.207,0.1894,0.1915,0.198,0.243,0.3212,0.364,0.418,0.5135,0.776
2020-08-06,0.209,0.1922,0.1939,0.2202,0.247,0.309,0.383,0.4375,0.5334,0.778
2020-08-07,0.209,0.1922,0.1939,0.2202,0.247,0.309,0.383,0.4375,0.5334,0.778
2020-08-10,0.221,0.215,0.211,0.236,0.282,0.339,0.398,0.459,0.56,0.827
2020-08-11,0.237,0.235,0.2355,0.2735,0.324,0.3925,0.4797,0.539,0.645,0.939
2020-08-12,0.237,0.2326,0.2453,0.2827,0.322,0.3985,0.469,0.5365,0.6445,0.953
2020-08-13,0.243,0.236,0.2543,0.2962,0.341,0.424,0.482,0.5744,0.669,0.997
2020-08-14,0.238,0.2342,0.2496,0.2923,0.349,0.42,0.49,0.56,0.684,1.028
2020-08-17,0.237,0.23,0.234,0.283,0.353,0.422,0.493,0.565,0.686,0.989
2020-08-18,0.225,0.2169,0.2274,0.2642,0.301,0.384,0.448,0.517,0.632,0.967
2020-08-19,0.218,0.185,0.2166,0.25,0.309,0.3705,0.452,0.514,0.6375,0.977
2020-08-20,0.223,0.2146,0.2237,0.2581,0.2965,0.3804,0.44,0.514,0.6135,0.957
2020-08-21,0.223,0.2182,0.2301,0.2664,0.3035,0.3869,0.43,0.5173,0.612,0.966
2020-08-24,0.218,0.2164,0.2308,0.2663,0.3015,0.375,0.4498,0.508,0.619,0.947
2020-08-25,0.226,0.2231,0.239,0.2785,0.319,0.4092,0.462,0.5495,0.6739,1.0035
2020-08-26,0.23,0.2287,0.2421,0.265,0.3225,0.392,0.467,0.5335,0.671,1.0265
2020-08-27,0.244,0.2451,0.2605,0.3011,0.3646,0.428,0.5258,0.596,0.731,1.12
2020-08-28,0.244,0.2451,0.2605,0.3011,0.3646,0.428,0.5258,0.596,0.731,1.12
2020-08-31,0.226,0.22,0.214,0.26,0.327,0.405,0.488,0.573,0.719,1.066
2020-09-01,0.226,0.2171,0.2257,0.2617,0.31,0.383,0.449,0.526,0.668,1.029
2020-09-02,0.23,0.199,0.206,0.24,0.297,0.3914,0.4636,0.5329,0.6606,0.994
2020-09-03,0.226,0.2157,0.2045,0.2355,0.288,0.3515,0.42,0.494,0.63,0.964
2020-09-04,0.226,0.2157,0.2045,0.2355,0.288,0.3515,0.42,0.494,0.63,0.964
2020-09-07,0.228,0.205,0.23,0.281,0.351,0.42,0.493,0.587,0.689,1.07
2020-09-08,0.228,0.205,0.23,0.281,0.351,0.42,0.493,0.587,0.689,1.0235
2020-09-09,0.233,0.2262,0.237,0.2725,0.33,0.3975,0.479,0.5711,0.688,1.063
2020-09-10,0.23,0.2185,0.206,0.2659,0.3065,0.3805,0.469,0.5325,0.678,1.053
2020-09-11,0.23,0.2185,0.206,0.2659,0.3065,0.3805,0.469,0.5325,0.678,1.053
2020-09-14,0.223,0.197,0.224,0.2556,0.31,0.3875,0.459,0.5419,0.668,1.037
2020-09-15,0.226,0.2175,0.2276,0.248,0.306,0.3795,0.466,0.529,0.665,1.0505
2020-09-16,0.218,0.2127,0.223,0.2648,0.307,0.3855,0.461,0.538,0.679,1.058
2020-09-17,0.213,0.2091,0.2222,0.2649,0.32,0.385,0.463,0.5375,0.668,1.047
2020-09-18,0.213,0.2091,0.2222,0.2649,0.32,0.385,0.463,0.5375,0.668,1.047
2020-09-21,0.218,0.2131,0.2227,0.2629,0.31,0.383,0.455,0.527,0.656,1.0395
2020-09-22,0.219,0.2121,0.2217,0.241,0.3035,0.371,0.448,0.5399,0.6738,1.035
2020-09-23,0.222,0.2184,0.2308,0.247,0.3115,0.378,0.4575,0.5275,0.667,1.0495
2020-09-24,0.225,0.2229,0.231,0.277,0.333,0.4105,0.4834,0.53,0.666,1.045
2020-09-25,0.225,0.2229,0.231,0.277,0.333,0.4105,0.4834,0.53,0.666,1.045
2020-09-28,0.217,0.203,0.23,0.267,0.327,0.401,0.477,0.552,0.687,1.056
2020-09-29,0.209,0.2169,0.2335,0.2702,0.3075,0.3975,0.455,0.53,0.673,1.063
2020-09-30,0.208,0.2161,0.2175,0.281,0.333,0.407,0.475,0.5525,0.69,1.102
2020-10-01,0.208,0.2173,0.2235,0.2625,0.3417,0.4154,0.493,0.5495,0.684,1.088
2020-10-02,0.208,0.2173,0.2235,0.2625,0.3417,0.4154,0.493,0.5495,0.684,1.088
2020-10-05,0.207,0.203,0.24,0.28,0.337,0.415,0.497,0.573,0.708,1.182
2020-10-06,0.209,0.227,0.2557,0.3095,0.364,0.439,0.54,0.595,0.7582,1.1465
2020-10-07,0.213,0.2377,0.2739,0.3358,0.4147,0.48,0.5812,0.6592,0.793,1.2065
2020-10-08,0.207,0.2315,0.242,0.306,0.387,0.484,0.551,0.631,0.777,1.199
2020-10-09,0.207,0.2315,0.242,0.306,0.387,0.484,0.551,0.631,0.777,1.199
2020-10-12,0.21,0.236,0.267,0.327,0.405,0.488,0.575,0.654,0.797,1.215
2020-10-13,0.21,0.236,0.267,0.327,0.405,0.488,0.575,0.654,0.797,1.215
2020-10-14,0.204,0.2266,0.232,0.29,0.3812,0.4584,0.517,0.607,0.733,1.144
2020-10-15,0.201,0.2277,0.255,0.294,0.375,0.45,0.532,0.608,0.749,1.1525
2020-10-16,0.201,0.2277,0.255,0.294,0.375,0.45,0.532,0.608,0.749,1.1525
2020-10-19,0.201,0.209,0.26,0.316,0.394,0.471,0.539,0.616,0.756,1.161
2020-10-20,0.198,0.2311,0.2713,0.331,0.414,0.489,0.588,0.672,0.818,1.242
2020-10-21,0.197,0.2284,0.252,0.3352,0.406,0.499,0.6046,0.673,0.8225,1.255
2020-10-22,0.2,0.2175,0.26,0.341,0.42,0.512,0.602,0.692,0.848,1.2875
2020-10-23,0.2,0.2175,0.26,0.341,0.42,0.512,0.602,0.692,0.848,1.2875
2020-10-26,0.203,0.234,0.279,0.347,0.435,0.532,0.627,0.708,0.854,1.284
2020-10-27,0.201,0.2307,0.2642,0.3065,0.3843,0.472,0.5568,0.6385,0.788,1.2103
2020-10-28,0.2,0.211,0.2659,0.319,0.402,0.473,0.5812,0.657,0.8081,1.2057
2020-10-29,0.198,0.2327,0.2751,0.3446,0.415,0.51,0.618,0.704,0.84,1.262
2020-10-30,0.198,0.2327,0.2751,0.3446,0.415,0.51,0.618,0.704,0.84,1.262
2020-11-02,0.2,0.2343,0.2781,0.3496,0.435,0.5467,0.644,0.7398,0.885,1.248
2020-11-03,0.207,0.2407,0.2815,0.3507,0.435,0.545,0.6442,0.7358,0.877,1.282
2020-11-04,0.202,0.2279,0.257,0.3106,0.37,0.46,0.555,0.637,0.777,1.208
2020-11-05,0.198,0.21,0.2676,0.304,0.3969,0.4822,0.5712,0.6541,0.792,1.195
2020-11-06,0.198,0.21,0.2676,0.304,0.3969,0.4822,0.5712,0.6541,0.792,1.195
2020-11-09,0.195,0.225,0.27,0.335,0.418,0.509,0.598,0.675,0.802,1.265
2020-11-10,0.209,0.238,0.3166,0.4048,0.503,0.615,0.719,0.812,0.9577,1.405
2020-11-11,0.21,0.238,0.306,0.3922,0.5067,0.592,0.7159,0.802,0.9692,1.405
2020-11-12,0.211,0.2574,0.29,0.375,0.4755,0.583,0.695,0.792,0.956,1.289
2020-11-13,0.211,0.2574,0.29,0.375,0.4755,0.583,0.695,0.792,0.956,1.289
2020-11-16,0.21,0.255,0.302,0.3784,0.46,0.5607,0.652,0.7452,0.887,1.304
2020-11-17,0.212,0.2569,0.2993,0.3625,0.438,0.5381,0.615,0.709,0.858,1.2755
2020-11-18,0.21,0.228,0.3004,0.3698,0.428,0.525,0.623,0.707,0.854,1.2793
2020-11-19,0.204,0.243,0.289,0.3626,0.438,0.517,0.618,0.702,0.844,1.2413
2020-11-20,0.204,0.243,0.289,0.3626,0.438,0.517,0.618,0.702,0.844,1.2413
2020-11-23,0.217,0.236,0.278,0.346,0.432,0.518,0.602,0.679,0.814,1.198
2020-11-24,0.209,0.235,0.3011,0.3699,0.454,0.54,0.632,0.715,0.863,1.2713
2020-11-25,0.211,0.245,0.2964,0.343,0.4365,0.5498,0.6427,0.7282,0.8771,1.2805
2020-11-26,0.21,0.254,0.2988,0.343,0.433,0.53,0.625,0.716,0.879,1.286
2020-11-27,0.21,0.244,0.288,0.3495,0.4311,0.523,0.6125,0.687,0.8386,1.2499
2020-11-30,0.21,0.244,0.285,0.347,0.429,0.518,0.604,0.688,0.832,1.246
2020-12-01,0.209,0.2393,0.2851,0.3637,0.455,0.543,0.6667,0.754,0.913,1.3412
2020-12-02,0.205,0.2358,0.2825,0.3644,0.4488,0.564,0.677,0.771,0.916,1.3687
2020-12-03,0.198,0.2307,0.2785,0.3581,0.4566,0.5353,0.6377,0.731,0.8955,1.342
2020-12-04,0.198,0.2307,0.2785,0.3581,0.4566,0.5353,0.6377,0.731,0.8955,1.342
2020-12-07,0.199,0.235,0.273,0.366,0.478,0.588,0.693,0.795,0.963,1.437
2020-12-08,0.203,0.227,0.252,0.3525,0.433,0.5564,0.639,0.736,0.899,1.367
2020-12-09,0.193,0.197,0.248,0.3438,0.4445,0.556,0.663,0.7777,0.9456,1.402
2020-12-10,0.185,0.2096,0.2358,0.3387,0.433,0.5481,0.637,0.7307,0.892,1.344
2020-12-11,0.173,0.1915,0.2327,0.3147,0.397,0.504,0.609,0.704,0.8844,1.323
2020-12-14,0.175,0.1944,0.2365,0.316,0.414,0.529,0.6329,0.727,0.8763,1.3352
2020-12-15,0.182,0.1997,0.2418,0.3284,0.4185,0.525,0.635,0.736,0.901,1.3698
2020-12-16,0.184,0.1828,0.239,0.3303,0.4292,0.5383,0.6472,0.7465,0.901,1.377
2020-12-17,0.186,0.2053,0.2487,0.336,0.432,0.5504,0.6605,0.7617,0.9308,1.3852
2020-12-18,0.186,0.2053,0.2487,0.336,0.432,0.5504,0.6605,0.7617,0.9308,1.3852
2020-12-21,0.183,0.2023,0.2462,0.3419,0.44,0.5691,0.669,0.7807,0.945,1.417
2020-12-22,0.185,0.2004,0.242,0.309,0.416,0.528,0.635,0.737,0.904,1.37
2020-12-23,0.192,0.197,0.2502,0.33,0.431,0.548,0.661,0.773,0.946,1.421
2020-12-24,0.185,0.2026,0.2485,0.3383,0.4425,0.5537,0.6622,0.7632,0.9335,1.4008
2020-12-25,0.185,0.2026,0.2485,0.3383,0.4425,0.5537,0.6622,0.7632,0.9335,1.4008
2020-12-28,0.185,0.199,0.242,0.329,0.433,0.548,0.657,0.755,0.924,1.394
2020-12-29,0.189,0.204,0.2451,0.3205,0.4293,0.56,0.6702,0.7717,0.9443,1.41
2020-12-30,0.184,0.1998,0.233,0.3175,0.4193,0.5522,0.655,0.757,0.9177,1.3985
2020-12-31,0.183,0.197,0.237,0.322,0.427,0.5408,0.6517,0.7534,0.9227,1.3815
2021-01-01,0.183,0.197,0.237,0.322,0.427,0.5408,0.6517,0.7534,0.9227,1.3815
2021-01-04,0.182,0.1955,0.2367,0.3218,0.425,0.5409,0.651,0.7528,0.918,1.382
2021-01-05,0.176,0.171,0.22,0.313,0.425,0.558,0.652,0.756,0.93,1.4207
2021-01-06,0.189,0.2071,0.2637,0.3598,0.468,0.6025,0.7205,0.8287,1.0226,1.5163
2021-01-07,0.185,0.2074,0.274,0.3882,0.5005,0.634,0.753,0.863,1.0631,1.546
2021-01-08,0.185,0.2074,0.274,0.3882,0.5005,0.634,0.753,0.863,1.0631,1.546
2021-01-11,0.184,0.205,0.284,0.408,0.549,0.69,0.82,0.933,1.118,1.586
2021-01-12,0.195,0.2223,0.299,0.4313,0.578,0.724,0.836,0.952,1.134,1.613
2021-01-13,0.194,0.2156,0.28,0.4067,0.5265,0.668,0.8089,0.91,1.0765,1.566
2021-01-14,0.188,0.2087,0.27,0.4066,0.5507,0.683,0.813,0.93,1.115,1.6092
2021-01-15,0.188,0.2087,0.27,0.4066,0.5507,0.683,0.813,0.93,1.115,1.6092
2021-01-18,0.183,0.2024,0.2668,0.3831,0.516,0.6584,0.779,0.9003,1.079,1.573
2021-01-19,0.183,0.2024,0.2668,0.3831,0.516,0.6584,0.779,0.9003,1.079,1.573
2021-01-20,0.188,0.172,0.238,0.3891,0.503,0.645,0.774,0.8878,1.0775,1.5648
2021-01-21,0.182,0.1981,0.2654,0.3891,0.5276,0.666,0.802,0.92,1.095,1.5942
2021-01-22,0.182,0.1981,0.2654,0.3891,0.5276,0.666,0.802,0.92,1.095,1.5942
2021-01-25,0.182,0.191,0.259,0.384,0.525,0.667,0.798,0.911,1.096,1.597
2021-01-26,0.18,0.1805,0.244,0.3598,0.509,0.6475,0.7748,0.8874,1.0702,1.537
2021-01-27,0.176,0.1928,0.2545,0.3685,0.479,0.61,0.7598,0.8699,1.0506,1.513
2021-01-28,0.174,0.188,0.2633,0.376,0.514,0.657,0.776,0.889,1.09,1.553
2021-01-29,0.174,0.188,0.2633,0.376,0.514,0.657,0.776,0.889,1.09,1.553
2021-02-01,0.165,0.18,0.247,0.366,0.503,0.653,0.792,0.911,1.107,1.5966
2021-02-02,0.168,0.167,0.2626,0.3958,0.527,0.682,0.8383,0.952,1.1502,1.6135
2021-02-03,0.173,0.17,0.2755,0.4135,0.545,0.7269,0.8696,0.974,1.183,1.674
2021-02-04,0.173,0.193,0.261,0.4197,0.558,0.7354,0.862,1,1.188,1.7
2021-02-05,0.173,0.193,0.261,0.4197,0.558,0.7354,0.862,1,1.188,1.7
2021-02-08,0.169,0.195,0.266,0.41,0.57,0.737,0.893,1.019,1.218,1.739
2021-02-09,0.174,0.201,0.2833,0.4257,0.566,0.7471,0.892,0.999,1.205,1.7235
2021-02-10,0.174,0.193,0.26,0.396,0.552,0.709,0.856,0.982,1.2107,1.714
2021-02-11,0.188,0.1973,0.2798,0.4236,0.562,0.7436,0.873,1.001,1.21,1.7434
2021-02-12,0.188,0.1973,0.2798,0.4236,0.562,0.7436,0.873,1.001,1.21,1.7434
2021-02-15,0.171,0.2059,0.3043,0.4527,0.61,0.78,0.928,1.068,1.273,1.808
2021-02-16,0.171,0.2059,0.3043,0.4527,0.675,0.78,1.004,1.068,1.386,1.8955
2021-02-17,0.164,0.1976,0.3044,0.478,0.672,0.853,1.0195,1.149,1.3701,1.854
2021-02-18,0.163,0.1965,0.289,0.4794,0.658,0.83,0.993,1.134,1.346,1.844
2021-02-19,0.163,0.1965,0.289,0.4794,0.658,0.83,0.993,1.134,1.346,1.844
2021-02-22,0.161,0.185,0.306,0.501,0.705,0.89,1.054,1.195,1.415,1.899
2021-02-23,0.17,0.2032,0.299,0.5124,0.705,0.895,1.051,1.2173,1.431,1.936
2021-02-24,0.171,0.2071,0.3342,0.505,0.7273,0.9139,1.0823,1.2248,1.435,1.9602
2021-02-25,0.18,0.2396,0.4162,0.65,0.8629,1.0488,1.2157,1.3405,1.5292,1.984
2021-02-26,0.18,0.2396,0.4162,0.65,0.8629,1.0488,1.2157,1.3405,1.5292,1.984
2021-03-01,0.178,0.221,0.387,0.608,0.806,0.979,1.124,1.256,1.452,1.856
2021-03-02,0.172,0.217,0.3697,0.5838,0.778,0.951,1.116,1.249,1.4705,1.928
2021-03-03,0.181,0.2316,0.3986,0.6244,0.8307,1.0218,1.17,1.3227,1.5265,1.9815
2021-03-04,0.177,0.2323,0.4199,0.6635,0.868,1.0901,1.2642,1.407,1.6189,2.039
2021-03-05,0.177,0.2323,0.4199,0.6635,0.868,1.0901,1.2642,1.407,1.6189,2.039
2021-03-08,0.179,0.234,0.422,0.668,0.894,1.097,1.268,1.408,1.615,2.028
2021-03-09,0.182,0.2456,0.4279,0.6718,0.874,1.0866,1.223,1.352,1.54,1.956
2021-03-10,0.185,0.2421,0.412,0.654,0.8532,1.0405,1.196,1.342,1.5143,1.9115
2021-03-11,0.183,0.239,0.4158,0.6525,0.849,1.053,1.192,1.342,1.524,1.9794
2021-03-12,0.19,0.251,0.4403,0.673,0.9075,1.1307,1.3001,1.4382,1.6447,2.0715
2021-03-15,0.191,0.258,0.4349,0.6787,0.891,1.096,1.262,1.4162,1.6185,2.0458
2021-03-16,0.194,0.23,0.4307,0.6745,0.88,1.085,1.26,1.395,1.595,2.067
2021-03-17,0.185,0.2401,0.403,0.629,0.863,1.065,1.252,1.397,1.6451,2.1183
2021-03-18,0.191,0.2582,0.4374,0.6954,0.925,1.145,1.328,1.473,1.691,2.175
2021-03-19,0.191,0.2582,0.4374,0.6954,0.925,1.145,1.328,1.473,1.691,2.175
2021-03-22,0.194,0.2595,0.4508,0.7169,0.971,1.1914,1.379,1.521,1.735,2.171
2021-03-23,0.197,0.2598,0.4367,0.6904,0.918,1.127,1.298,1.436,1.638,2.072
2021-03-24,0.199,0.2427,0.4316,0.6835,0.898,1.112,1.2805,1.4292,1.6145,2.0412
2021-03-25,0.197,0.2565,0.4276,0.6797,0.899,1.1272,1.3003,1.4373,1.6442,2.0957
2021-03-26,0.197,0.2565,0.4276,0.6797,0.899,1.1272,1.3003,1.4373,1.6442,2.0957
2021-03-29,0.201,0.253,0.443,0.693,0.932,1.153,1.334,1.482,1.698,2.14
2021-03-30,0.206,0.2803,0.4862,0.7569,1.0107,1.2305,1.385,1.5422,1.736,2.1465
2021-03-31,0.207,0.2924,0.5129,0.786,1.0425,1.2616,1.4338,1.5682,1.755,2.182
2021-04-01,0.205,0.2895,0.5016,0.7688,1.013,1.2345,1.379,1.509,1.709,2.125
2021-04-02,0.205,0.2895,0.5016,0.7688,1.013,1.2345,1.379,1.509,1.709,2.125
2021-04-05,0.212,0.3,0.535,0.816,1.083,1.285,1.445,1.569,1.756,2.142
2021-04-06,0.205,0.2944,0.4983,0.7524,0.975,1.1998,1.3515,1.489,1.681,2.069
2021-04-07,0.205,0.2839,0.4819,0.7353,0.96,1.1862,1.337,1.483,1.679,2.1042
2021-04-08,0.201,0.2757,0.4716,0.7217,0.94,1.143,1.3105,1.4579,1.64,2.069
2021-04-09,0.201,0.2757,0.4716,0.7217,0.94,1.143,1.3105,1.4579,1.64,2.069
2021-04-12,0.2,0.276,0.482,0.734,0.971,1.18,1.347,1.483,1.683,2.1187
2021-04-13,0.2,0.2759,0.4693,0.7104,0.927,1.1217,1.2828,1.4193,1.6125,2.0503
2021-04-14,0.2,0.2799,0.4785,0.7217,0.9268,1.1426,1.285,1.4328,1.607,2.072
2021-04-15,0.202,0.243,0.4496,0.6731,0.861,1.043,1.194,1.315,1.502,1.9147
2021-04-16,0.202,0.243,0.4496,0.6731,0.861,1.043,1.194,1.315,1.502,1.9147
2021-04-19,0.207,0.271,0.437,0.678,0.904,1.09,1.246,1.37,1.557,1.98
2021-04-20,0.201,0.2649,0.4419,0.6686,0.8815,1.069,1.215,1.3577,1.5519,1.967
2021-04-21,0.196,0.2662,0.4505,0.6773,0.8896,1.073,1.2393,1.361,1.554,1.994
2021-04-22,0.195,0.268,0.4529,0.6824,0.8939,1.079,1.2351,1.3592,1.539,1.9555
2021-04-23,0.195,0.268,0.4529,0.6824,0.8939,1.079,1.2351,1.3592,1.539,1.9555
2021-04-26,0.198,0.2752,0.4689,0.7,0.903,1.0976,1.244,1.3763,1.55,1.965
2021-04-27,0.203,0.2857,0.4864,0.729,0.9502,1.1395,1.2961,1.4213,1.6094,1.9993
2021-04-28,0.202,0.2787,0.4565,0.7035,0.9498,1.1439,1.286,1.4083,1.6,2.0182
2021-04-29,0.201,0.2794,0.4791,0.7252,0.938,1.1519,1.297,1.429,1.626,2.044
2021-04-30,0.201,0.2794,0.4791,0.7252,0.938,1.1519,1.297,1.429,1.626,2.044
2021-05-03,0.198,0.27,0.466,0.719,0.93,1.1465,1.3108,1.4397,1.6291,2.0443
2021-05-04,0.196,0.2738,0.4578,0.6929,0.9151,1.09,1.252,1.3967,1.565,1.983
2021-05-05,0.193,0.2702,0.433,0.6819,0.882,1.093,1.24,1.3813,1.5714,1.9738
2021-05-06,0.183,0.2635,0.4481,0.6822,0.873,1.078,1.2344,1.3593,1.5495,1.9669
2021-05-07,0.183,0.2635,0.4481,0.6822,0.873,1.078,1.2344,1.3593,1.5495,1.9669
2021-05-10,0.18,0.237,0.412,0.64,0.856,1.05,1.216,1.35,1.549,1.99
2021-05-11,0.179,0.2559,0.4309,0.6603,0.8811,1.073,1.246,1.3905,1.572,2.0516
2021-05-12,0.178,0.2695,0.468,0.7139,0.9273,1.1457,1.3191,1.453,1.6628,2.093
2021-05-13,0.174,0.261,0.4519,0.6906,0.895,1.1093,1.26,1.4131,1.592,2.0575
2021-05-14,0.174,0.261,0.4519,0.6906,0.895,1.1093,1.26,1.4131,1.592,2.0575
2021-05-17,0.17,0.246,0.439,0.672,0.89,1.085,1.249,1.38,1.577,2.023
2021-05-18,0.163,0.2509,0.4195,0.666,0.886,1.083,1.251,1.387,1.589,2.025
2021-05-19,0.164,0.2599,0.4638,0.7191,0.9378,1.118,1.3061,1.4403,1.6425,2.055
2021-05-20,0.16,0.249,0.421,0.6869,0.8845,1.0998,1.247,1.4002,1.583,2.022
2021-05-21,0.16,0.249,0.421,0.6869,0.8845,1.0998,1.247,1.4002,1.583,2.022
2021-05-24,0.16,0.243,0.44,0.681,0.902,1.096,1.261,1.39,1.585,2.011
2021-05-25,0.149,0.2301,0.4142,0.6434,0.8555,1.034,1.193,1.322,1.517,1.9602
2021-05-26,0.14,0.2217,0.4099,0.6315,0.838,1.0375,1.191,1.3225,1.516,1.953
2021-05-27,0.135,0.2261,0.408,0.6642,0.864,1.0806,1.2424,1.353,1.549,1.9762
2021-05-28,0.135,0.2261,0.408,0.6642,0.864,1.0806,1.2424,1.353,1.549,1.9762
2021-05-31,0.134,0.214,0.41,0.646,0.862,1.047,1.202,1.343,1.549,1.985
2021-06-01,0.134,0.214,0.41,0.646,0.862,1.047,1.202,1.343,1.549,1.985
2021-06-02,0.136,0.2265,0.4205,0.6601,0.855,1.051,1.219,1.3691,1.543,1.98
2021-06-03,0.14,0.2378,0.4457,0.6928,0.9176,1.109,1.2769,1.3873,1.579,2.009
2021-06-04,0.14,0.2378,0.4457,0.6928,0.9176,1.109,1.2769,1.3873,1.579,2.009
2021-06-07,0.134,0.218,0.414,0.641,0.845,1.04,1.201,1.328,1.519,1.9405
2021-06-08,0.135,0.2204,0.4076,0.6173,0.8158,1.003,1.168,1.2912,1.485,1.8985
2021-06-09,0.133,0.2181,0.3973,0.6143,0.796,0.9952,1.125,1.2724,1.437,1.854
2021-06-10,0.134,0.2172,0.3935,0.6058,0.786,0.9754,1.11,1.2484,1.418,1.853
2021-06-11,0.134,0.2172,0.3935,0.6058,0.786,0.9754,1.11,1.2484,1.418,1.853
2021-06-14,0.134,0.2224,0.4063,0.6194,0.803,0.9849,1.124,1.2521,1.417,1.826
2021-06-15,0.145,0.221,0.4352,0.6554,0.836,1.0302,1.162,1.2928,1.455,1.871
2021-06-16,0.156,0.2736,0.4959,0.7483,0.9496,1.1233,1.2657,1.3768,1.513,1.8813
2021-06-17,0.153,0.2879,0.5221,0.7529,0.923,1.083,1.2252,1.3258,1.4753,1.797
2021-06-18,0.153,0.2879,0.5221,0.7529,0.923,1.083,1.2252,1.3258,1.4753,1.797
2021-06-21,0.163,0.308,0.53,0.7528,0.915,1.0586,1.167,1.2601,1.384,1.698
2021-06-22,0.165,0.3059,0.5295,0.7446,0.91,1.052,1.173,1.2901,1.422,1.764
2021-06-23,0.174,0.3234,0.5562,0.7523,0.931,1.076,1.197,1.3162,1.43,1.775
2021-06-24,0.178,0.3314,0.5675,0.7862,0.954,1.1059,1.2237,1.3154,1.438,1.773
2021-06-25,0.178,0.3314,0.5675,0.7862,0.954,1.1059,1.2237,1.3154,1.438,1.773
2021-06-28,0.177,0.325,0.565,0.789,0.967,1.111,1.225,1.33,1.48,1.819
2021-06-29,0.173,0.318,0.5685,0.7861,0.9591,1.0763,1.2202,1.3123,1.436,1.77
2021-06-30,0.172,0.3248,0.5629,0.7769,0.931,1.076,1.187,1.276,1.402,1.749
2021-07-01,0.174,0.3356,0.5938,0.8138,0.965,1.1209,1.214,1.3238,1.4569,1.7582
2021-07-02,0.174,0.3356,0.5938,0.8138,0.965,1.1209,1.214,1.3238,1.4569,1.7582
2021-07-05,0.165,0.3099,0.556,0.7672,0.9311,1.0662,1.1781,1.2688,1.4043,1.7291
2021-07-06,0.158,0.2972,0.508,0.7251,0.858,1.0118,1.112,1.2093,1.333,1.677
2021-07-07,0.153,0.2914,0.5155,0.7092,0.8583,0.9833,1.072,1.1714,1.28,1.6168
2021-07-08,0.151,0.2737,0.4775,0.6663,0.8185,0.9469,1.0543,1.1424,1.2782,1.6199
2021-07-09,0.151,0.2737,0.4775,0.6663,0.8185,0.9469,1.0543,1.1424,1.2782,1.6199
2021-07-12,0.159,0.29,0.511,0.706,0.865,1,1.112,1.206,1.35,1.707
2021-07-13,0.164,0.31,0.56,0.752,0.914,1.049,1.1493,1.2402,1.387,1.753
2021-07-14,0.155,0.281,0.521,0.714,0.866,0.996,1.107,1.196,1.325,1.692
2021-07-15,0.153,0.285,0.502,0.712,0.852,0.973,1.075,1.155,1.263,1.636
2021-07-16,0.153,0.285,0.502,0.712,0.852,0.973,1.075,1.155,1.263,1.636
2021-07-19,0.153,0.29,0.519,0.702,0.841,0.959,1.059,1.139,1.268,1.4823
2021-07-20,0.161,0.254,0.426,0.605,0.725,0.846,0.948,1.0315,1.183,1.539
2021-07-21,0.163,0.285,0.471,0.663,0.809,0.933,1.024,1.117,1.257,1.6243
2021-07-22,0.155,0.269,0.452,0.637,0.791,0.91,1.012,1.0925,1.262,1.629
2021-07-23,0.155,0.269,0.452,0.637,0.791,0.91,1.012,1.0925,1.262,1.629
2021-07-26,0.154,0.272,0.471,0.645,0.788,0.919,1.031,1.123,1.268,1.632
2021-07-27,0.152,0.256,0.449,0.634,0.761,0.887,0.995,1.084,1.231,1.6
2021-07-28,0.152,0.271,0.4795,0.6655,0.804,0.931,1.0358,1.1215,1.264,1.636
2021-07-29,0.146,0.253,0.465,0.6515,0.81,0.937,1.033,1.127,1.275,1.668
2021-07-30,0.146,0.253,0.465,0.6515,0.81,0.937,1.033,1.127,1.275,1.668
2021-08-02,0.138,0.254,0.45,0.628,0.77,0.897,0.994,1.1,1.243,1.596
2021-08-03,0.135,0.227,0.406,0.573,0.709,0.835,0.945,1.035,1.179,1.573
2021-08-04,0.135,0.232,0.432,0.602,0.74,0.857,0.956,1.037,1.167,1.566
2021-08-05,0.145,0.265,0.478,0.651,0.795,0.912,0.998,1.08,1.214,1.5855
2021-08-06,0.145,0.265,0.478,0.651,0.795,0.912,0.998,1.08,1.214,1.5855
2021-08-09,0.148,0.294,0.525,0.706,0.849,0.975,1.083,1.171,1.312,1.674
2021-08-10,0.153,0.293,0.545,0.744,0.89,1.014,1.117,1.202,1.347,1.686
2021-08-11,0.148,0.3063,0.518,0.7318,0.886,1.0317,1.1367,1.2138,1.3585,1.6983
2021-08-12,0.151,0.2995,0.5365,0.75,0.908,1.027,1.1283,1.223,1.358,1.701
2021-08-13,0.151,0.2995,0.5365,0.75,0.908,1.027,1.1283,1.223,1.358,1.701
2021-08-16,0.146,0.289,0.52,0.704,0.847,0.965,1.065,1.143,1.271,1.62
2021-08-17,0.149,0.28,0.507,0.69,0.824,0.942,1.037,1.128,1.2455,1.605
2021-08-18,0.151,0.282,0.513,0.699,0.837,0.957,1.055,1.138,1.269,1.617
2021-08-19,0.157,0.281,0.518,0.701,0.832,0.944,1.034,1.112,1.235,1.58
2021-08-20,0.157,0.281,0.518,0.701,0.832,0.944,1.034,1.112,1.235,1.58
2021-08-23,0.154,0.31,0.536,0.717,0.856,0.968,1.063,1.136,1.257,1.582
2021-08-24,0.159,0.297,0.529,0.724,0.869,0.972,1.069,1.148,1.274,1.614
2021-08-25,0.156,0.294,0.547,0.748,0.899,1.0082,1.117,1.2023,1.337,1.67
2021-08-26,0.156,0.291,0.562,0.755,0.896,1.025,1.124,1.209,1.337,1.6485
2021-08-27,0.148,0.271,0.517,0.7138,0.8653,0.99,1.096,1.1733,1.316,1.633
2021-08-30,0.148,0.273,0.527,0.719,0.866,0.99,1.094,1.181,1.315,1.635
2021-08-31,0.146,0.276,0.496,0.69,0.8418,0.9672,1.075,1.162,1.296,1.6343
2021-09-01,0.146,0.284,0.512,0.707,0.849,0.977,1.083,1.169,1.298,1.641
2021-09-02,0.146,0.274,0.499,0.693,0.853,0.978,1.073,1.157,1.292,1.624
2021-09-03,0.146,0.274,0.499,0.693,0.853,0.978,1.073,1.157,1.292,1.624
2021-09-06,0.143,0.291,0.516,0.708,0.864,0.992,1.102,1.191,1.328,1.66
2021-09-07,0.143,0.291,0.516,0.708,0.864,0.992,1.102,1.191,1.328,1.66
2021-09-08,0.147,0.289,0.52,0.722,0.875,1.006,1.111,1.201,1.341,1.6765
2021-09-09,0.148,0.2825,0.523,0.719,0.8598,0.982,1.091,1.174,1.305,1.6295
2021-09-10,0.148,0.2825,0.523,0.719,0.8598,0.982,1.091,1.174,1.305,1.6295
2021-09-13,0.15,0.303,0.546,0.743,0.899,1.031,1.141,1.227,1.355,1.67
2021-09-14,0.145,0.289,0.522,0.717,0.868,0.99,1.082,1.159,1.294,1.5842
2021-09-15,0.15,0.298,0.5368,0.745,0.896,1.003,1.105,1.189,1.32,1.619
2021-09-16,0.152,0.307,0.562,0.764,0.921,1.045,1.148,1.23,1.3468,1.628
2021-09-17,0.152,0.307,0.562,0.764,0.921,1.045,1.148,1.23,1.3468,1.628
2021-09-20,0.153,0.325,0.586,0.796,0.954,1.083,1.187,1.271,1.393,1.659
2021-09-21,0.157,0.298,0.559,0.758,0.912,1.032,1.134,1.212,1.329,1.5923
2021-09-22,0.162,0.329,0.59,0.797,0.9471,1.073,1.1484,1.219,1.341,1.589
2021-09-23,0.167,0.356,0.625,0.849,1.008,1.127,1.225,1.297,1.411,1.6609
2021-09-24,0.167,0.356,0.625,0.849,1.008,1.127,1.225,1.297,1.411,1.6609
2021-09-27,0.163,0.378,0.662,0.877,1.035,1.166,1.27,1.349,1.468,1.733
2021-09-28,0.172,0.365,0.658,0.917,1.103,1.225,1.3391,1.418,1.558,1.823
2021-09-29,0.166,0.357,0.645,0.881,1.065,1.203,1.315,1.403,1.547,1.8168
2021-09-30,0.164,0.369,0.644,0.878,1.056,1.196,1.31,1.399,1.536,1.8166
2021-10-01,0.164,0.369,0.644,0.878,1.056,1.196,1.31,1.399,1.536,1.8166
2021-10-04,0.16,0.365,0.618,0.839,1.01,1.148,1.257,1.345,1.475,1.7634
2021-10-05,0.16,0.366,0.637,0.861,1.032,1.173,1.292,1.383,1.513,1.832
2021-10-06,0.16,0.378,0.6471,0.866,1.036,1.174,1.29,1.38,1.51,1.7978
2021-10-07,0.163,0.398,0.6729,0.909,1.08,1.227,1.341,1.435,1.565,1.871
2021-10-08,0.163,0.398,0.6729,0.909,1.08,1.227,1.341,1.435,1.565,1.871
2021-10-11,0.169,0.422,0.719,0.955,1.139,1.285,1.402,1.491,1.627,1.9
2021-10-12,0.169,0.422,0.719,0.955,1.139,1.285,1.402,1.491,1.627,1.8513
2021-10-13,0.197,0.476,0.7681,0.9962,1.1445,1.27,1.363,1.439,1.546,1.801
2021-10-14,0.196,0.46,0.751,0.9592,1.105,1.242,1.337,1.411,1.523,1.7639
2021-10-15,0.196,0.46,0.751,0.9592,1.105,1.242,1.337,1.411,1.523,1.7639
2021-10-18,0.215,0.495,0.835,1.04,1.193,1.307,1.4,1.467,1.575,1.772
2021-10-19,0.218,0.531,0.859,1.068,1.198,1.324,1.429,1.505,1.619,1.834
2021-10-20,0.22,0.528,0.8342,1.05,1.199,1.333,1.434,1.515,1.632,1.876
2021-10-21,0.241,0.6,0.897,1.117,1.267,1.386,1.483,1.556,1.666,1.882
2021-10-22,0.241,0.6,0.897,1.117,1.267,1.386,1.483,1.556,1.666,1.882
2021-10-25,0.257,0.617,0.917,1.119,1.262,1.373,1.46,1.53,1.634,1.841
2021-10-26,0.259,0.618,0.902,1.109,1.2504,1.372,1.458,1.527,1.634,1.8419
2021-10-27,0.273,0.626,0.902,1.081,1.202,1.299,1.381,1.444,1.532,1.748
2021-10-28,0.291,0.652,0.92,1.096,1.216,1.319,1.399,1.48,1.554,1.74
2021-10-29,0.291,0.652,0.92,1.096,1.216,1.319,1.399,1.48,1.554,1.74
2021-11-01,0.301,0.679,0.945,1.108,1.218,1.317,1.398,1.457,1.544,1.712
2021-11-02,0.287,0.649,0.9116,1.088,1.213,1.313,1.402,1.465,1.569,1.7352
2021-11-03,0.295,0.665,0.955,1.135,1.261,1.349,1.4313,1.4633,1.5898,1.789
2021-11-04,0.27,0.601,0.872,1.057,1.187,1.303,1.39,1.456,1.539,1.744
2021-11-05,0.27,0.601,0.872,1.057,1.187,1.303,1.39,1.456,1.539,1.744
2021-11-08,0.265,0.598,0.862,1.025,1.14,1.238,1.317,1.378,1.469,1.656
2021-11-09,0.262,0.602,0.858,1.0465,1.148,1.219,1.295,1.351,1.436,1.606
2021-11-10,0.304,0.6957,0.9819,1.1765,1.2717,1.375,1.4311,1.4825,1.567,1.7097
2021-11-11,0.332,0.718,1,1.17,1.286,1.368,1.428,1.5,1.562,1.707
2021-11-12,0.332,0.747,1.035,1.202,1.31,1.4,1.48,1.5,1.615,1.707
2021-11-15,0.328,0.734,1.025,1.185,1.296,1.382,1.457,1.512,1.596,1.804
2021-11-16,0.33,0.755,1.061,1.236,1.35,1.447,1.525,1.578,1.664,1.8003
2021-11-17,0.324,0.731,1.033,1.2078,1.3263,1.432,1.508,1.562,1.643,1.784
2021-11-18,0.325,0.728,1.022,1.193,1.305,1.401,1.495,1.527,1.629,1.7559
2021-11-19,0.325,0.728,1.022,1.193,1.305,1.401,1.495,1.527,1.629,1.7559
2021-11-22,0.35,0.75,1.049,1.211,1.317,1.4,1.465,1.508,1.579,1.702
2021-11-23,0.385,0.817,1.128,1.302,1.413,1.504,1.573,1.631,1.702,1.838
2021-11-24,0.413,0.8537,1.175,1.323,1.432,1.507,1.571,1.615,1.675,1.7794
2021-11-25,0.417,0.865,1.18,1.322,1.429,1.517,1.578,1.618,1.679,1.776
2021-11-26,0.417,0.865,1.18,1.165,1.256,1.517,1.578,1.618,1.679,1.776
2021-11-29,0.339,0.724,1.023,1.179,1.278,1.363,1.431,1.483,1.567,1.6884
2021-11-30,0.359,0.767,1.023,1.168,1.261,1.326,1.386,1.411,1.4904,1.617
2021-12-01,0.369,0.777,1.0371,1.175,1.251,1.322,1.382,1.432,1.499,1.6024
2021-12-02,0.395,0.825,1.094,1.223,1.295,1.358,1.404,1.439,1.498,1.592
2021-12-03,0.395,0.825,1.094,1.223,1.295,1.358,1.404,1.439,1.498,1.592
2021-12-06,0.378,0.81,1.067,1.176,1.237,1.292,1.337,1.369,1.421,1.528
2021-12-07,0.438,0.88,1.1623,1.2852,1.3553,1.4145,1.465,1.499,1.553,1.639
2021-12-08,0.419,0.849,1.156,1.3032,1.3469,1.4215,1.463,1.508,1.565,1.6903
2021-12-09,0.434,0.875,1.148,1.274,1.347,1.399,1.442,1.487,1.544,1.6653
2021-12-10,0.424,0.845,1.119,1.271,1.333,1.394,1.461,1.5,1.561,1.712
2021-12-13,0.411,0.8225,1.1026,1.212,1.295,1.35,1.3833,1.4405,1.49,1.631
2021-12-14,0.429,0.848,1.1225,1.23,1.309,1.369,1.408,1.447,1.504,1.646
2021-12-15,0.472,0.882,1.141,1.271,1.347,1.402,1.425,1.471,1.5222,1.69
2021-12-16,0.463,0.826,1.066,1.177,1.241,1.3062,1.3457,1.401,1.462,1.69
2021-12-17,0.492,0.836,1.086,1.195,1.248,1.3,1.349,1.391,1.4417,1.649
2021-12-20,0.487,0.839,1.0531,1.179,1.244,1.301,1.351,1.4,1.4658,1.6421
2021-12-21,0.509,0.905,1.1173,1.247,1.322,1.383,1.43,1.464,1.539,1.688
2021-12-22,0.515,0.894,1.131,1.243,1.308,1.3583,1.4172,1.4492,1.501,1.647
2021-12-23,0.526,0.91,1.144,1.262,1.328,1.394,1.442,1.471,1.5519,1.7241
2021-12-24,0.526,0.91,1.144,1.262,1.328,1.394,1.442,1.471,1.5519,1.7241
2021-12-27,0.531,0.917,1.152,1.2613,1.3399,1.3832,1.432,1.464,1.524,1.7
2021-12-28,0.533,0.915,1.136,1.254,1.339,1.377,1.42,1.47,1.522,1.692
2021-12-29,0.537,0.983,1.162,1.291,1.368,1.427,1.479,1.5232,1.5961,1.746
2021-12-30,0.527,0.973,1.1461,1.2593,1.3489,1.401,1.448,1.484,1.5609,1.7229
2021-12-31,0.527,0.973,1.1461,1.2593,1.3489,1.401,1.448,1.484,1.5609,1.7229
2022-01-03,0.535,1.018,1.2,1.3433,1.435,1.497,1.546,1.6163,1.672,1.808
2022-01-04,0.522,0.924,1.2027,1.351,1.45,1.523,1.5766,1.62,1.706,1.849
2022-01-05,0.576,1.007,1.27,1.412,1.506,1.571,1.632,1.672,1.742,1.873
2022-01-06,0.607,1.0521,1.3162,1.467,1.559,1.618,1.672,1.706,1.778,1.899
2022-01-07,0.599,1.055,1.345,1.492,1.574,1.645,1.701,1.744,1.825,1.9121
2022-01-10,0.625,1.087,1.377,1.524,1.616,1.6678,1.7382,1.761,1.832,1.928
2022-01-11,0.626,1.085,1.3515,1.4872,1.5843,1.6368,1.704,1.751,1.808,1.8989
2022-01-12,0.629,1.065,1.335,1.4897,1.5582,1.6208,1.67,1.723,1.763,1.9
2022-01-13,0.635,1.071,1.339,1.47,1.5407,1.608,1.656,1.701,1.749,1.8607
2022-01-14,0.666,1.136,1.411,1.538,1.612,1.672,1.72,1.758,1.8129,1.9164
2022-01-17,0.702,1.16,1.42,1.55,1.634,1.697,1.745,1.769,1.836,1.942
2022-01-18,0.702,1.16,1.42,1.55,1.634,1.697,1.745,1.769,1.836,1.942
2022-01-19,0.715,1.204,1.454,1.59,1.674,1.734,1.78,1.814,1.8575,1.9276
2022-01-20,0.733,1.207,1.47,1.602,1.6803,1.739,1.785,1.818,1.8662,1.929
2022-01-21,0.703,1.151,1.402,1.5407,1.6108,1.667,1.712,1.741,1.7878,1.867
2022-01-24,0.685,1.117,1.367,1.496,1.579,1.643,1.684,1.721,1.785,1.8832
2022-01-25,0.713,1.161,1.382,1.541,1.631,1.693,1.723,1.759,1.819,1.933
2022-01-26,0.752,1.2116,1.48,1.613,1.706,1.765,1.813,1.834,1.881,1.977
2022-01-27,0.839,1.308,1.535,1.645,1.723,1.757,1.7883,1.816,1.849,1.925
2022-01-28,0.847,1.306,1.512,1.613,1.679,1.724,1.759,1.788,1.831,1.8977
2022-01-31,0.855,1.289,1.5,1.613,1.664,1.714,1.752,1.781,1.841,1.908
2022-02-01,0.849,1.288,1.509,1.602,1.687,1.738,1.76,1.8007,1.858,1.9233
2022-02-02,0.843,1.289,1.491,1.587,1.651,1.699,1.735,1.76,1.8096,1.902
2022-02-03,0.871,1.338,1.542,1.653,1.716,1.764,1.792,1.818,1.864,1.955
2022-02-04,0.99,1.466,1.681,1.779,1.84,1.879,1.909,1.93,1.968,2.0272
2022-02-07,0.976,1.453,1.657,1.757,1.822,1.861,1.893,1.932,1.975,2.002
2022-02-08,1.002,1.5,1.708,1.81,1.87,1.911,1.943,1.969,2.0013,2.0393
2022-02-09,1.015,1.496,1.734,1.801,1.87,1.904,1.93,1.951,1.985,2.0177
2022-02-10,1.209,1.733,1.9108,1.987,2.0052,2.0227,2.054,2.065,2.095,2.105
2022-02-11,1.209,1.733,1.9108,1.987,2.0052,2.0227,2.054,2.065,2.095,2.105
2022-02-14,1.237,1.725,1.874,1.921,1.942,1.965,1.985,1.998,2.02,2.039
2022-02-15,1.238,1.751,1.908,1.964,2.0017,2.025,2.047,2.066,2.101,2.13
2022-02-16,1.216,1.7,1.876,1.942,1.978,2.027,2.051,2.074,2.115,2.1342
2022-02-17,1.191,1.666,1.816,1.871,1.912,1.94,1.967,2.001,2.043,2.107
2022-02-18,1.172,1.659,1.809,1.8523,1.8827,1.906,1.93,1.9538,1.999,2.0392
2022-02-21,1.155,1.669,1.802,1.851,1.882,1.923,1.946,1.965,2.002,2.028
2022-02-22,1.155,1.731,1.862,1.92,1.927,1.938,1.9509,1.9768,2.01,2.0382
2022-02-23,1.263,1.75,1.889,1.926,1.95,1.981,1.984,1.999,2.0349,2.0559
2022-02-24,1.209,1.7086,1.871,1.911,1.932,1.9342,1.9722,1.985,2.04,2.0655
2022-02-25,1.253,1.758,1.9079,1.937,1.9516,1.995,1.9996,2.033,2.0485,2.075
2022-02-28,1.135,1.628,1.7289,1.767,1.794,1.817,1.833,1.8592,1.912,1.958
2022-03-01,1.013,1.486,1.5776,1.625,1.646,1.6513,1.712,1.745,1.797,1.887
2022-03-02,1.189,1.635,1.77,1.788,1.815,1.835,1.857,1.886,1.933,1.982
2022-03-03,1.263,1.6665,1.781,1.797,1.804,1.827,1.848,1.873,1.918,1.986
2022-03-04,1.274,1.658,1.703,1.722,1.715,1.6912,1.733,1.753,1.803,1.8494
2022-03-07,1.32,1.727,1.768,1.788,1.783,1.789,1.77,1.767,1.813,1.872
2022-03-08,1.396,1.802,1.871,1.895,1.876,1.865,1.878,1.9022,1.9318,1.9178
2022-03-09,1.421,1.842,1.9306,1.968,1.934,1.957,1.969,1.986,2.013,2.0127
2022-03-10,1.478,1.905,1.99,2.004,2.005,2.013,2.027,2.045,2.077,2.0861
2022-03-11,1.504,1.949,2.016,2.02,2.024,2.018,2.027,2.043,2.065,2.0674
2022-03-14,1.584,2.056,2.148,2.166,2.1533,2.1553,2.176,2.193,2.211,2.171
2022-03-15,1.591,1.985,2.175,2.184,2.151,2.14,2.185,2.163,2.215,2.2368
2022-03-16,1.666,2.1857,2.2759,2.282,2.279,2.272,2.262,2.26,2.278,2.162
2022-03-17,1.646,2.161,2.268,2.257,2.237,2.244,2.252,2.251,2.278,2.2746
2022-03-18,1.671,2.187,2.277,2.252,2.233,2.214,2.22,2.218,2.244,2.2207
2022-03-21,1.816,2.368,2.473,2.439,2.3994,2.395,2.387,2.399,2.406,2.349
2022-03-22,1.831,2.388,2.485,2.468,2.463,2.457,2.4373,2.439,2.444,2.417
2022-03-23,1.822,2.339,2.438,2.435,2.411,2.383,2.377,2.388,2.407,2.342
2022-03-24,1.866,2.387,2.47,2.466,2.445,2.4173,2.4101,2.408,2.426,2.332
2022-03-25,1.955,2.528,2.643,2.661,2.627,2.62,2.579,2.57,2.567,2.425
2022-03-28,2.006,2.5889,2.6983,2.6668,2.6221,2.5963,2.581,2.576,2.543,2.385
2022-03-29,1.955,2.606,2.657,2.607,2.538,2.509,2.499,2.495,2.478,2.333
2022-03-30,1.924,2.5367,2.616,2.589,2.523,2.461,2.443,2.45,2.413,2.2805
2022-03-31,1.918,2.489,2.5775,2.5398,2.4652,2.4513,2.4142,2.423,2.407,2.229
2022-04-01,1.991,2.619,2.727,2.671,2.5882,2.528,2.489,2.495,2.455,2.238
2022-04-04,2.007,2.621,2.73,2.667,2.583,2.533,2.499,2.474,2.446,2.265
2022-04-05,2.068,2.702,2.827,2.784,2.721,2.67,2.631,2.603,2.587,2.3428
2022-04-06,2.07,2.705,2.825,2.789,2.741,2.698,2.672,2.658,2.633,2.408
2022-04-07,2.062,2.673,2.7794,2.7635,2.732,2.7,2.689,2.691,2.675,2.479
2022-04-08,2.062,2.673,2.7794,2.7635,2.732,2.7,2.689,2.691,2.675,2.479
2022-04-11,2.111,2.754,2.863,2.843,2.807,2.787,2.777,2.764,2.747,2.6376
2022-04-12,2.046,2.605,2.703,2.725,2.72,2.725,2.727,2.736,2.762,2.638
2022-04-13,2.044,2.5817,2.674,2.691,2.691,2.681,2.6944,2.7,2.7146,2.593
2022-04-14,2.129,2.694,2.803,2.831,2.829,2.838,2.849,2.856,2.87,2.699
2022-04-15,2.129,2.694,2.803,2.831,2.829,2.838,2.849,2.856,2.87,2.699
2022-04-18,2.114,2.715,2.801,2.832,2.827,2.829,2.833,2.848,2.877,2.716
2022-04-19,2.198,2.815,2.9147,2.9215,2.934,2.937,2.946,2.947,2.955,2.77
2022-04-20,2.243,2.825,2.927,2.92,2.9049,2.898,2.89,2.885,2.8808,2.6623
2022-04-21,2.367,2.959,3.0415,3.0348,3.019,2.995,2.977,2.965,2.948,2.7018
2020-07-05,NA,0.2244,0.2293,0.247,0.3095,0.38,0.453,0.519,0.633,0.924
2020-07-11,NA,0.203,0.215,0.259,0.321,0.39,0.455,0.512,0.609,0.851
2020-07-12,NA,0.187,NA,NA,NA,NA,0.46,0.519,0.619,NA
2020-07-19,NA,0.215,0.22,0.256,0.307,0.368,0.433,0.503,0.597,0.8575
2020-07-26,NA,0.19,0.197,0.237,0.285,0.348,0.406,0.458,0.556,0.7995
2020-08-02,NA,0.158,0.16,0.198,0.245,0.302,0.354,0.419,0.505,0.754
2020-08-08,NA,0.215,0.211,0.236,0.282,0.339,0.398,0.459,0.56,0.827
2020-08-09,NA,0.19,0.191,0.216,0.2765,0.324,0.388,0.445,0.547,0.8325
2020-08-15,NA,0.23,0.234,0.283,0.353,0.422,0.493,0.565,0.686,1.022
2020-08-16,NA,0.213,0.225,0.268,0.335,0.411,0.491,0.569,0.688,1.034
2020-08-23,NA,0.217,0.2255,0.254,0.305,0.37,0.439,0.491,0.61,0.9455
2020-08-29,NA,0.227,0.214,0.253,NA,0.393,0.478,0.562,0.705,1.103
2020-08-30,NA,0.205,0.2323,0.25,0.316,0.398,0.488,0.57,0.711,1.105
2020-09-06,NA,0.2285,0.2495,0.2933,0.3596,0.4368,0.5151,0.5897,0.7243,1.0908
2020-09-13,NA,0.188,0.206,0.24,0.297,0.369,0.452,0.5225,0.66,1.036
2020-09-20,NA,0.2182,0.2323,0.26,0.32,0.399,0.4765,0.5505,0.6805,1.069
2020-09-26,NA,0.203,0.224,0.2748,0.3361,0.408,0.4834,0.5558,0.6873,1.05
2020-09-27,NA,0.199,0.216,0.25,0.316,0.387,0.463,0.534,0.665,1.049
2020-10-03,NA,0.2152,0.2358,0.2814,0.3456,0.4194,0.4968,0.5729,0.7127,1.1183
2020-10-04,NA,0.2172,0.22,0.269,0.336,0.413,0.493,0.57,0.709,1.1183
2020-10-10,NA,0.2386,0.2744,0.3344,NA,0.4956,NA,0.6602,0.8083,NA
2020-10-11,NA,0.236,0.267,0.3344,0.4111,0.49,0.5807,0.6602,0.8083,1.215
2020-10-18,NA,0.2288,0.262,0.319,0.397,0.465,0.547,0.627,0.783,1.175
2020-10-24,NA,0.228,0.267,0.338,0.428,0.52,0.607,0.697,0.848,1.282
2020-10-25,NA,0.209,0.266,0.3265,0.414,0.5105,0.599,0.6825,0.8365,1.26
2020-10-31,NA,0.232,0.27,0.3496,0.4447,0.5467,0.6474,0.7398,0.8925,NA
2020-11-01,NA,0.2334,0.2752,0.3475,0.428,0.5471,0.621,0.7396,0.8547,1.2902
2020-11-07,NA,0.223,0.279,0.339,0.417,0.503,0.585,0.67,0.818,1.256
2020-11-08,NA,0.2253,0.269,0.324,0.4103,0.5023,0.594,0.6778,0.8273,1.262
2020-11-14,NA,0.24,0.292,0.359,0.445,0.536,0.63,0.719,0.868,1.295
2020-11-15,NA,0.252,0.3084,0.3791,0.448,0.5498,0.6427,0.726,0.873,1.2968
2020-11-21,NA,0.218,0.265,0.329,0.417,0.508,0.596,0.673,0.805,1.187
2020-11-22,NA,0.245,0.274,0.347,0.434,0.519,0.602,0.6692,0.8035,1.1868
2020-11-28,NA,0.227,0.272,0.3495,0.4311,0.523,0.603,0.6948,0.8386,1.2499
2020-11-29,NA,0.232,0.276,0.329,0.4193,0.5127,0.6035,0.691,0.839,1.2418
2020-12-06,NA,0.215,0.2573,0.366,0.478,0.5583,0.6835,0.767,0.95,1.4255
2020-12-12,NA,0.174,0.222,0.32,0.4233,0.5317,0.6353,0.7313,0.8943,1.327
2020-12-13,NA,0.1727,0.2168,0.3067,0.4075,0.52,0.6247,0.7207,0.883,1.3363
2020-12-19,NA,0.166,NA,NA,NA,NA,NA,NA,NA,NA
2020-12-20,NA,0.1855,0.2433,0.34,0.421,0.5368,0.6472,0.7457,0.9192,1.416
2020-12-27,NA,0.1852,0.2352,0.329,0.4313,0.5353,0.6515,0.7493,0.9275,1.3995
2021-01-03,NA,0.1963,0.2389,0.3233,0.421,0.5406,0.647,0.747,0.921,1.392
2021-01-10,NA,0.1898,0.27,0.391,0.5555,0.692,0.8085,0.9077,1.1033,1.586
2021-01-17,NA,0.2013,0.2641,0.3814,0.516,0.6588,0.779,0.9001,1.079,1.573
2021-01-24,NA,0.1765,0.247,0.3692,0.5128,0.6552,0.791,0.9045,1.1005,1.597
2021-01-30,NA,0.16,NA,NA,NA,NA,NA,NA,NA,NA
2021-01-31,NA,0.184,0.2298,0.3575,0.4998,0.648,0.7745,0.9003,1.09,1.602
2021-02-07,NA,0.1755,0.2595,0.399,0.57,0.723,0.8765,1.003,1.2195,1.7373
2021-02-13,NA,0.201,0.2905,0.4452,0.6145,0.7834,0.916,1.0688,1.2853,1.8059
2021-02-14,NA,0.193,0.2963,0.4492,0.61,0.7826,0.928,1.0691,1.273,1.808
2021-02-20,NA,0.185,0.3,0.486,0.678,0.864,1.035,1.177,1.396,1.902
2021-02-21,NA,0.1848,0.3035,0.4863,0.7052,0.8915,1.063,1.2023,1.426,1.899
2021-02-28,NA,0.2005,0.3695,0.607,0.806,0.9552,1.1058,1.2378,1.436,1.8485
2021-03-06,NA,0.21,0.406,0.66,0.894,1.097,1.267,1.405,1.616,2.025
2021-03-07,NA,0.232,0.4,0.664,0.892,1.094,1.264,1.4172,1.6267,2.0487
2021-03-13,NA,0.228,0.429,0.68,0.913,1.116,1.29,1.421,1.627,2.07
2021-03-14,NA,0.2572,0.4453,0.676,0.918,1.1138,1.2788,1.418,1.6363,2.0775
2021-03-21,NA,0.2581,0.4469,0.715,0.9485,1.194,1.3473,1.4663,1.709,2.1463
2021-03-27,NA,0.241,0.423,0.69,0.944,1.165,1.348,1.48,1.691,NA
2021-03-28,NA,0.244,0.428,0.692,0.933,1.151,1.329,1.465,1.681,2.126
2021-04-04,NA,0.2913,0.5417,0.798,1.0548,1.262,1.418,1.541,1.7232,2.117
2021-04-11,NA,0.266,0.477,0.733,0.9718,1.179,1.347,1.48,1.679,2.102
2021-04-17,NA,0.251,0.441,0.675,0.888,1.078,1.233,1.356,1.545,1.976
2021-04-18,NA,0.259,0.446,0.674,0.886,1.071,1.227,1.352,1.54,1.9673
2021-04-24,NA,0.2752,0.4689,0.7,0.9118,1.0976,1.2536,1.3763,1.5609,NA
2021-04-25,NA,0.2734,0.47,0.685,0.897,1.0762,1.235,1.359,1.543,1.955
2021-05-01,NA,0.254,0.458,0.697,0.92,1.118,1.284,1.413,1.603,NA
2021-05-02,NA,0.2612,0.4562,0.6965,0.93,1.1188,1.2882,1.415,1.6128,2.0443
2021-05-09,NA,0.223,0.399,0.628,0.846,1.041,1.207,1.339,1.538,1.983
2021-05-15,NA,0.239,0.423,0.662,0.88,1.076,1.243,1.375,1.569,2.016
2021-05-16,NA,0.239,0.431,0.663,0.885,1.083,1.249,1.381,1.579,2.014
2021-05-22,NA,0.232,0.434,0.671,0.887,1.08,1.245,1.375,1.567,2.002
2021-05-23,NA,0.231,0.429,0.672,0.884,1.079,1.245,1.377,1.572,2.006
2021-05-29,NA,0.2269,0.4241,NA,NA,NA,NA,NA,NA,NA
2021-05-30,NA,0.225,0.4188,0.6618,0.8783,1.0756,1.201,1.3691,1.5631,1.985
2021-06-05,NA,0.206,0.393,0.624,0.837,1.026,1.196,1.336,1.503,1.921
2021-06-06,NA,0.206,0.401,0.633,0.846,1.037,1.202,1.334,1.518,1.9403
2021-06-13,NA,0.2241,0.4089,0.608,0.802,0.971,1.119,1.239,1.416,1.828
2021-06-19,NA,0.3078,0.5402,0.7527,0.9209,1.0586,1.1704,1.2601,1.3943,NA
2021-06-20,NA,0.315,0.5378,0.7545,0.907,1.05,1.159,1.246,1.3785,1.6862
2021-06-26,NA,0.324,0.556,0.805,0.985,1.1327,1.2525,1.3459,1.4862,1.8246
2021-06-27,NA,0.316,0.556,0.781,0.963,1.113,1.234,1.325,1.468,1.812
2021-07-04,NA,0.3119,0.549,0.762,0.925,1.062,1.171,1.261,1.394,1.723
2021-07-11,NA,0.28,0.503,0.698,0.857,0.991,1.103,1.197,1.342,1.699
2021-07-18,NA,0.286,0.51,0.694,0.832,0.953,1.052,1.138,1.2385,1.5795
2021-07-24,NA,0.265,0.465,0.637,0.783,0.909,1.017,1.113,1.255,1.629
2021-07-25,NA,0.261,0.462,0.635,0.784,0.914,1.026,1.117,1.263,1.633
2021-08-01,NA,0.248,0.451,0.626,0.767,0.896,1.003,1.099,1.242,1.647
2021-08-08,NA,0.2858,0.5163,0.6952,0.841,0.965,1.0715,1.162,1.312,1.674
2021-08-15,NA,0.279,0.5085,0.706,0.842,0.964,1.058,1.14,1.269,1.6175
2021-08-22,NA,0.297,0.526,0.713,0.848,0.965,1.054,1.134,1.253,1.579
2021-08-29,NA,0.289,0.523,0.7128,0.8603,0.992,1.092,1.179,1.297,1.6305
2021-09-05,NA,0.291,0.516,0.708,0.864,0.992,1.102,1.191,1.328,1.66
2021-09-11,NA,0.302,0.533,0.735,0.885,1.02,1.129,1.214,1.347,1.66
2021-09-12,NA,0.304,0.538,0.729,0.894,1.022,1.129,1.213,1.348,1.661
2021-09-19,NA,0.303,0.557,0.77,0.9499,1.067,1.1732,1.251,1.379,1.6542
2021-09-26,NA,0.371,0.65,0.868,1.032,1.159,1.263,1.346,1.47,1.742
2021-10-03,NA,0.353,0.6068,0.823,0.992,1.128,1.24,1.327,1.4553,1.7497
2021-10-09,NA,0.4,0.713,0.946,1.127,1.273,1.393,1.481,1.613,1.9
2021-10-10,NA,0.422,0.719,0.954,1.139,1.285,1.402,1.491,1.627,NA
2021-10-16,NA,0.518,0.82,1.027,1.174,1.29,1.381,1.455,1.561,1.786
2021-10-17,NA,0.533,0.835,1.042,1.204,1.32,1.381,1.4638,1.576,1.803
2021-10-23,NA,0.603,0.913,1.114,1.255,1.368,1.459,1.527,1.629,1.836
2021-10-24,NA,0.61,0.9171,1.122,1.265,1.374,1.465,1.534,1.638,1.842
2021-10-31,NA,0.6952,0.9696,1.128,1.2402,1.3303,1.4102,1.4677,1.5605,1.7196
2021-11-07,NA,0.5899,0.8587,1.0182,1.1275,1.239,1.3159,1.379,1.4617,1.6612
2021-11-14,NA,0.7415,1.0044,1.2005,1.3109,1.398,1.4607,1.5035,1.6075,1.7468
2021-11-20,NA,0.738,1.033,1.198,1.312,1.392,1.455,1.495,1.57,1.699
2021-11-21,NA,0.7673,1.0642,1.2203,1.3241,1.405,1.471,1.515,1.582,1.7101
2021-11-27,NA,0.715,1.013,1.161,1.248,1.329,1.39,1.44,1.51,1.638
2021-11-28,NA,0.7081,1.015,1.166,1.257,1.339,1.399,1.446,1.5069,1.633
2021-12-05,NA,0.8333,1.074,1.1942,1.2554,1.3115,1.3598,1.3915,1.4446,1.5228
2021-12-11,NA,0.844,1.129,1.258,1.337,1.391,1.437,1.483,1.554,1.7
2021-12-12,NA,0.8467,1.1509,1.271,1.346,1.4155,1.4487,1.5045,1.5602,1.7029
2021-12-19,NA,0.8356,1.0411,1.186,1.2458,1.2752,1.3368,1.363,1.478,1.641
2021-12-26,NA,0.9084,1.1475,1.2443,1.3325,1.3783,1.4377,1.4722,1.5425,1.7082
2022-01-01,NA,0.914,1.148,1.265,1.337,1.403,1.459,1.497,1.564,NA
2022-01-02,NA,0.968,1.136,1.2533,1.3397,1.4013,1.4561,1.4993,1.5572,1.7034
2022-01-09,NA,1.0424,1.3187,1.491,1.5728,1.6328,1.6998,1.76,1.8061,1.9165
2022-01-16,NA,1.157,1.418,1.551,1.634,1.696,1.745,1.778,1.836,1.941
2022-01-22,NA,1.169,1.421,1.55,1.627,1.685,1.724,1.755,1.801,1.879
2022-01-23,NA,1.1869,1.454,1.5738,1.6385,1.698,1.7361,1.769,1.8124,1.8855
2022-01-30,NA,1.2951,1.5215,1.612,1.6894,1.7338,1.7548,1.791,1.8396,1.9051
2022-02-06,NA,1.4669,1.6996,1.7713,1.8262,1.8698,1.8943,1.9257,1.9536,2.0022
2022-02-13,NA,1.684,1.8597,1.9085,1.9248,1.9457,1.975,1.987,2.0182,2.0448
2022-02-19,NA,1.658,1.802,1.851,1.882,1.914,1.918,1.951,1.983,2.028
2022-02-20,NA,1.669,1.802,1.851,1.882,1.923,1.946,1.965,2.002,2.028
2022-02-26,NA,1.735,1.879,1.921,1.946,1.966,1.987,2.001,2.037,2.055
2022-02-27,NA,1.7365,1.8888,1.918,1.9343,1.9482,1.9778,1.9992,2.0233,2.069
2022-03-05,NA,1.646,1.718,1.722,1.716,1.727,1.744,1.763,1.802,NA
2022-03-06,NA,1.6534,1.727,1.728,1.6945,1.741,1.758,1.779,1.7809,NA
2022-03-13,NA,1.9754,2.0291,2.026,2.018,2.024,2.032,2.0822,2.0631,2.063
2022-03-19,NA,2.17,2.279,2.252,2.215,2.216,2.216,2.22,2.236,NA
2022-03-20,NA,2.1846,2.2668,2.247,2.2207,2.1983,2.2146,2.2102,2.2401,2.2251
2022-03-27,NA,2.5245,2.6414,2.6298,2.6053,2.5873,2.562,2.559,2.5343,2.4028
2022-04-03,NA,2.696,2.782,2.72,2.643,2.568,2.523,2.495,2.449,2.254
2022-04-10,NA,2.7714,2.883,2.852,2.805,2.779,2.761,2.7535,2.7533,2.545
2022-04-17,NA,2.724,2.829,2.837,2.836,2.843,2.85,2.858,2.875,2.719
2022-04-22,NA,3.007,3.092,3.0462,3.019,2.992,2.967,2.948,2.94,2.7143
2021-02-06,NA,NA,0.255,0.4223,0.5796,0.7436,0.8944,1.0259,1.2347,NA
2022-02-05,NA,NA,1.672,NA,NA,NA,1.894,1.917,NA,NA
2022-03-26,NA,NA,2.616,NA,NA,NA,NA,2.555,NA,NA
2020-07-04,NA,NA,NA,0.2689,0.3271,0.3979,0.469,0.5341,0.6455,NA
2020-08-22,NA,NA,NA,0.2609,NA,0.3799,0.4461,0.5098,0.6286,NA
2020-09-19,NA,NA,NA,0.2797,0.3438,0.4168,0.4931,0.5671,0.7024,NA
2020-10-17,NA,NA,NA,0.3234,0.4004,0.4805,0.5603,0.6388,0.7802,NA
2021-03-20,NA,NA,NA,0.7169,0.967,1.1914,1.3763,1.521,1.7343,2.1681
2021-07-03,NA,NA,NA,0.7672,0.9311,1.0662,1.1781,1.2688,1.4043,1.7291
2021-11-13,NA,NA,NA,1.178,NA,1.381,1.449,NA,NA,NA
2022-01-29,NA,NA,NA,1.609,1.658,1.711,NA,1.777,NA,1.889
2021-01-16,NA,NA,NA,NA,NA,0.6584,0.771,0.9003,1.071,NA
2022-03-12,NA,NA,NA,NA,NA,2.016,NA,2.039,NA,NA
2021-02-27,NA,NA,NA,NA,NA,NA,1.123,1.251,1.444,NA
2021-12-25,NA,NA,NA,NA,NA,NA,1.442,NA,1.551,NA
2022-01-08,NA,NA,NA,NA,NA,NA,NA,NA,NA,1.921
